# Blender v2.91.2 OBJ File: ''
# www.blender.org
mtllib rhinoceros_beetle.mtl
o desirefx_me_1_mesh0_mesh0000
v -1.706127 -0.818325 -3.019285
v -1.518984 -0.764181 -2.807271
v -1.637300 -0.727189 -2.730359
v -1.814579 -0.775825 -2.964901
v -1.841679 -0.840507 -3.191291
v -1.743548 -0.623392 -2.672807
v -1.921350 -0.802910 -3.165143
v -1.983896 -0.887359 -3.415002
v -1.911487 -0.697644 -2.920337
v -2.038874 -0.865670 -3.397405
v -2.000969 -0.906657 -3.425697
v -1.991081 -0.577060 -2.908745
v -1.819597 -0.486070 -2.660370
v -1.860990 -0.350150 -2.705123
v -2.056084 -0.890387 -3.415456
v -2.027156 -0.973003 -3.421741
v -1.981534 -0.448280 -2.971662
v -1.747752 -0.214621 -2.828213
v -2.106809 -0.920386 -3.442371
v -2.056767 -0.972830 -3.518380
v -2.118816 -0.781952 -3.410969
v -2.145777 -0.931158 -3.499620
v -2.009171 -0.726554 -3.162360
v -2.185685 -0.814377 -3.486219
v -2.109848 -0.626774 -3.146964
v -2.142167 -0.699721 -3.426775
v -2.105335 -0.500099 -3.186666
v -1.919765 -0.357365 -3.045324
v -1.611972 -0.199252 -2.975239
v -2.215216 -0.712361 -3.497994
v -2.145769 -0.566648 -3.456354
v -2.024821 -0.406451 -3.257721
v -1.819065 -0.315814 -3.151377
v -1.642359 -0.375357 -3.255705
v -1.388518 -0.261552 -3.104990
v -1.928717 -0.358375 -3.330417
v -1.548347 -0.511103 -3.263578
v -1.322453 -0.413624 -3.108447
v -1.311980 -0.610296 -3.034212
v -1.793958 -0.451383 -3.384425
v -1.696052 -0.561201 -3.396741
v -1.933671 -0.497804 -3.585719
v -2.110291 -0.457875 -3.495216
v -2.047053 -0.403264 -3.528148
v -2.209363 -0.568483 -3.548751
v -2.084210 -0.426567 -3.611126
v -2.262587 -0.732526 -3.645215
v -2.165133 -0.457085 -3.586730
v -2.264872 -0.584162 -3.713389
v -2.244305 -0.845974 -3.633112
v -2.293311 -0.748808 -3.740165
v -2.230341 -0.476250 -3.736819
v -2.161613 -0.940110 -3.647809
v -2.081326 -0.977714 -3.663750
v -2.113930 -0.988600 -3.756162
v -2.275174 -0.859873 -3.727064
v -2.193305 -0.948453 -3.734896
v -2.145629 -1.004646 -3.847489
v -2.323127 -0.765040 -3.834657
v -2.232391 -0.968225 -3.816619
v -2.204743 -1.019845 -3.995207
v -2.311881 -0.876303 -3.817768
v -2.285024 -1.010002 -3.968456
v -2.253410 -1.096211 -4.108762
v -2.357507 -0.920604 -3.985081
v -2.333261 -1.070348 -4.083627
v -2.322711 -1.189652 -4.257394
v -2.387436 -0.976377 -4.108778
v -2.368791 -0.807109 -4.012689
v -2.376305 -0.882556 -4.134809
v -2.427601 -1.048715 -4.207274
v -2.403000 -1.162768 -4.234110
v -2.456629 -1.352301 -4.527984
v -2.412690 -0.960809 -4.267837
v -2.534309 -1.295732 -4.537766
v -2.505179 -1.342353 -4.512893
v -2.567565 -1.529998 -4.792500
v -2.623940 -1.498667 -4.796526
v -2.603189 -1.528753 -4.782647
v -2.624754 -1.614307 -4.955603
v -2.609817 -1.613421 -4.958322
v -2.632840 -1.602520 -4.962060
v -2.622732 -1.619011 -4.981112
v -2.613883 -1.618579 -4.986099
v -2.615433 -1.618620 -4.994978
v -2.619977 -1.620875 -4.997922
v -2.627100 -1.613292 -4.988306
v -2.625950 -1.467945 -4.820860
v -2.623448 -1.614913 -4.996797
v -2.561725 -1.235453 -4.601159
v -2.618082 -1.614703 -5.000000
v -2.615433 -1.618620 -4.994978
v -2.622205 -1.610768 -4.996443
v -2.632158 -1.590308 -4.971204
v -2.616022 -1.609067 -4.997984
v -2.612633 -1.613787 -4.995699
v -2.613883 -1.618579 -4.986099
v -2.623466 -1.582379 -4.979156
v -2.601652 -1.604180 -4.966202
v -2.609817 -1.613421 -4.958322
v -2.600291 -1.591933 -4.972855
v -2.546102 -1.507786 -4.814599
v -2.567565 -1.529998 -4.792500
v -2.604164 -1.567342 -4.964981
v -2.429449 -1.316982 -4.568115
v -2.456629 -1.352301 -4.527984
v -2.322711 -1.189652 -4.257394
v -2.542965 -1.478916 -4.839913
v -2.242399 -1.084308 -4.265379
v -2.253410 -1.096211 -4.108762
v -2.428360 -1.270219 -4.608066
v -2.169312 -1.026499 -4.145607
v -2.565413 -1.451687 -4.856206
v -2.604011 -1.438918 -4.860488
v -2.522146 -1.208867 -4.660619
v -2.459463 -1.225849 -4.638480
v -2.363312 -0.928870 -4.361679
v -2.284050 -0.962277 -4.342289
v -2.219029 -1.002250 -4.273104
v -2.303918 -0.806385 -4.264925
v -2.195179 -0.866712 -4.229454
v -2.333907 -0.805946 -4.248155
v -2.274214 -0.806279 -4.263687
v -2.298352 -0.726565 -4.260446
v -2.361363 -0.771705 -4.158094
v -2.317762 -0.716165 -4.257895
v -2.343250 -0.700423 -4.201630
v -2.338408 -0.660794 -4.071382
v -2.314598 -0.646288 -4.208755
v -2.317139 -0.670174 -4.335537
v -2.277117 -0.714562 -4.262359
v -2.257921 -0.654462 -4.226727
v -2.211297 -0.771484 -4.218135
v -2.245169 -0.705185 -4.235798
v -2.275123 -0.620778 -4.176003
v -2.174870 -0.694399 -4.139322
v -2.238214 -0.595426 -4.100544
v -2.139647 -0.791415 -4.125191
v -2.046554 -0.679500 -3.960236
v -2.025295 -0.769716 -3.960267
v -2.135158 -0.904682 -4.087127
v -2.158468 -0.947459 -4.191190
v -2.153347 -0.973706 -4.032001
v -2.204743 -1.019845 -3.995207
v -2.034092 -0.878427 -3.928828
v -2.083259 -0.950137 -3.879965
v -2.145629 -1.004646 -3.847489
v -1.983369 -0.758622 -3.864389
v -1.989872 -0.867958 -3.831863
v -2.048871 -0.937435 -3.783130
v -2.113930 -0.988600 -3.756162
v -2.081326 -0.977714 -3.663750
v -1.955580 -0.852731 -3.730848
v -2.007032 -0.932738 -3.687516
v -1.963256 -0.920272 -3.558083
v -2.056767 -0.972830 -3.518380
v -1.925141 -0.825108 -3.600294
v -1.955287 -0.747864 -3.762603
v -1.917747 -0.727061 -3.639489
v -1.952314 -0.916000 -3.520794
v -2.027156 -0.973003 -3.421741
v -1.900226 -0.809733 -3.518108
v -1.950523 -0.902204 -3.473014
v -2.000969 -0.906657 -3.425697
v -1.923452 -0.860701 -3.471443
v -1.983896 -0.887359 -3.415002
v -1.868233 -0.718229 -3.570843
v -1.666096 -0.703725 -3.355856
v -1.733675 -0.807371 -3.272954
v -1.841679 -0.840507 -3.191291
v -1.706127 -0.818325 -3.019285
v -1.442326 -0.734641 -2.921296
v -1.518984 -0.764181 -2.807271
v -1.601043 -0.777813 -3.105596
v -1.531816 -0.661877 -3.202138
v -1.869208 -0.618022 -3.597410
v -1.928658 -0.635282 -3.659087
v -1.985384 -0.528762 -3.649595
v -2.025612 -0.537279 -3.778856
v -1.979643 -0.648559 -3.777754
v -2.006137 -0.661720 -3.872373
v -2.060954 -0.539397 -3.867908
v -2.142261 -0.458549 -3.741696
v -2.128633 -0.513748 -3.946570
v -2.192157 -0.440785 -3.873954
v -2.262336 -0.509173 -3.802891
v -2.211764 -0.444094 -3.935076
v -2.270717 -0.619129 -3.801249
v -2.234004 -0.515855 -3.884732
v -2.274927 -0.654291 -3.888591
v -2.191131 -0.520987 -3.933211
v -2.211828 -0.565004 -4.020151
v -0.211612 -0.818325 -3.019285
v -0.280441 -0.727189 -2.730359
v -0.398757 -0.764181 -2.807271
v -0.103162 -0.775825 -2.964901
v -0.076062 -0.840507 -3.191291
v -0.174191 -0.623392 -2.672807
v 0.003610 -0.802910 -3.165143
v 0.066154 -0.887359 -3.415002
v -0.006254 -0.697644 -2.920337
v 0.073339 -0.577060 -2.908745
v -0.098143 -0.486070 -2.660370
v -0.056751 -0.350150 -2.705123
v 0.121134 -0.865670 -3.397405
v 0.083229 -0.906657 -3.425697
v 0.063793 -0.448280 -2.971662
v -0.169988 -0.214621 -2.828213
v 0.138343 -0.890387 -3.415456
v 0.109416 -0.973003 -3.421741
v 0.201075 -0.781952 -3.410969
v 0.189069 -0.920386 -3.442371
v 0.139025 -0.972830 -3.518380
v 0.091431 -0.726554 -3.162360
v 0.228036 -0.931158 -3.499620
v 0.192107 -0.626774 -3.146964
v 0.224426 -0.699721 -3.426775
v 0.187595 -0.500099 -3.186666
v 0.002023 -0.357365 -3.045324
v -0.305769 -0.199252 -2.975239
v 0.228028 -0.566648 -3.456354
v 0.107080 -0.406451 -3.257721
v -0.098675 -0.315814 -3.151377
v 0.297476 -0.712361 -3.497994
v -0.275383 -0.375357 -3.255705
v -0.529223 -0.261552 -3.104990
v 0.267945 -0.814377 -3.486219
v 0.344846 -0.732526 -3.645215
v 0.326564 -0.845974 -3.633112
v 0.291621 -0.568483 -3.548751
v 0.243871 -0.940110 -3.647809
v 0.163585 -0.977714 -3.663750
v 0.196190 -0.988600 -3.756162
v 0.275564 -0.948453 -3.734896
v 0.227889 -1.004646 -3.847489
v 0.357434 -0.859873 -3.727064
v 0.314650 -0.968225 -3.816619
v 0.287002 -1.019845 -3.995207
v 0.394140 -0.876303 -3.817768
v 0.375570 -0.748808 -3.740165
v 0.405387 -0.765040 -3.834657
v 0.347131 -0.584162 -3.713389
v 0.352976 -0.619129 -3.801249
v 0.451050 -0.807109 -4.012689
v 0.247391 -0.457085 -3.586730
v 0.439766 -0.920604 -3.985081
v 0.357186 -0.654291 -3.888591
v 0.367284 -1.010002 -3.968456
v 0.335671 -1.096211 -4.108762
v 0.415520 -1.070348 -4.083627
v 0.404969 -1.189652 -4.257394
v 0.469695 -0.976377 -4.108778
v 0.485259 -1.162768 -4.234110
v 0.538889 -1.352301 -4.527984
v 0.509860 -1.048715 -4.207274
v 0.458565 -0.882556 -4.134809
v 0.494949 -0.960809 -4.267837
v 0.616568 -1.295732 -4.537766
v 0.587438 -1.342353 -4.512893
v 0.649823 -1.529998 -4.792500
v 0.706198 -1.498667 -4.796526
v 0.685447 -1.528753 -4.782647
v 0.707013 -1.614307 -4.955603
v 0.692075 -1.613421 -4.958322
v 0.715100 -1.602520 -4.962060
v 0.704991 -1.619011 -4.981112
v 0.696141 -1.618579 -4.986099
v 0.697694 -1.618620 -4.994978
v 0.702236 -1.620875 -4.997922
v 0.700341 -1.614703 -5.000000
v 0.709358 -1.613292 -4.988306
v 0.705707 -1.614913 -4.996797
v 0.704465 -1.610768 -4.996443
v 0.714418 -1.590308 -4.971204
v 0.698282 -1.609067 -4.997984
v 0.694892 -1.613787 -4.995699
v 0.697694 -1.618620 -4.994978
v 0.696141 -1.618579 -4.986099
v 0.683911 -1.604180 -4.966202
v 0.692075 -1.613421 -4.958322
v 0.682550 -1.591933 -4.972855
v 0.628361 -1.507786 -4.814599
v 0.649823 -1.529998 -4.792500
v 0.705724 -1.582379 -4.979156
v 0.511708 -1.316982 -4.568115
v 0.538889 -1.352301 -4.527984
v 0.404969 -1.189652 -4.257394
v 0.625224 -1.478916 -4.839913
v 0.324658 -1.084308 -4.265379
v 0.335671 -1.096211 -4.108762
v 0.510618 -1.270219 -4.608066
v 0.686424 -1.567342 -4.964981
v 0.647672 -1.451687 -4.856206
v 0.686270 -1.438918 -4.860488
v 0.708211 -1.467945 -4.820860
v 0.604406 -1.208867 -4.660619
v 0.643984 -1.235453 -4.601159
v 0.541723 -1.225849 -4.638480
v 0.445572 -0.928870 -4.361679
v 0.366309 -0.962277 -4.342289
v 0.386177 -0.806385 -4.264925
v 0.416166 -0.805946 -4.248155
v 0.301288 -1.002250 -4.273104
v 0.443622 -0.771705 -4.158094
v 0.251571 -1.026499 -4.145607
v 0.420667 -0.660794 -4.071382
v 0.425508 -0.700423 -4.201630
v 0.400021 -0.716165 -4.257895
v 0.396857 -0.646288 -4.208755
v 0.380611 -0.726565 -4.260446
v 0.399399 -0.670174 -4.335537
v 0.356472 -0.806279 -4.263687
v 0.359376 -0.714562 -4.262359
v 0.357383 -0.620778 -4.176003
v 0.340180 -0.654462 -4.226727
v 0.327428 -0.705185 -4.235798
v 0.320472 -0.595426 -4.100544
v 0.257129 -0.694399 -4.139322
v 0.293555 -0.771484 -4.218135
v 0.294088 -0.565004 -4.020151
v 0.277437 -0.866712 -4.229454
v 0.221907 -0.791415 -4.125191
v 0.240728 -0.947459 -4.191190
v 0.217417 -0.904682 -4.087127
v 0.235605 -0.973706 -4.032001
v 0.287002 -1.019845 -3.995207
v 0.107553 -0.769716 -3.960267
v 0.116352 -0.878427 -3.928828
v 0.165519 -0.950137 -3.879965
v 0.227889 -1.004646 -3.847489
v 0.065629 -0.758622 -3.864389
v 0.131130 -0.937435 -3.783130
v 0.196190 -0.988600 -3.756162
v 0.072130 -0.867958 -3.831863
v 0.163585 -0.977714 -3.663750
v 0.128813 -0.679500 -3.960236
v 0.089292 -0.932738 -3.687516
v 0.210892 -0.513748 -3.946570
v 0.037839 -0.852731 -3.730848
v 0.045516 -0.920272 -3.558083
v 0.139025 -0.972830 -3.518380
v 0.007400 -0.825108 -3.600294
v 0.037546 -0.747864 -3.762603
v 0.000007 -0.727061 -3.639489
v 0.088397 -0.661720 -3.872373
v 0.061903 -0.648559 -3.777754
v 0.143214 -0.539397 -3.867908
v 0.010917 -0.635282 -3.659087
v 0.107872 -0.537279 -3.778856
v 0.274415 -0.440785 -3.873954
v 0.224519 -0.458549 -3.741696
v 0.067645 -0.528762 -3.649595
v 0.294023 -0.444094 -3.935076
v 0.166469 -0.426567 -3.611126
v 0.273391 -0.520987 -3.933211
v 0.316262 -0.515855 -3.884732
v 0.344597 -0.509173 -3.802891
v 0.312600 -0.476250 -3.736819
v 0.192551 -0.457875 -3.495216
v 0.129314 -0.403264 -3.528148
v 0.010978 -0.358375 -3.330417
v 0.015932 -0.497804 -3.585719
v -0.123782 -0.451383 -3.384425
v -0.048532 -0.618022 -3.597410
v -0.221689 -0.561201 -3.396741
v -0.049506 -0.718229 -3.570843
v -0.369394 -0.511103 -3.263578
v -0.595289 -0.413624 -3.108447
v -0.605761 -0.610296 -3.034212
v -0.251643 -0.703725 -3.355856
v -0.017514 -0.809733 -3.518108
v -0.385925 -0.661877 -3.202138
v 0.034574 -0.916000 -3.520794
v 0.109416 -0.973003 -3.421741
v 0.032783 -0.902204 -3.473014
v 0.083229 -0.906657 -3.425697
v 0.005712 -0.860701 -3.471443
v 0.066154 -0.887359 -3.415002
v -0.184065 -0.807371 -3.272954
v -0.076062 -0.840507 -3.191291
v -0.211612 -0.818325 -3.019285
v -0.316699 -0.777813 -3.105596
v -0.475415 -0.734641 -2.921296
v -0.398757 -0.764181 -2.807271
v -0.385225 -0.609179 -0.488232
v -0.651011 -0.453767 -0.746867
v -0.622972 -0.419651 -0.786197
v -0.399303 -0.644652 -0.460452
v -0.274888 -0.673160 -0.285461
v -0.681267 -0.447271 -0.690775
v -0.291889 -0.695669 -0.275254
v -0.184521 -0.677386 -0.037954
v -0.429543 -0.648286 -0.425328
v -0.437107 -0.612573 -0.408787
v -0.683402 -0.404273 -0.667605
v -0.311937 -0.692096 -0.254961
v -0.192256 -0.687030 -0.038691
v -0.200607 -0.685345 -0.034956
v -0.148001 -0.658292 0.101293
v -0.315773 -0.668387 -0.248146
v -0.204292 -0.678275 -0.034103
v -0.199647 -0.667536 -0.037297
v -0.302557 -0.643044 -0.249969
v -0.412980 -0.576103 -0.415347
v -0.663600 -0.347525 -0.700193
v -0.281688 -0.634730 -0.264815
v -0.400433 -0.556419 -0.451214
v -0.629100 -0.332281 -0.758593
v -0.191123 -0.661653 -0.038788
v -0.183034 -0.667859 -0.039599
v -0.184521 -0.677386 -0.037954
v -0.274888 -0.673160 -0.285461
v -0.270920 -0.647575 -0.280425
v -0.385225 -0.609179 -0.488232
v -0.388700 -0.570198 -0.487526
v -0.622972 -0.419651 -0.786197
v -0.611322 -0.364841 -0.792276
v -1.300105 -0.453767 -0.746867
v -1.565891 -0.609179 -0.488232
v -1.328142 -0.419651 -0.786197
v -1.551812 -0.644652 -0.460452
v -1.676228 -0.673160 -0.285461
v -1.269847 -0.447271 -0.690775
v -1.659225 -0.695669 -0.275254
v -1.766593 -0.677386 -0.037954
v -1.521573 -0.648286 -0.425328
v -1.514009 -0.612573 -0.408787
v -1.267715 -0.404273 -0.667605
v -1.639179 -0.692096 -0.254961
v -1.758858 -0.687030 -0.038691
v -1.750510 -0.685345 -0.034956
v -1.802063 -0.657544 0.104879
v -1.635341 -0.668387 -0.248146
v -1.746825 -0.678275 -0.034103
v -1.538136 -0.576103 -0.415347
v -1.287517 -0.347525 -0.700193
v -1.648557 -0.643044 -0.249969
v -1.751468 -0.667536 -0.037297
v -1.669426 -0.634730 -0.264815
v -1.550683 -0.556419 -0.451214
v -1.322016 -0.332281 -0.758593
v -1.759995 -0.661653 -0.038788
v -1.562418 -0.570198 -0.487526
v -1.339792 -0.364841 -0.792276
v -1.328142 -0.419651 -0.786197
v -1.565891 -0.609179 -0.488232
v -1.680197 -0.647575 -0.280425
v -1.676228 -0.673160 -0.285461
v -1.768080 -0.667859 -0.039599
v -1.766593 -0.677386 -0.037954
v -1.488966 -0.403809 -0.298620
v -1.448087 -0.243626 -0.491291
v -1.403054 -0.333830 -0.529287
v -1.527252 -0.309756 -0.273877
v -1.412987 -0.157692 -0.415499
v -1.549364 -0.441070 -0.057091
v -1.494788 -0.250792 -0.235707
v -1.592700 -0.359854 -0.047653
v -1.582762 -0.435758 0.161476
v -1.355032 -0.150374 -0.368331
v -1.622978 -0.389037 0.173637
v -1.606941 -0.443837 0.340544
v -1.569453 -0.312721 -0.026602
v -1.443026 -0.257947 -0.211151
v -1.645066 -0.403020 0.348417
v -1.620975 -0.339438 0.189857
v -1.521118 -0.323794 -0.006542
v -1.646621 -0.502188 0.643883
v -1.618592 -0.526548 0.657869
v -1.645977 -0.375278 0.362037
v -1.571506 -0.339565 0.207219
v -1.631027 -0.591954 0.853461
v -1.613198 -0.610927 0.863766
v -1.651200 -0.477731 0.671224
v -1.610630 -0.350462 0.365606
v -1.615243 -0.638534 0.969378
v -1.611248 -0.659473 0.976399
v -1.584253 -0.734147 1.097870
v -1.633109 -0.575924 0.876949
v -1.610842 -0.633838 0.986643
v -1.607042 -0.615944 0.969340
v -1.616628 -0.549545 0.873607
v -1.630058 -0.455697 0.684142
v -1.600024 -0.471805 0.684552
v -1.598289 -0.575270 0.874895
v -1.598016 -0.632865 0.979464
v -1.590899 -0.646208 0.967570
v -1.597893 -0.655393 0.952353
v -1.611248 -0.659473 0.976399
v -1.613198 -0.610927 0.863766
v -1.593833 -0.593463 0.865014
v -1.599950 -0.602249 0.853347
v -1.618592 -0.526548 0.657869
v -1.588607 -0.496995 0.679445
v -1.591743 -0.522625 0.666293
v -1.565207 -0.457435 0.346948
v -1.606941 -0.443837 0.340544
v -1.582762 -0.435758 0.161476
v -1.550124 -0.415143 0.361930
v -1.564425 -0.382291 0.370551
v -1.530807 -0.371068 0.180480
v -1.513493 -0.412015 0.178570
v -1.470325 -0.365843 -0.008483
v -1.528210 -0.457909 0.166757
v -1.549364 -0.441070 -0.057091
v -1.453624 -0.414436 -0.018246
v -1.385787 -0.316062 -0.203850
v -1.268224 -0.237737 -0.362711
v -1.486102 -0.477837 -0.045887
v -1.488966 -0.403809 -0.298620
v -1.362482 -0.390286 -0.223964
v -1.260230 -0.354960 -0.426562
v -1.407305 -0.460667 -0.274544
v -1.403054 -0.333830 -0.529287
v -1.309199 -0.392794 -0.498355
v -0.428776 -0.403809 -0.298620
v -0.514688 -0.333830 -0.529287
v -0.469655 -0.243626 -0.491291
v -0.390487 -0.309756 -0.273877
v -0.368377 -0.441070 -0.057091
v -0.504754 -0.157692 -0.415499
v -0.325040 -0.359854 -0.047653
v -0.334980 -0.435758 0.161476
v -0.422951 -0.250792 -0.235707
v -0.562709 -0.150374 -0.368331
v -0.294763 -0.389037 0.173637
v -0.310798 -0.443837 0.340544
v -0.348288 -0.312721 -0.026602
v -0.474715 -0.257947 -0.211151
v -0.272676 -0.403020 0.348417
v -0.296766 -0.339438 0.189857
v -0.396622 -0.323794 -0.006542
v -0.271120 -0.502188 0.643883
v -0.299150 -0.526548 0.657869
v -0.271765 -0.375278 0.362037
v -0.286715 -0.591954 0.853461
v -0.304543 -0.610927 0.863766
v -0.266541 -0.477731 0.671224
v -0.346236 -0.339565 0.207219
v -0.302496 -0.638534 0.969378
v -0.306493 -0.659473 0.976399
v -0.333488 -0.734147 1.097870
v -0.284631 -0.575924 0.876949
v -0.306899 -0.633838 0.986643
v -0.310699 -0.615944 0.969340
v -0.301112 -0.549545 0.873607
v -0.307111 -0.350462 0.365606
v -0.287683 -0.455697 0.684142
v -0.317717 -0.471805 0.684552
v -0.319453 -0.575270 0.874895
v -0.353316 -0.382291 0.370551
v -0.386933 -0.371068 0.180480
v -0.367616 -0.415143 0.361930
v -0.447414 -0.365843 -0.008483
v -0.404248 -0.412015 0.178570
v -0.531954 -0.316062 -0.203850
v -0.649518 -0.237737 -0.362711
v -0.464118 -0.414436 -0.018246
v -0.555259 -0.390286 -0.223964
v -0.657511 -0.354960 -0.426562
v -0.389529 -0.457909 0.166757
v -0.510437 -0.460667 -0.274544
v -0.608542 -0.392794 -0.498355
v -0.514688 -0.333830 -0.529287
v -0.428776 -0.403809 -0.298620
v -0.431639 -0.477837 -0.045887
v -0.368377 -0.441070 -0.057091
v -0.334980 -0.435758 0.161476
v -0.352535 -0.457435 0.346948
v -0.310798 -0.443837 0.340544
v -0.299150 -0.526548 0.657869
v -0.325999 -0.522625 0.666293
v -0.329134 -0.496995 0.679445
v -0.317791 -0.602249 0.853347
v -0.304543 -0.610927 0.863766
v -0.319847 -0.655393 0.952353
v -0.306493 -0.659473 0.976399
v -0.323906 -0.593463 0.865014
v -0.326843 -0.646208 0.967570
v -0.319726 -0.632865 0.979464
v -1.389693 -0.202631 0.235716
v -1.338391 -0.265159 0.150765
v -1.314641 -0.256079 0.167782
v -1.372629 -0.201777 0.274463
v -1.342124 -0.012228 0.328117
v -1.267942 -0.266824 0.269225
v -1.386508 -0.042576 0.405992
v -1.283643 0.088306 0.398314
v -1.368954 -0.206304 0.377527
v -1.242052 -0.294241 0.339607
v -1.285034 0.083479 0.418860
v -1.157974 0.184904 0.467704
v -1.374128 -0.016714 0.448364
v -1.331964 -0.188266 0.497192
v -1.193721 -0.339981 0.412748
v -1.354305 -0.054553 0.506477
v -1.313734 0.062488 0.477041
v -1.154375 0.164317 0.502215
v -1.091512 0.226581 0.515980
v -1.319218 -0.011409 0.551538
v -1.197910 0.127572 0.555241
v -1.083914 0.201071 0.546398
v -1.056778 0.245528 0.535549
v -1.062056 0.262502 0.546233
v -1.029938 0.261721 0.584420
v -1.034300 0.276634 0.591759
v -0.958870 0.276818 0.632174
v -1.118731 0.173528 0.615687
v -0.958870 0.264966 0.627335
v -1.031717 0.226410 0.612599
v -0.958870 0.240840 0.644992
v -0.887803 0.261721 0.584420
v -0.883440 0.276634 0.591759
v -0.855685 0.262502 0.546233
v -0.860963 0.245528 0.535549
v -0.826229 0.226581 0.515980
v -0.833827 0.201071 0.546398
v -0.886024 0.226410 0.612599
v -0.763366 0.164317 0.502215
v -0.759768 0.184904 0.467704
v -0.799010 0.173528 0.615687
v -0.632706 0.083479 0.418860
v -0.634099 0.088306 0.398314
v -0.719831 0.127572 0.555241
v -0.604007 0.062488 0.477041
v -0.531233 -0.042576 0.405992
v -0.575617 -0.012228 0.328117
v -0.543613 -0.016714 0.448364
v -0.598522 -0.011409 0.551538
v -0.545111 -0.201777 0.274463
v -0.528049 -0.202631 0.235716
v -0.603098 -0.256079 0.167782
v -0.579350 -0.265159 0.150765
v -0.649797 -0.266824 0.269225
v -0.548786 -0.206304 0.377527
v -0.675689 -0.294241 0.339607
v -0.563437 -0.054553 0.506477
v -0.585777 -0.188266 0.497192
v -0.724020 -0.339981 0.412748
v -0.607642 -0.146920 0.576970
v -0.693413 -0.282605 0.509997
v -0.750547 -0.412413 0.482264
v -0.684196 -0.044069 0.703234
v -0.734947 -0.350984 0.551284
v -0.771822 -0.480760 0.551332
v -0.677547 0.060892 0.639400
v -0.749769 -0.429826 0.619714
v -0.765713 0.116316 0.699189
v -0.769768 -0.504483 0.654026
v -0.797262 -0.558634 0.622269
v -0.790781 -0.311862 0.610741
v -0.795182 -0.432789 0.683136
v -0.803921 -0.614070 0.699596
v -0.811487 -0.635604 0.675185
v -0.836766 -0.679521 0.707411
v -0.809381 -0.501950 0.710029
v -0.859257 -0.426152 0.695729
v -0.734021 -0.200911 0.609746
v -0.888958 -0.304484 0.640625
v -0.761714 -0.087457 0.686226
v -0.876539 -0.193102 0.675361
v -0.769031 0.018094 0.775071
v -0.862370 -0.012878 0.746752
v -0.853013 0.054053 0.804696
v -0.879937 -0.096241 0.700196
v -0.958870 0.003511 0.761437
v -0.855117 0.143875 0.728969
v -0.958870 -0.182906 0.692480
v -0.958870 0.066935 0.816696
v -0.958870 -0.093395 0.711655
v -0.958870 -0.282766 0.645445
v -1.037803 -0.096241 0.700196
v -1.041203 -0.193102 0.675361
v -0.958870 -0.396321 0.687807
v -1.055372 -0.012878 0.746752
v -0.904514 -0.420476 0.701938
v -1.028781 -0.304484 0.640625
v -0.863882 -0.500123 0.732348
v -0.919048 -0.514074 0.690278
v -0.861749 -0.592993 0.745691
v -0.820791 -0.598478 0.726850
v -0.839266 -0.674108 0.722188
v -0.851460 -0.685626 0.715089
v -0.853138 -0.683823 0.701405
v -0.868732 -0.674909 0.713738
v -0.860431 -0.674951 0.725690
v -0.889142 -0.602545 0.725214
v -0.879546 -0.629153 0.693511
v -0.895023 -0.540176 0.649923
v -0.958870 -0.502228 0.678095
v -0.958870 -0.528042 0.627316
v -1.022718 -0.540176 0.649923
v -1.013227 -0.420476 0.701938
v -0.998693 -0.514074 0.690278
v -1.028600 -0.602545 0.725214
v -1.038194 -0.629153 0.693511
v -1.049007 -0.674909 0.713738
v -1.053859 -0.500123 0.732348
v -1.057310 -0.674951 0.725690
v -1.055991 -0.592993 0.745691
v -1.066281 -0.685626 0.715089
v -1.064601 -0.683823 0.701405
v -1.080975 -0.679521 0.707411
v -1.078475 -0.674108 0.722188
v -1.113820 -0.614070 0.699596
v -1.106254 -0.635604 0.675185
v -1.120479 -0.558634 0.622269
v -1.096951 -0.598478 0.726850
v -1.108360 -0.501950 0.710029
v -1.147973 -0.504483 0.654026
v -1.145919 -0.480760 0.551332
v -1.058484 -0.426152 0.695729
v -1.122560 -0.432789 0.683136
v -1.167970 -0.429826 0.619714
v -1.126961 -0.311862 0.610741
v -1.182792 -0.350984 0.551284
v -1.167192 -0.412413 0.482264
v -1.224327 -0.282605 0.509997
v -1.183718 -0.200911 0.609746
v -1.310098 -0.146920 0.576970
v -1.156028 -0.087457 0.686226
v -1.233543 -0.044069 0.703234
v -1.240192 0.060892 0.639400
v -1.148710 0.018094 0.775071
v -1.064728 0.054053 0.804696
v -1.152026 0.116316 0.699189
v -1.045136 0.195275 0.658990
v -1.062624 0.143875 0.728969
v -0.958870 0.151957 0.741026
v -0.958870 0.201631 0.675680
v -0.872605 0.195275 0.658990
v -1.140757 -0.359376 -1.283070
v -1.305039 -0.680414 -1.320313
v -1.232438 -0.363123 -1.385804
v -1.221777 -0.696927 -1.206018
v -1.420758 -0.836121 -1.198125
v -1.222068 -0.598031 -1.007617
v -1.131193 -0.316489 -1.138559
v -1.375385 -0.772906 -1.047838
v -1.683393 -0.984573 -0.846663
v -1.303263 -0.444859 -0.931492
v -1.187095 -0.235636 -1.044377
v -1.548270 -0.903903 -0.813991
v -1.423002 -0.302553 -0.898762
v -1.271672 -0.142330 -1.061090
v -1.431659 -0.141199 -1.119204
v -1.428437 -0.555976 -0.805419
v -1.386509 -0.697067 -0.892592
v -1.556504 -0.295625 -0.983673
v -1.474888 -0.793381 -0.731063
v -1.555025 -0.472740 -0.781009
v -1.801075 -1.008986 -0.497236
v -1.880440 -1.035757 -0.586228
v -1.946802 -1.126065 -0.523537
v -1.506659 -0.652425 -0.684628
v -1.760076 -0.886488 -0.378618
v -1.876709 -1.075546 -0.409643
v -2.027451 -1.208449 -0.414084
v -1.605783 -0.533070 -0.703850
v -1.943966 -1.133045 -0.303940
v -2.069486 -1.257825 -0.276765
v -1.842468 -0.943362 -0.277862
v -1.993778 -1.172552 -0.174548
v -2.127347 -1.320772 -0.173002
v -1.918501 -0.981713 -0.156766
v -1.891572 -0.812618 -0.219131
v -2.057337 -1.236140 -0.065108
v -2.308095 -1.438321 0.028477
v -2.011343 -1.003891 -0.014051
v -2.226155 -1.370349 0.126589
v -2.410913 -1.568951 0.264544
v -2.091202 -1.102888 0.072866
v -2.334738 -1.494470 0.325499
v -2.491150 -1.632118 0.525542
v -2.241852 -1.259158 0.204748
v -2.341383 -1.387500 0.376633
v -2.423231 -1.573152 0.556342
v -2.564447 -1.644480 0.903365
v -2.529621 -1.618455 0.913186
v -2.561420 -1.640162 1.103382
v -2.417364 -1.481486 0.588625
v -2.530519 -1.574663 0.925687
v -2.470582 -1.430427 0.597470
v -2.565717 -1.548809 0.932768
v -2.587028 -1.558628 0.921990
v -2.387433 -1.335170 0.383525
v -2.532788 -1.445904 0.572023
v -2.601333 -1.576172 0.916193
v -2.606580 -1.623482 0.906153
v -2.564447 -1.644480 0.903365
v -2.559808 -1.480316 0.552314
v -2.553791 -1.570451 0.523350
v -2.491150 -1.632118 0.525542
v -2.464612 -1.343205 0.349266
v -2.497861 -1.381828 0.313293
v -2.493709 -1.492827 0.268378
v -2.410913 -1.568951 0.264544
v -2.403409 -1.358019 0.011539
v -2.308095 -1.438321 0.028477
v -2.354872 -1.215228 0.159494
v -2.227751 -1.204708 -0.184014
v -2.127347 -1.320772 -0.173002
v -2.375335 -1.237440 0.079252
v -2.069486 -1.257825 -0.276765
v -2.293630 -1.213137 0.207842
v -2.188704 -1.049544 0.090509
v -2.269410 -1.054779 -0.003308
v -2.157032 -0.963394 0.069698
v -2.232171 -0.952119 0.011811
v -2.198109 -1.000036 -0.232113
v -2.171357 -0.888502 0.071144
v -2.167402 -1.153995 -0.293925
v -2.114982 -1.117044 -0.425854
v -2.027451 -1.208449 -0.414084
v -1.946802 -1.126065 -0.523537
v -2.116372 -0.936816 -0.352705
v -2.042349 -1.031820 -0.521129
v -1.880440 -1.035757 -0.586228
v -2.098004 -0.846560 -0.305829
v -1.976658 -0.945902 -0.607921
v -2.175256 -0.867170 -0.179841
v -2.052753 -0.855539 -0.497893
v -2.045989 -0.765386 -0.381751
v -1.769619 -0.890915 -0.883177
v -1.683393 -0.984573 -0.846663
v -2.002294 -0.782776 -0.708527
v -1.503107 -0.780468 -1.225072
v -1.420758 -0.836121 -1.198125
v -1.305039 -0.680414 -1.320313
v -1.829062 -0.746743 -0.881258
v -1.442313 -0.610488 -1.311872
v -1.232438 -0.363123 -1.385804
v -1.364062 -0.338614 -1.392860
v -1.680058 -0.654967 -1.119323
v -1.557478 -0.480567 -1.232640
v -1.476276 -0.266733 -1.330726
v -1.682626 -0.535320 -0.989192
v -1.592618 -0.378380 -1.105683
v -1.476151 -0.188269 -1.201832
v -1.657268 -0.467916 -0.868238
v -1.783031 -0.633264 -0.818359
v -1.723753 -0.538601 -0.765256
v -1.947319 -0.657266 -0.587627
v -1.799643 -0.622651 -0.427029
v -1.921507 -0.590586 -0.515595
v -2.022571 -0.648267 -0.441632
v -1.954792 -0.575903 -0.416577
v -1.780829 -0.742369 -0.317527
v -1.856298 -0.619528 -0.342193
v -1.880632 -0.697882 -0.250726
v -1.936046 -0.625197 -0.247350
v -2.001730 -0.567360 -0.259362
v -1.972764 -0.655343 -0.250066
v -1.948022 -0.749870 -0.231892
v -2.031042 -0.588729 -0.269751
v -2.026702 -0.584315 -0.234846
v -1.990528 -0.691810 -0.273992
v -2.000162 -0.759186 -0.243725
v -2.012466 -0.804070 -0.141603
v -2.053849 -0.786993 -0.163302
v -1.971655 -0.847337 -0.121710
v -2.069250 -0.770953 -0.043116
v -2.048315 -0.818379 -0.019162
v -2.118263 -0.756740 -0.066356
v -2.137906 -0.750228 0.055165
v -2.125629 -0.773442 0.071931
v -2.220891 -0.814966 -0.062401
v -2.162879 -0.743270 0.039553
v -2.217924 -0.877978 0.037052
v -2.211008 -0.777310 0.041697
v -2.187145 -0.738999 0.085376
v -2.179193 -0.746473 0.111972
v -2.219156 -0.744932 0.131522
v -2.211382 -0.819650 0.076730
v -2.219285 -0.751718 0.174039
v -2.221716 -0.783767 0.116652
v -2.187181 -0.829897 0.095849
v -2.201967 -0.785247 0.121544
v -2.174523 -0.761605 0.131886
v -0.612701 -0.680414 -1.320313
v -0.776983 -0.359376 -1.283070
v -0.685303 -0.363123 -1.385804
v -0.695962 -0.696927 -1.206018
v -0.496983 -0.836121 -1.198125
v -0.695673 -0.598031 -1.007617
v -0.786547 -0.316489 -1.138559
v -0.542356 -0.772906 -1.047838
v -0.234348 -0.984573 -0.846663
v -0.614477 -0.444859 -0.931492
v -0.730645 -0.235636 -1.044377
v -0.531231 -0.697067 -0.892592
v -0.494740 -0.302553 -0.898762
v -0.646070 -0.142330 -1.061090
v -0.489302 -0.555976 -0.805419
v -0.486083 -0.141199 -1.119204
v -0.369471 -0.903903 -0.813991
v -0.361237 -0.295625 -0.983673
v -0.116666 -1.008986 -0.497236
v -0.037301 -1.035757 -0.586228
v 0.029062 -1.126065 -0.523537
v -0.442852 -0.793381 -0.731063
v -0.041032 -1.075546 -0.409643
v 0.109710 -1.208449 -0.414084
v -0.157665 -0.886488 -0.378618
v -0.411082 -0.652425 -0.684628
v 0.026224 -1.133045 -0.303940
v 0.151746 -1.257825 -0.276765
v -0.075273 -0.943362 -0.277862
v 0.076037 -1.172552 -0.174548
v 0.209605 -1.320772 -0.173002
v 0.000762 -0.981713 -0.156766
v -0.026170 -0.812618 -0.219131
v 0.139595 -1.236140 -0.065108
v 0.390354 -1.438321 0.028477
v 0.093602 -1.003891 -0.014051
v 0.308413 -1.370349 0.126589
v 0.493173 -1.568951 0.264544
v 0.173461 -1.102888 0.072866
v 0.416998 -1.494470 0.325499
v 0.573409 -1.632118 0.525542
v 0.324110 -1.259158 0.204748
v 0.505491 -1.573152 0.556342
v 0.646706 -1.644480 0.903365
v 0.423642 -1.387500 0.376633
v 0.611880 -1.618455 0.913186
v 0.643679 -1.640162 1.103382
v 0.499623 -1.481486 0.588625
v 0.612777 -1.574663 0.925687
v 0.552841 -1.430427 0.597470
v 0.647976 -1.548809 0.932768
v 0.669286 -1.558628 0.921990
v 0.469692 -1.335170 0.383525
v 0.615046 -1.445904 0.572023
v 0.683592 -1.576172 0.916193
v 0.688839 -1.623482 0.906153
v 0.646706 -1.644480 0.903365
v 0.642068 -1.480316 0.552314
v 0.636050 -1.570451 0.523350
v 0.573409 -1.632118 0.525542
v 0.546871 -1.343205 0.349266
v 0.580120 -1.381828 0.313293
v 0.575969 -1.492827 0.268378
v 0.493173 -1.568951 0.264544
v 0.375890 -1.213137 0.207842
v 0.485667 -1.358019 0.011539
v 0.390354 -1.438321 0.028477
v 0.437132 -1.215228 0.159494
v 0.457594 -1.237440 0.079252
v 0.310010 -1.204708 -0.184014
v 0.209605 -1.320772 -0.173002
v 0.151746 -1.257825 -0.276765
v 0.351669 -1.054779 -0.003308
v 0.249660 -1.153995 -0.293925
v 0.280368 -1.000036 -0.232113
v 0.197241 -1.117044 -0.425854
v 0.109710 -1.208449 -0.414084
v 0.029062 -1.126065 -0.523537
v 0.198631 -0.936816 -0.352705
v 0.124609 -1.031820 -0.521129
v -0.037301 -1.035757 -0.586228
v 0.058918 -0.945902 -0.607921
v 0.135013 -0.855539 -0.497893
v -0.148120 -0.890915 -0.883177
v -0.234348 -0.984573 -0.846663
v 0.084553 -0.782776 -0.708527
v -0.414634 -0.780468 -1.225072
v -0.496983 -0.836121 -1.198125
v -0.612701 -0.680414 -1.320313
v -0.475426 -0.610488 -1.311872
v -0.685303 -0.363123 -1.385804
v -0.553679 -0.338614 -1.392860
v -0.237683 -0.654967 -1.119323
v -0.360261 -0.480567 -1.232640
v -0.441464 -0.266733 -1.330726
v -0.088677 -0.746743 -0.881258
v -0.235115 -0.535320 -0.989192
v -0.325123 -0.378380 -1.105683
v -0.441590 -0.188269 -1.201832
v -0.134708 -0.633264 -0.818359
v -0.260473 -0.467916 -0.868238
v -0.362715 -0.472740 -0.781009
v -0.193986 -0.538601 -0.765256
v 0.029577 -0.657266 -0.587627
v -0.311958 -0.533070 -0.703850
v -0.118098 -0.622651 -0.427029
v 0.003767 -0.590586 -0.515595
v 0.104831 -0.648267 -0.441632
v -0.136912 -0.742369 -0.317527
v 0.037050 -0.575903 -0.416577
v -0.061441 -0.619528 -0.342193
v -0.037110 -0.697882 -0.250726
v 0.018306 -0.625197 -0.247350
v 0.083991 -0.567360 -0.259362
v 0.055023 -0.655343 -0.250066
v 0.030282 -0.749870 -0.231892
v 0.113302 -0.588729 -0.269751
v 0.108962 -0.584315 -0.234846
v 0.072788 -0.691810 -0.273992
v 0.128247 -0.765386 -0.381751
v 0.082421 -0.759186 -0.243725
v 0.180265 -0.846560 -0.305829
v 0.094725 -0.804070 -0.141603
v 0.136110 -0.786993 -0.163302
v 0.257516 -0.867170 -0.179841
v 0.053916 -0.847337 -0.121710
v 0.151509 -0.770953 -0.043116
v 0.130574 -0.818379 -0.019162
v 0.200523 -0.756740 -0.066356
v 0.220165 -0.750228 0.055165
v 0.239291 -0.963394 0.069698
v 0.303149 -0.814966 -0.062401
v 0.270962 -1.049544 0.090509
v 0.314430 -0.952119 0.011811
v 0.253617 -0.888502 0.071144
v 0.300183 -0.877978 0.037052
v 0.207888 -0.773442 0.071931
v 0.269440 -0.829897 0.095849
v 0.293267 -0.777310 0.041697
v 0.293641 -0.819650 0.076730
v 0.303975 -0.783767 0.116652
v 0.256784 -0.761605 0.131886
v 0.284228 -0.785247 0.121544
v 0.297158 -0.758868 0.114419
v 0.301544 -0.751718 0.174039
v 0.261451 -0.746473 0.111972
v 0.269404 -0.738999 0.085376
v 0.245137 -0.743270 0.039553
v -2.891780 -1.634589 -1.952313
v -2.900732 -1.633047 -1.928789
v -2.911813 -1.637723 -1.940045
v -2.870456 -1.634704 -1.923604
v -2.863255 -1.633670 -1.964024
v -2.857085 -1.508610 -1.892589
v -2.911813 -1.637723 -1.940045
v -2.818794 -1.639516 -1.937503
v -2.834347 -1.627757 -1.973433
v -2.800191 -1.629567 -1.961231
v -2.809767 -1.536051 -1.878953
v -2.748713 -1.554453 -1.904856
v -2.709213 -1.530992 -1.929649
v -2.728425 -1.548208 -1.963166
v -2.444803 -1.214259 -1.958933
v -2.558279 -1.119166 -1.824928
v -2.483809 -1.185327 -1.862082
v -2.455773 -1.208104 -1.906369
v -2.236917 -1.082692 -1.930732
v -2.258335 -1.019027 -1.811083
v -2.240442 -1.068247 -1.866108
v -2.120610 -1.078041 -1.936214
v -2.328363 -0.892797 -1.761840
v -2.110085 -1.051240 -1.863939
v -2.102556 -0.994533 -1.794884
v -1.892887 -1.149556 -1.937675
v -1.902238 -1.160574 -1.975203
v -1.929486 -1.034545 -1.839687
v -2.119859 -0.804902 -1.735383
v -1.857179 -1.185290 -1.955655
v -1.844006 -1.200509 -1.982590
v -1.860734 -1.124102 -1.915717
v -1.827168 -1.187371 -1.954016
v -1.801533 -1.230205 -1.983259
v -1.799438 -1.175995 -1.974195
v -1.805826 -1.173227 -1.953146
v -1.791375 -1.113742 -1.966261
v -1.816236 -1.110478 -1.929904
v -1.752338 -1.023213 -1.973951
v -1.769131 -0.971305 -1.865101
v -1.608309 -0.957403 -1.968465
v -1.931388 -0.817351 -1.753955
v -1.595813 -0.891424 -1.826937
v -1.420485 -0.934377 -1.940215
v -1.770535 -0.801433 -1.778458
v -2.029847 -0.627295 -1.804606
v -1.898402 -0.669946 -1.822815
v -1.616513 -0.754436 -1.747900
v -1.422247 -0.831826 -1.785636
v -1.291919 -0.760364 -1.769917
v -1.250901 -0.882373 -1.947097
v -1.117038 -0.719635 -2.001714
v -1.140072 -0.632750 -1.848762
v -1.473825 -0.671527 -1.713002
v -1.353028 -0.573530 -1.697902
v -1.199986 -0.498721 -1.773723
v -1.378220 -0.302734 -1.858850
v -1.531116 -0.500970 -1.783097
v -1.421370 -0.271574 -1.947940
v -1.641881 -0.611395 -1.807389
v -1.764843 -0.669854 -1.834163
v -1.664733 -0.512991 -1.932220
v -1.579605 -0.402908 -1.929575
v -1.567316 -0.431646 -2.105446
v -1.465348 -0.307556 -2.120913
v -1.380891 -0.384063 -2.234670
v -1.435879 -0.555768 -2.259609
v -1.214883 -0.581328 -2.244761
v -1.629712 -0.545148 -2.081652
v -1.368154 -0.786504 -2.231481
v -1.149452 -0.686740 -2.155460
v -1.522267 -0.662849 -2.235253
v -1.720387 -0.627401 -2.063652
v -1.287771 -0.889912 -2.135377
v -1.117038 -0.719635 -2.001714
v -1.250901 -0.882373 -1.947097
v -1.420485 -0.934377 -1.940215
v -1.454479 -0.925586 -2.103389
v -1.608309 -0.957403 -1.968465
v -1.526748 -0.860576 -2.170902
v -1.637734 -0.965049 -2.071253
v -1.752338 -1.023213 -1.973951
v -1.648407 -0.744176 -2.159426
v -1.750451 -0.916901 -2.137651
v -1.787642 -1.064335 -2.065831
v -1.795188 -1.113552 -2.032442
v -1.791375 -1.113742 -1.966261
v -1.790184 -0.807698 -2.141428
v -1.986732 -0.941707 -2.171888
v -1.872250 -1.141646 -2.038852
v -1.826210 -1.179166 -2.014283
v -1.799438 -1.175995 -1.974195
v -1.801533 -1.230205 -1.983259
v -1.844006 -1.200509 -1.982590
v -1.847271 -1.190910 -2.002676
v -1.893149 -1.158273 -2.008434
v -1.902238 -1.160574 -1.975203
v -2.141172 -0.985235 -2.084105
v -2.128767 -1.052341 -2.009226
v -2.120610 -1.078041 -1.936214
v -2.236917 -1.082692 -1.930732
v -2.247596 -1.055950 -1.989637
v -2.444803 -1.214259 -1.958933
v -2.200332 -0.846440 -2.135089
v -2.459872 -1.197177 -2.004427
v -2.728425 -1.548208 -1.963166
v -2.309195 -0.916931 -2.055332
v -2.526125 -1.141136 -2.030823
v -2.760796 -1.542303 -1.984457
v -2.800191 -1.629567 -1.961231
v -2.834347 -1.627757 -1.973433
v -2.800195 -1.525324 -1.986753
v -2.863255 -1.633670 -1.964024
v -2.891780 -1.634589 -1.952313
v -2.821723 -1.463000 -1.978260
v -2.595014 -1.072792 -2.001716
v -2.853230 -1.444447 -1.937714
v -2.363716 -0.827253 -2.036457
v -2.631871 -1.050644 -1.943008
v -2.626139 -1.059308 -1.854813
v -2.410964 -0.805070 -1.804031
v -2.431047 -0.782779 -1.921827
v -2.311357 -0.681154 -1.794028
v -2.352427 -0.657883 -1.841941
v -2.309289 -0.662230 -2.005479
v -2.354980 -0.652330 -1.913222
v -2.335876 -0.543114 -1.917325
v -2.318037 -0.544595 -1.947635
v -2.316426 -0.525319 -1.880110
v -2.339565 -0.495313 -1.914737
v -2.226562 -0.523063 -1.856419
v -2.273848 -0.476977 -1.910608
v -2.273679 -0.514016 -1.969867
v -2.183465 -0.496913 -1.929655
v -2.237463 -0.635836 -2.064946
v -2.205502 -0.534533 -2.007017
v -1.988533 -0.575244 -1.931332
v -1.981382 -0.636288 -2.062434
v -1.968027 -0.792750 -2.150244
v -1.873774 -0.600731 -1.938868
v -1.849920 -0.651288 -2.061077
v -1.760030 -0.588105 -1.937448
v 0.982991 -1.633047 -1.928789
v 0.974039 -1.634589 -1.952313
v 0.994073 -1.637723 -1.940045
v 0.952716 -1.634704 -1.923604
v 0.945513 -1.633670 -1.964024
v 0.939345 -1.508610 -1.892589
v 0.994073 -1.637723 -1.940045
v 0.901054 -1.639516 -1.937503
v 0.916607 -1.627757 -1.973433
v 0.882450 -1.629567 -1.961231
v 0.892027 -1.536051 -1.878953
v 0.830972 -1.554453 -1.904856
v 0.791473 -1.530992 -1.929649
v 0.810683 -1.548208 -1.963166
v 0.527064 -1.214259 -1.958933
v 0.640538 -1.119166 -1.824928
v 0.566067 -1.185327 -1.862082
v 0.538034 -1.208104 -1.906369
v 0.319176 -1.082692 -1.930732
v 0.340595 -1.019027 -1.811083
v 0.322700 -1.068247 -1.866108
v 0.202871 -1.078041 -1.936214
v 0.410623 -0.892797 -1.761840
v 0.192344 -1.051240 -1.863939
v 0.708398 -1.059308 -1.854813
v 0.184817 -0.994533 -1.794884
v 0.202119 -0.804902 -1.735383
v -0.024853 -1.149556 -1.937675
v -0.015503 -1.160574 -1.975203
v 0.011745 -1.034545 -1.839687
v -0.060561 -1.185290 -1.955655
v -0.073735 -1.200509 -1.982590
v -0.057008 -1.124102 -1.915717
v -0.090571 -1.187371 -1.954016
v -0.116209 -1.230205 -1.983259
v -0.118304 -1.175995 -1.974195
v -0.111914 -1.173227 -1.953146
v -0.126365 -1.113742 -1.966261
v -0.101505 -1.110478 -1.929904
v -0.165401 -1.023213 -1.973951
v -0.148609 -0.971305 -1.865101
v -0.309433 -0.957403 -1.968465
v 0.013648 -0.817351 -1.753955
v -0.321929 -0.891424 -1.826937
v -0.497256 -0.934377 -1.940215
v -0.147204 -0.801433 -1.778458
v -0.495492 -0.831826 -1.785636
v -0.301229 -0.754436 -1.747900
v -0.625822 -0.760364 -1.769917
v -0.666841 -0.882373 -1.947097
v -0.800702 -0.719635 -2.001714
v -0.777669 -0.632750 -1.848762
v -0.443914 -0.671527 -1.713002
v -0.564713 -0.573530 -1.697902
v -0.717755 -0.498721 -1.773723
v -0.539521 -0.302734 -1.858850
v -0.386626 -0.500970 -1.783097
v -0.496372 -0.271574 -1.947940
v -0.275860 -0.611395 -1.807389
v -0.152898 -0.669854 -1.834163
v -0.253006 -0.512991 -1.932220
v -0.338135 -0.402908 -1.929575
v -0.350425 -0.431646 -2.105446
v -0.452392 -0.307556 -2.120913
v -0.536850 -0.384063 -2.234670
v -0.481860 -0.555768 -2.259609
v -0.702858 -0.581328 -2.244761
v -0.288028 -0.545148 -2.081652
v -0.549587 -0.786504 -2.231481
v -0.768287 -0.686740 -2.155460
v -0.395474 -0.662849 -2.235253
v -0.197355 -0.627401 -2.063652
v -0.629971 -0.889912 -2.135377
v -0.800702 -0.719635 -2.001714
v -0.666841 -0.882373 -1.947097
v -0.497256 -0.934377 -1.940215
v -0.463263 -0.925586 -2.103389
v -0.309433 -0.957403 -1.968465
v -0.390991 -0.860576 -2.170902
v -0.280005 -0.965049 -2.071253
v -0.165401 -1.023213 -1.973951
v -0.269335 -0.744176 -2.159426
v -0.167289 -0.916901 -2.137651
v -0.130100 -1.064335 -2.065831
v -0.122551 -1.113552 -2.032442
v -0.126365 -1.113742 -1.966261
v -0.127557 -0.807698 -2.141428
v 0.068991 -0.941707 -2.171888
v -0.045491 -1.141646 -2.038852
v -0.091532 -1.179166 -2.014283
v -0.118304 -1.175995 -1.974195
v -0.116209 -1.230205 -1.983259
v -0.073735 -1.200509 -1.982590
v -0.070470 -1.190910 -2.002676
v -0.024592 -1.158273 -2.008434
v -0.015503 -1.160574 -1.975203
v 0.223431 -0.985235 -2.084105
v 0.211025 -1.052341 -2.009226
v 0.202871 -1.078041 -1.936214
v 0.319176 -1.082692 -1.930732
v 0.329855 -1.055950 -1.989637
v 0.527064 -1.214259 -1.958933
v 0.542132 -1.197177 -2.004427
v 0.810683 -1.548208 -1.963166
v 0.391454 -0.916931 -2.055332
v 0.843055 -1.542303 -1.984457
v 0.882450 -1.629567 -1.961231
v 0.916607 -1.627757 -1.973433
v 0.608384 -1.141136 -2.030823
v 0.882454 -1.525324 -1.986753
v 0.945513 -1.633670 -1.964024
v 0.974039 -1.634589 -1.952313
v 0.903981 -1.463000 -1.978260
v 0.677274 -1.072792 -2.001716
v 0.935489 -1.444447 -1.937714
v 0.714131 -1.050644 -1.943008
v 0.445975 -0.827253 -2.036457
v 0.493222 -0.805070 -1.804031
v 0.513306 -0.782779 -1.921827
v 0.282591 -0.846440 -2.135089
v 0.393616 -0.681154 -1.794028
v 0.050287 -0.792750 -2.150244
v 0.391548 -0.662230 -2.005479
v 0.319721 -0.635836 -2.064946
v -0.067822 -0.651288 -2.061077
v 0.063642 -0.636288 -2.062434
v -0.157712 -0.588105 -1.937448
v -0.043967 -0.600731 -1.938868
v -0.019339 -0.669946 -1.822815
v 0.070792 -0.575244 -1.931332
v 0.112105 -0.627295 -1.804606
v 0.287760 -0.534533 -2.007017
v 0.265723 -0.496913 -1.929655
v 0.355939 -0.514016 -1.969867
v 0.308820 -0.523063 -1.856419
v 0.356107 -0.476977 -1.910608
v 0.400295 -0.544595 -1.947635
v 0.398684 -0.525319 -1.880110
v 0.421825 -0.495313 -1.914737
v 0.434685 -0.657883 -1.841941
v 0.418136 -0.543114 -1.917325
v 0.437239 -0.652330 -1.913222
v -0.285733 -0.281455 -1.189822
v -0.351365 -0.292811 -1.019660
v -0.401591 -0.384684 -1.110325
v -0.301436 -0.393239 -1.301217
v -0.189112 -0.299640 -1.409630
v -0.382128 -0.511987 -1.277153
v -0.494124 -0.444949 -1.168665
v -0.497759 -0.494994 -1.242205
v -0.199641 -0.320917 -1.512514
v -0.113708 -0.207377 -1.468902
v -0.129379 -0.220054 -1.518083
v -0.111639 -0.231943 -1.563707
v -0.314502 -0.480531 -1.382520
v -0.438837 -0.574991 -1.329284
v -0.565656 -0.573988 -1.324651
v -0.153508 -0.338495 -1.607018
v -0.068063 -0.248792 -1.626934
v -0.260545 -0.442830 -1.623634
v -0.115942 -0.352134 -1.655471
v 0.064380 -0.260296 -1.799942
v -0.237638 -0.455306 -1.670603
v -0.337302 -0.554110 -1.461974
v -0.309308 -0.549996 -1.646369
v -0.031529 -0.390758 -1.838068
v 0.140745 -0.289616 -2.120439
v -0.204338 -0.475040 -1.725710
v -0.283068 -0.575020 -1.694437
v 0.017029 -0.395158 -2.143250
v -0.137258 -0.514215 -1.875423
v -0.260633 -0.597954 -1.761019
v 0.057122 -0.414165 -2.441399
v 0.168710 -0.294530 -2.446825
v -0.071595 -0.542874 -2.156123
v 0.059908 -0.452282 -2.686323
v 0.185371 -0.305476 -2.734608
v -0.053277 -0.543701 -2.442058
v -0.166945 -0.678606 -2.165242
v -0.247440 -0.603680 -1.926151
v -0.356398 -0.665125 -1.795049
v -0.276143 -0.786056 -2.178429
v -0.361277 -0.641964 -1.648210
v -0.336936 -0.697958 -1.944865
v -0.374741 -0.598519 -1.517776
v -0.449991 -0.719173 -1.648481
v -0.439318 -0.639526 -1.506856
v -0.477684 -0.748766 -1.806131
v -0.511002 -0.633403 -1.366372
v -0.543852 -0.702845 -1.592472
v -0.523623 -0.667202 -1.490825
v -0.590331 -0.673710 -1.363703
v -0.521497 -0.766964 -1.690182
v -0.640702 -0.695510 -1.567431
v -0.569770 -0.830999 -1.816374
v -0.629225 -0.691184 -1.473993
v -0.569215 -0.767738 -1.661927
v -0.595095 -0.858557 -1.809886
v -0.490967 -0.782488 -1.946830
v -0.555527 -0.881902 -1.922398
v -0.427354 -0.871466 -2.141165
v -0.525672 -0.907903 -2.061530
v -0.580709 -0.912931 -1.911498
v -0.668986 -0.938095 -1.933766
v -0.578722 -0.950326 -2.116934
v -0.495346 -0.902535 -2.237993
v -0.958870 -0.949502 -2.234605
v -0.679344 -0.869912 -1.794188
v -0.958870 -0.908165 -1.971688
v -0.655934 -0.727044 -1.648572
v -0.958870 -0.856680 -1.783007
v -0.958870 -0.703228 -1.621412
v -0.958870 -0.697460 -1.553963
v -1.238395 -0.869912 -1.794188
v -1.248755 -0.938095 -1.933766
v -1.261807 -0.727044 -1.648572
v -1.348526 -0.767738 -1.661927
v -1.277040 -0.695510 -1.567431
v -1.322645 -0.858557 -1.809886
v -1.373889 -0.702845 -1.592472
v -1.396245 -0.766964 -1.690182
v -1.337032 -0.912931 -1.911498
v -1.394118 -0.667202 -1.490825
v -1.362214 -0.881902 -1.922398
v -1.288517 -0.691184 -1.473993
v -1.347971 -0.830999 -1.816374
v -1.392069 -0.907903 -2.061530
v -1.426775 -0.782488 -1.946830
v -1.440057 -0.748766 -1.806131
v -1.339020 -0.950326 -2.116934
v -1.490386 -0.871466 -2.141165
v -1.580806 -0.697958 -1.944865
v -1.422395 -0.902535 -2.237993
v -0.958870 -0.926177 -2.429976
v -1.641598 -0.786056 -2.178429
v -1.375690 -0.864279 -2.486659
v -1.633922 -0.745335 -2.446052
v -0.542051 -0.864279 -2.486659
v -0.958870 -0.893442 -2.519037
v -0.283819 -0.745335 -2.446052
v -0.533565 -0.880738 -2.689964
v -0.172833 -0.660589 -2.445340
v -0.300811 -0.788222 -2.659259
v -0.168036 -0.690686 -2.642192
v -0.041646 -0.585835 -2.650167
v -0.065181 -0.614945 -2.762230
v -0.176086 -0.729815 -2.757960
v -0.309261 -0.798091 -2.804175
v -0.158947 -0.563403 -2.821142
v -0.253114 -0.655639 -2.804278
v 0.040766 -0.525633 -2.833945
v -0.078526 -0.538615 -2.865926
v 0.208287 -0.280698 -3.000403
v -0.176203 -0.578442 -2.972901
v -0.052859 -0.512451 -3.000773
v 0.045075 -0.460728 -3.010786
v 0.041957 -0.408268 -3.150196
v 0.228156 -0.292178 -3.172087
v 0.185124 -0.321467 -3.464716
v -0.061809 -0.494677 -3.135336
v -0.015529 -0.412847 -3.506860
v 0.010299 -0.366742 -3.847447
v -0.118078 -0.492515 -3.473762
v -0.175957 -0.569441 -3.133529
v -0.108625 -0.410391 -3.770829
v -0.208553 -0.412026 -4.124776
v -0.199923 -0.465609 -3.706373
v -0.320632 -0.368522 -4.006557
v -0.378148 -0.418623 -4.264940
v -0.208692 -0.588028 -3.457355
v -0.581069 -0.399332 -4.172842
v -0.735322 -0.485385 -4.436629
v -0.405421 -0.459970 -3.910463
v -0.958870 -0.474884 -4.325922
v -0.958870 -0.508642 -4.497445
v -1.182419 -0.485385 -4.436629
v -0.615468 -0.483178 -4.123517
v -0.958870 -0.523496 -4.250507
v -1.336673 -0.399332 -4.172842
v -1.539593 -0.418623 -4.264940
v -0.958870 -0.616035 -4.125082
v -1.597109 -0.368522 -4.006557
v -1.709188 -0.412026 -4.124776
v -1.302274 -0.483178 -4.123517
v -1.809114 -0.410391 -3.770829
v -1.928040 -0.366742 -3.847447
v -1.512321 -0.459970 -3.910463
v -1.902210 -0.412847 -3.506860
v -2.102865 -0.321467 -3.464716
v -1.717818 -0.465609 -3.706373
v -1.959697 -0.408268 -3.150196
v -2.145897 -0.292178 -3.172087
v -2.126029 -0.280698 -3.000403
v -1.287174 -0.592338 -4.038884
v -1.485532 -0.565820 -3.862026
v -0.958870 -0.704492 -3.993247
v -1.253016 -0.688601 -3.913279
v -1.622062 -0.578190 -3.643431
v -0.630567 -0.592338 -4.038884
v -1.404831 -0.686077 -3.791903
v -0.432209 -0.565820 -3.862026
v -0.664726 -0.688601 -3.913279
v -0.958870 -0.809629 -3.761823
v -0.295677 -0.578190 -3.643431
v -0.512908 -0.686077 -3.791903
v -0.657037 -0.759490 -3.751209
v -0.409792 -0.686600 -3.581045
v -1.260704 -0.759490 -3.751209
v -0.274498 -0.692558 -3.410915
v -0.625159 -0.797847 -3.497512
v -0.958870 -0.872243 -3.463770
v -0.286216 -0.637699 -3.131679
v -0.381151 -0.789484 -3.134655
v -0.291348 -0.646188 -2.962579
v -0.385787 -0.802111 -2.958276
v -0.609293 -0.850751 -3.153377
v -0.576070 -0.871374 -2.923172
v -0.958870 -0.897704 -3.134489
v -0.958870 -0.885737 -2.678812
v -0.958870 -0.922590 -2.904145
v -1.308449 -0.850751 -3.153377
v -1.384176 -0.880738 -2.689964
v -1.341671 -0.871374 -2.923172
v -1.616930 -0.788222 -2.659259
v -1.608479 -0.798091 -2.804175
v -1.536590 -0.789484 -3.134655
v -1.292583 -0.797847 -3.497512
v -1.531954 -0.802111 -2.958276
v -1.507947 -0.686600 -3.581045
v -1.643243 -0.692558 -3.410915
v -1.709049 -0.588028 -3.457355
v -1.631525 -0.637699 -3.131679
v -1.799664 -0.492515 -3.473762
v -1.741782 -0.569441 -3.133529
v -1.855932 -0.494677 -3.135336
v -1.962816 -0.460728 -3.010786
v -1.864882 -0.512451 -3.000773
v -1.958506 -0.525633 -2.833945
v -2.103111 -0.305476 -2.734608
v -1.741539 -0.578442 -2.972901
v -1.839215 -0.538615 -2.865926
v -1.977648 -0.452282 -2.686323
v -2.086452 -0.294530 -2.446825
v -1.852561 -0.614945 -2.762230
v -1.758795 -0.563403 -2.821142
v -1.626393 -0.646188 -2.962579
v -1.664628 -0.655639 -2.804278
v -1.741653 -0.729815 -2.757960
v -1.749705 -0.690686 -2.642192
v -1.876094 -0.585835 -2.650167
v -1.744908 -0.660589 -2.445340
v -1.864465 -0.543701 -2.442058
v -1.750796 -0.678606 -2.165242
v -1.974864 -0.414165 -2.441399
v -2.058486 -0.289616 -2.120439
v -1.846144 -0.542874 -2.156123
v -1.934769 -0.395158 -2.143250
v -1.886212 -0.390758 -1.838068
v -1.982121 -0.260296 -1.799942
v -1.780483 -0.514215 -1.875423
v -1.801798 -0.352134 -1.655471
v -1.849677 -0.248792 -1.626934
v -1.713403 -0.475040 -1.725710
v -1.670301 -0.603680 -1.926151
v -1.657106 -0.597954 -1.761019
v -1.561343 -0.665125 -1.795049
v -1.634672 -0.575020 -1.694437
v -1.680101 -0.455306 -1.670603
v -1.764232 -0.338495 -1.607018
v -1.806101 -0.231943 -1.563707
v -1.608433 -0.549996 -1.646369
v -1.718101 -0.320917 -1.512514
v -1.788363 -0.220054 -1.518083
v -1.804034 -0.207377 -1.468902
v -1.728628 -0.299640 -1.409630
v -1.657197 -0.442830 -1.623634
v -1.616304 -0.393239 -1.301217
v -1.632006 -0.281455 -1.189822
v -1.603238 -0.480531 -1.382520
v -1.516150 -0.384684 -1.110325
v -1.566376 -0.292811 -1.019660
v -1.535613 -0.511987 -1.277153
v -1.423615 -0.444949 -1.168665
v -1.419982 -0.494994 -1.242205
v -1.478904 -0.574991 -1.329284
v -1.352083 -0.573988 -1.324651
v -1.580439 -0.554110 -1.461974
v -1.406739 -0.633403 -1.366372
v -1.543000 -0.598519 -1.517776
v -1.478421 -0.639526 -1.506856
v -1.556464 -0.641964 -1.648210
v -1.467751 -0.719173 -1.648481
v -1.327410 -0.673710 -1.363703
v -1.287389 -0.622499 -1.319613
v -1.107502 -0.689367 -1.223462
v -1.179933 -0.539594 -1.205811
v -1.169780 -0.477737 -1.125788
v -1.140872 -0.590183 -1.069977
v -1.164104 -0.658986 -1.199343
v -1.115401 -0.619244 -1.057812
v -0.958870 -0.612466 -1.096567
v -0.958870 -0.685543 -1.253703
v -0.958870 -0.718264 -1.440293
v -0.810239 -0.689367 -1.223462
v -0.802341 -0.619244 -1.057812
v -0.776869 -0.590183 -1.069977
v -0.630352 -0.622499 -1.319613
v -0.753637 -0.658986 -1.199343
v -0.737808 -0.539594 -1.205811
v -0.747961 -0.477737 -1.125788
v -1.103457 -0.228653 -0.217875
v -1.245076 -0.223057 -0.060863
v -1.183847 -0.287481 -0.270406
v -1.178911 -0.243175 -0.036110
v -1.279658 -0.273531 0.061886
v -1.314641 -0.256079 0.167782
v -1.338391 -0.265159 0.150765
v -1.239383 -0.264324 0.089295
v -1.068808 -0.214179 -0.090084
v -1.182422 -0.280506 0.167118
v -1.267942 -0.266824 0.269225
v -1.078407 -0.241718 0.037729
v -1.167139 -0.336862 0.235546
v -1.242052 -0.294241 0.339607
v -1.074392 -0.341865 0.147755
v -1.147873 -0.392345 0.322407
v -1.193721 -0.339981 0.412748
v -1.089721 -0.427272 0.254628
v -1.123394 -0.435428 0.410948
v -1.167192 -0.412413 0.482264
v -1.055504 -0.480558 0.331904
v -1.080049 -0.526326 0.571200
v -1.145919 -0.480760 0.551332
v -1.120479 -0.558634 0.622269
v -1.027788 -0.523816 0.528995
v -1.068366 -0.571703 0.625941
v -1.106254 -0.635604 0.675185
v -1.022718 -0.540176 0.649923
v -1.038194 -0.629153 0.693511
v -0.958870 -0.528042 0.627316
v -1.064167 -0.655268 0.677412
v -1.049007 -0.674909 0.713738
v -1.080975 -0.679521 0.707411
v -1.064601 -0.683823 0.701405
v -0.958870 -0.525100 0.513433
v -0.889952 -0.523816 0.528995
v -0.895023 -0.540176 0.649923
v -0.958870 -0.495542 0.300402
v -0.862236 -0.480558 0.331904
v -0.958870 -0.432815 0.225581
v -0.828020 -0.427272 0.254628
v -0.958870 -0.343698 0.123455
v -0.843349 -0.341865 0.147755
v -0.958870 -0.222885 -0.015853
v -0.839334 -0.241718 0.037729
v -0.958870 -0.219427 -0.169394
v -0.958870 -0.244582 -0.301178
v -0.814282 -0.228653 -0.217875
v -0.848933 -0.214179 -0.090084
v -0.672664 -0.223057 -0.060863
v -0.733893 -0.287481 -0.270406
v -0.738830 -0.243175 -0.036110
v -0.638083 -0.273531 0.061886
v -0.678358 -0.264324 0.089295
v -0.603098 -0.256079 0.167782
v -0.579350 -0.265159 0.150765
v -0.735317 -0.280506 0.167118
v -0.649797 -0.266824 0.269225
v -0.750602 -0.336862 0.235546
v -0.675689 -0.294241 0.339607
v -0.769867 -0.392345 0.322407
v -0.724020 -0.339981 0.412748
v -0.794346 -0.435428 0.410948
v -0.750547 -0.412413 0.482264
v -0.837692 -0.526326 0.571200
v -0.771822 -0.480760 0.551332
v -0.797262 -0.558634 0.622269
v -0.849375 -0.571703 0.625941
v -0.811487 -0.635604 0.675185
v -0.879546 -0.629153 0.693511
v -0.853574 -0.655268 0.677412
v -0.836766 -0.679521 0.707411
v -0.868732 -0.674909 0.713738
v -0.853138 -0.683823 0.701405
v -1.183847 -0.287481 -0.270406
v -0.958870 -0.244582 -0.301178
v -1.103457 -0.228653 -0.217875
v -1.173038 -0.315858 -0.441989
v -0.958870 -0.239874 -0.438214
v -1.160366 -0.361054 -0.538898
v -0.958870 -0.262551 -0.557358
v -1.313044 -0.422636 -0.396797
v -1.157882 -0.409790 -0.601757
v -0.958870 -0.335081 -0.635579
v -0.958870 -0.448084 -0.658695
v -1.326570 -0.432259 -0.513167
v -1.165894 -0.475507 -0.654428
v -0.958870 -0.484046 -0.718248
v -1.296741 -0.469299 -0.547466
v -1.356854 -0.517771 -0.623436
v -1.238621 -0.487780 -0.734898
v -1.154052 -0.455382 -0.875063
v -0.958870 -0.438270 -0.863820
v -1.415822 -0.486103 -0.724725
v -1.110794 -0.512596 -0.943429
v -0.958870 -0.525334 -0.952953
v -1.265667 -0.489274 -0.904792
v -1.192961 -0.535073 -0.969469
v -1.083364 -0.585788 -1.001181
v -0.958870 -0.601678 -1.006415
v -0.958870 -0.612466 -1.096567
v -1.115401 -0.619244 -1.057812
v -1.140872 -0.590183 -1.069977
v -1.219515 -0.533864 -1.014129
v -1.308741 -0.496973 -0.948014
v -1.239347 -0.463084 -1.075854
v -1.169780 -0.477737 -1.125788
v -1.352083 -0.573988 -1.324651
v -1.419982 -0.494994 -1.242205
v -1.423615 -0.444949 -1.168665
v -1.337481 -0.422261 -1.030089
v -1.516150 -0.384684 -1.110325
v -1.445877 -0.383238 -0.935536
v -1.566376 -0.292811 -1.019660
v -1.442167 -0.439650 -0.779567
v -1.534662 -0.346648 -0.861752
v -1.519839 -0.406530 -0.622541
v -1.483918 -0.445732 -0.595563
v -1.636254 -0.425343 -0.625922
v -1.678827 -0.389944 -0.825445
v -1.419873 -0.472811 -0.533224
v -1.514137 -0.390511 -0.385909
v -1.420069 -0.435293 -0.382381
v -1.632195 -0.326543 -0.364746
v -1.290812 -0.370336 -0.238101
v -1.480246 -0.312970 -0.218383
v -1.397600 -0.377827 -0.215355
v -1.292665 -0.300883 -0.068419
v -1.245076 -0.223057 -0.060863
v -1.369972 -0.291633 -0.065933
v -1.318051 -0.287108 0.049192
v -1.279658 -0.273531 0.061886
v -1.338391 -0.265159 0.150765
v -1.459381 -0.279646 -0.044579
v -1.432689 -0.263587 0.098381
v -1.412169 -0.218310 0.212960
v -1.389693 -0.202631 0.235716
v -1.511722 -0.247267 0.151075
v -1.578584 -0.252597 -0.076285
v -1.370327 -0.039837 0.297297
v -1.342124 -0.012228 0.328117
v -1.484442 -0.200688 0.253658
v -1.298980 0.104257 0.373269
v -1.283643 0.088306 0.398314
v -1.442534 -0.101393 0.363532
v -1.206175 0.216002 0.463346
v -1.157974 0.184904 0.467704
v -1.351604 0.080035 0.467566
v -1.481752 -0.084317 0.385294
v -1.394869 0.088015 0.487813
v -1.533927 -0.178287 0.261292
v -1.514688 -0.047574 0.382193
v -1.552285 -0.214024 0.149912
v -1.555836 -0.147500 0.255699
v -1.587609 -0.230066 0.010837
v -1.568304 -0.177605 0.148298
v -1.678020 -0.318471 -0.333909
v -1.610766 -0.202835 0.001533
v -1.570322 -0.137354 0.139334
v -1.619285 -0.169622 -0.002687
v -1.708211 -0.291735 -0.317755
v -1.733309 -0.246925 -0.303446
v -1.711751 -0.436833 -0.615321
v -1.759603 -0.428323 -0.613196
v -1.785963 -0.390225 -0.601759
v -1.789510 -0.404709 -0.806603
v -1.729156 -0.400466 -0.818926
v -1.806031 -0.296928 -1.074914
v -1.855211 -0.345272 -1.004622
v -1.857564 -0.361014 -0.811293
v -1.695462 -0.234531 -1.120153
v -1.632006 -0.281455 -1.189822
v -1.777967 -0.269611 -1.354770
v -1.728628 -0.299640 -1.409630
v -1.822536 -0.247524 -1.335488
v -1.845047 -0.189544 -1.418310
v -1.804034 -0.207377 -1.468902
v -1.858289 -0.060368 -1.468667
v -1.884024 -0.240524 -1.296518
v -1.901383 -0.170925 -1.397862
v -1.895216 -0.059691 -1.439366
v -1.901801 0.122628 -1.433285
v -1.912155 -0.325480 -0.994243
v -1.953595 0.133493 -1.424367
v -1.783716 0.479611 -1.400658
v -1.952474 -0.074283 -1.423533
v -1.949304 -0.207106 -1.331690
v -2.011566 -0.098244 -1.388492
v -2.012769 0.126359 -1.406585
v -1.849590 0.527224 -1.382184
v -1.631293 0.752835 -1.477483
v -1.910010 0.568089 -1.395125
v -2.049482 0.127959 -1.357037
v -1.694807 0.789690 -1.450657
v -2.018376 -0.101851 -1.320999
v -1.956467 0.592116 -1.353116
v -1.982857 -0.203171 -1.278587
v -1.757289 0.836185 -1.454740
v -1.979540 -0.219897 -1.152737
v -2.010818 -0.046513 -1.152821
v -2.048104 0.127696 -1.296385
v -1.891381 -0.209448 -0.826597
v -1.817508 -0.179148 -0.564214
v -1.949556 -0.013734 -0.838435
v -1.752762 -0.132653 -0.294704
v -1.878862 0.036769 -0.560705
v -2.023146 0.235326 -1.160452
v -1.656877 -0.073196 -0.041427
v -1.799145 0.084897 -0.299741
v -1.976671 0.296201 -0.859632
v -1.917040 0.364491 -0.592524
v -1.709124 0.137093 -0.045749
v -1.845452 0.422255 -0.336890
v -1.788114 0.723417 -0.706028
v -1.597483 -0.040217 0.139564
v -1.712626 0.805213 -0.456038
v -1.563478 -0.104919 0.248653
v -1.564133 -0.003112 0.259318
v -1.526341 0.003268 0.370828
v -1.439428 0.105569 0.476021
v -1.530958 0.031000 0.352445
v -1.260654 0.256029 0.579295
v -1.478770 0.121779 0.438496
v -1.237765 0.232106 0.544569
v -1.295487 0.308082 0.607456
v -1.184056 0.317839 0.585668
v -1.164064 0.249829 0.559866
v -1.113549 0.234642 0.568637
v -1.091512 0.226581 0.515980
v -1.062056 0.262502 0.546233
v -1.094137 0.260262 0.601990
v -1.034300 0.276634 0.591759
v -1.088139 0.302973 0.621739
v -1.045129 0.294471 0.609296
v -0.958870 0.276818 0.632174
v -0.958870 0.290267 0.646270
v -1.059284 0.312259 0.642873
v -0.958870 0.314957 0.695347
v -1.117465 0.340985 0.623280
v -1.018645 0.325917 0.734308
v -0.958870 0.328518 0.773568
v -0.958870 0.360350 0.792096
v -1.078069 0.345639 0.664004
v -1.050116 0.328987 0.705949
v -1.035058 0.355681 0.759182
v -0.958870 0.396988 0.796163
v -1.061541 0.359680 0.719980
v -1.086275 0.370150 0.666958
v -1.129823 0.371542 0.654412
v -1.100579 0.407540 0.696792
v -1.077282 0.394743 0.745422
v -1.204600 0.363559 0.600607
v -1.042835 0.387471 0.772051
v -1.072175 0.470481 0.712409
v -1.022995 0.473920 0.746567
v -0.958870 0.485306 0.787556
v -1.019252 0.531199 0.711851
v -0.958870 0.547523 0.764867
v -1.137465 0.457292 0.665013
v -1.006403 0.619406 0.691970
v -0.958870 0.628226 0.736754
v -0.958870 0.699575 0.738505
v -1.074688 0.515987 0.651797
v -1.029335 0.687803 0.590215
v -0.958870 0.777231 0.751446
v -1.046925 0.612666 0.619250
v -1.174979 0.522998 0.621027
v -1.201613 0.603540 0.634989
v -1.041636 0.847347 0.621177
v -1.055043 0.940715 0.749022
v -0.958870 0.874212 0.808521
v -1.212294 0.843535 0.653974
v -1.246953 0.693344 0.607886
v -1.059184 1.015227 0.887393
v -0.958870 0.968280 0.917529
v -1.202655 0.970578 0.743565
v -1.052032 1.091032 1.033280
v -0.958870 1.055347 1.049278
v -1.194331 1.073780 0.868684
v -1.181571 1.162964 1.009985
v -1.037551 1.172821 1.180663
v -0.958870 1.137728 1.192855
v -1.162925 1.243714 1.166779
v -1.030559 1.231138 1.339164
v -0.958870 1.200309 1.345046
v -1.151201 1.299560 1.332736
v -1.026644 1.277456 1.496627
v -0.958870 1.248459 1.500240
v -1.137218 1.341202 1.493307
v -1.022285 1.314974 1.654268
v -0.958870 1.289598 1.655225
v -1.121305 1.375043 1.652243
v -1.016753 1.351796 1.810108
v -0.958870 1.330174 1.811339
v -1.106878 1.400494 1.809994
v -1.012160 1.381088 1.966154
v -0.958870 1.371613 1.964808
v -0.958870 1.397438 2.114944
v -1.095269 1.414082 1.968088
v -1.007344 1.398350 2.117798
v -0.958870 1.412298 2.247896
v -1.082480 1.423054 2.121459
v -1.001198 1.409749 2.250672
v -0.958870 1.422250 2.366473
v -1.065860 1.428701 2.255979
v -0.994859 1.419148 2.369014
v -0.958870 1.413433 2.478274
v -0.989959 1.416094 2.481312
v -0.958870 1.409489 2.587577
v -1.049181 1.436182 2.375880
v -0.984991 1.413094 2.590539
v -0.958870 1.402896 2.696085
v -1.036472 1.435662 2.488992
v -1.098104 1.479558 2.257395
v -0.979432 1.406515 2.698021
v -1.079782 1.479781 2.380357
v -1.023933 1.430696 2.598002
v -1.062047 1.474439 2.495135
v -0.984101 1.394785 2.790602
v -0.958870 1.390648 2.805075
v -1.012913 1.420020 2.704274
v -1.004271 1.413828 2.843340
v -0.958870 1.420297 2.960580
v -1.047785 1.463099 2.604459
v -1.020369 1.429952 2.800251
v -1.033575 1.446246 2.710860
v -1.010648 1.462223 2.861649
v -1.038696 1.479599 2.716729
v -1.007919 1.508844 2.816702
v -1.049906 1.504248 2.609083
v -1.017365 1.528432 2.725410
v -1.066312 1.522109 2.499099
v -1.024394 1.558678 2.615053
v -1.084222 1.534299 2.381968
v -1.031178 1.582931 2.502914
v -0.958870 1.560920 2.718156
v -0.958870 1.588736 2.610777
v -0.958870 1.524494 2.832802
v -0.909822 1.508844 2.816702
v -0.893348 1.558678 2.615053
v -0.900377 1.528432 2.725410
v -0.907094 1.462223 2.861649
v -0.879045 1.479599 2.716729
v -0.867835 1.504248 2.609083
v -0.913470 1.413828 2.843340
v -0.958870 1.390648 2.805075
v -0.897372 1.429952 2.800251
v -0.933640 1.394785 2.790602
v -0.958870 1.402896 2.696085
v -0.904829 1.420020 2.704274
v -0.884166 1.446246 2.710860
v -0.869956 1.463099 2.604459
v -0.938308 1.406515 2.698021
v -0.893807 1.430696 2.598002
v -0.932750 1.413094 2.590539
v -0.958870 1.409489 2.587577
v -0.855694 1.474439 2.495135
v -0.881269 1.435662 2.488992
v -0.927781 1.416094 2.481312
v -0.958870 1.413433 2.478274
v -0.851429 1.522109 2.499099
v -0.837960 1.479781 2.380357
v -0.868558 1.436182 2.375880
v -0.922883 1.419148 2.369014
v -0.958870 1.422250 2.366473
v -0.819637 1.479558 2.257395
v -0.916543 1.409749 2.250672
v -0.958870 1.412298 2.247896
v -0.851882 1.428701 2.255979
v -0.910397 1.398350 2.117798
v -0.958870 1.397438 2.114944
v -0.835259 1.423054 2.121459
v -0.905581 1.381088 1.966154
v -0.958870 1.371613 1.964808
v -0.958870 1.330174 1.811339
v -0.799906 1.480945 2.120234
v -0.900988 1.351796 1.810108
v -0.958870 1.289598 1.655225
v -0.822470 1.414082 1.968088
v -0.895457 1.314974 1.654268
v -0.958870 1.248459 1.500240
v -0.810863 1.400494 1.809994
v -0.779994 1.477372 1.964393
v -0.891095 1.277456 1.496627
v -0.958870 1.200309 1.345046
v -0.796436 1.375043 1.652243
v -0.887182 1.231138 1.339164
v -0.958870 1.137728 1.192855
v -0.780521 1.341202 1.493307
v -0.880188 1.172821 1.180663
v -0.958870 1.055347 1.049278
v -0.766539 1.299560 1.332736
v -0.865707 1.091032 1.033280
v -0.958870 0.968280 0.917529
v -0.754816 1.243714 1.166779
v -0.858557 1.015227 0.887393
v -0.958870 0.874212 0.808521
v -0.736169 1.162964 1.009985
v -0.862699 0.940715 0.749022
v -0.958870 0.777231 0.751446
v -0.723408 1.073780 0.868684
v -0.666735 1.253106 0.981686
v -0.876106 0.847347 0.621177
v -0.684812 1.322645 1.147144
v -0.656236 1.171738 0.828067
v -0.702334 1.371022 1.319364
v -0.659590 1.344890 0.948583
v -0.720730 1.408028 1.485815
v -0.676033 1.401742 1.123848
v -0.743165 1.440323 1.647411
v -0.695681 1.449916 1.300868
v -0.719703 1.488003 1.471632
v -0.760767 1.464831 1.805249
v -0.742985 1.516507 1.636169
v -0.782787 1.547097 1.957917
v -0.762849 1.537611 1.796650
v -0.833266 1.598282 1.618283
v -0.800903 1.546007 2.115472
v -0.842597 1.619806 1.783910
v -0.850255 1.629289 1.945331
v -0.864427 1.621156 2.103297
v -0.817934 1.540540 2.255625
v -0.870533 1.606765 2.251751
v -0.833519 1.534299 2.381968
v -0.879777 1.597559 2.380785
v -0.886561 1.582931 2.502914
v -0.958870 1.612306 2.497396
v -0.958870 1.619741 2.372812
v -1.037962 1.597559 2.380785
v -0.958870 1.630138 2.242508
v -1.047208 1.606765 2.251751
v -1.099808 1.540540 2.255625
v -0.958870 1.641812 2.098907
v -1.117834 1.480945 2.120234
v -1.116838 1.546007 2.115472
v -1.137748 1.477372 1.964393
v -1.053314 1.621156 2.103297
v -1.134954 1.547097 1.957917
v -1.156974 1.464831 1.805249
v -1.067485 1.629289 1.945331
v -1.154892 1.537611 1.796650
v -1.174576 1.440323 1.647411
v -1.174756 1.516507 1.636169
v -1.075145 1.619806 1.783910
v -0.958870 1.655576 1.939349
v -0.958870 1.647492 1.771637
v -1.084475 1.598282 1.618283
v -0.958870 1.630885 1.603734
v -1.198038 1.488003 1.471632
v -1.093707 1.578898 1.453065
v -0.824034 1.578898 1.453065
v -0.958870 1.606998 1.434094
v -0.805144 1.554269 1.279893
v -0.784286 1.515916 1.093287
v -0.958870 1.586216 1.252931
v -1.112597 1.554269 1.279893
v -1.222059 1.449916 1.300868
v -1.133455 1.515916 1.093287
v -0.958870 1.555223 1.067728
v -0.772718 1.467506 0.909624
v -1.145021 1.467506 0.909624
v -0.645236 1.278188 0.782019
v -0.958870 1.511299 0.884321
v -0.763788 1.417731 0.727652
v -0.627261 1.204351 0.614853
v -0.638722 1.075089 0.681939
v -0.747256 1.362056 0.544890
v -0.715086 0.970578 0.743565
v -0.581686 1.124320 0.451368
v -0.598969 0.961520 0.553432
v -0.705446 0.843535 0.653974
v -0.521524 1.044984 0.309430
v -0.888407 0.687803 0.590215
v -0.958870 0.699575 0.738505
v -0.529843 0.857164 0.445167
v -0.670788 0.693344 0.607886
v -0.911336 0.619406 0.691970
v -0.958870 0.628226 0.736754
v -0.958870 0.547523 0.764867
v -0.870816 0.612666 0.619250
v -0.898489 0.531199 0.711851
v -0.958870 0.485306 0.787556
v -0.843051 0.515987 0.651797
v -0.716126 0.603540 0.634989
v -0.894746 0.473920 0.746567
v -0.958870 0.396988 0.796163
v -0.845567 0.470481 0.712409
v -0.874907 0.387471 0.772051
v -0.882682 0.355681 0.759182
v -0.958870 0.360350 0.792096
v -0.840457 0.394743 0.745422
v -0.899096 0.325917 0.734308
v -0.958870 0.328518 0.773568
v -0.958870 0.314957 0.695347
v -0.856200 0.359680 0.719980
v -0.817163 0.407540 0.696792
v -0.858457 0.312259 0.642873
v -0.958870 0.290267 0.646270
v -0.867625 0.328987 0.705949
v -0.839670 0.345639 0.664004
v -0.831465 0.370150 0.666958
v -0.872612 0.294471 0.609296
v -0.958870 0.276818 0.632174
v -0.883440 0.276634 0.591759
v -0.829602 0.302973 0.621739
v -0.823602 0.260262 0.601990
v -0.855685 0.262502 0.546233
v -0.800276 0.340985 0.623280
v -0.804190 0.234642 0.568637
v -0.826229 0.226581 0.515980
v -0.759768 0.184904 0.467704
v -0.787916 0.371542 0.654412
v -0.711566 0.216002 0.463346
v -0.634099 0.088306 0.398314
v -0.753675 0.249829 0.559866
v -0.618761 0.104257 0.373269
v -0.575617 -0.012228 0.328117
v -0.679976 0.232106 0.544569
v -0.733685 0.317839 0.585668
v -0.566137 0.080035 0.467566
v -0.657087 0.256029 0.579295
v -0.713140 0.363559 0.600607
v -0.475205 -0.101393 0.363532
v -0.778317 0.411205 0.649029
v -0.622253 0.308082 0.607456
v -0.718652 0.423775 0.607997
v -0.780277 0.457292 0.665013
v -0.744543 0.462949 0.617328
v -0.742762 0.522998 0.621027
v -0.695781 0.477900 0.640964
v -0.667037 0.527313 0.640979
v -0.568516 0.564960 0.532484
v -0.581356 0.386881 0.602767
v -0.439820 0.698668 0.318822
v -0.495374 0.411887 0.466898
v -0.454662 0.986155 0.177056
v -0.389981 0.447674 0.308073
v -0.357192 0.907082 -0.005173
v -0.287488 0.493346 0.129761
v -0.360245 0.166991 0.289321
v -0.287483 0.163381 0.147482
v -0.414048 0.158710 0.410761
v -0.438971 0.121779 0.438496
v -0.386782 0.031000 0.352445
v -0.353606 -0.003112 0.259318
v -0.391398 0.003268 0.370828
v -0.478313 0.105569 0.476021
v -0.354263 -0.104919 0.248653
v -0.522871 0.088015 0.487813
v -0.403053 -0.047574 0.382193
v -0.435987 -0.084317 0.385294
v -0.361905 -0.147500 0.255699
v -0.320256 -0.040217 0.139564
v -0.347420 -0.137354 0.139334
v -0.383814 -0.178287 0.261292
v -0.208616 0.137093 -0.045749
v -0.433297 -0.200688 0.253658
v -0.260864 -0.073196 -0.041427
v -0.547415 -0.039837 0.297297
v -0.528049 -0.202631 0.235716
v -0.505573 -0.218310 0.212960
v -0.579350 -0.265159 0.150765
v -0.406019 -0.247267 0.151075
v -0.485050 -0.263587 0.098381
v -0.599689 -0.287108 0.049192
v -0.638083 -0.273531 0.061886
v -0.672664 -0.223057 -0.060863
v -0.458360 -0.279646 -0.044579
v -0.625076 -0.300883 -0.068419
v -0.733893 -0.287481 -0.270406
v -0.547770 -0.291633 -0.065933
v -0.520139 -0.377827 -0.215355
v -0.958870 -0.244582 -0.301178
v -0.814282 -0.228653 -0.217875
v -0.626929 -0.370336 -0.238101
v -0.744702 -0.315858 -0.441989
v -0.958870 -0.239874 -0.438214
v -0.604697 -0.422636 -0.396797
v -0.497673 -0.435293 -0.382381
v -0.757375 -0.361054 -0.538898
v -0.958870 -0.262551 -0.557358
v -0.591172 -0.432259 -0.513167
v -0.759859 -0.409790 -0.601757
v -0.958870 -0.335081 -0.635579
v -0.958870 -0.448084 -0.658695
v -0.751848 -0.475507 -0.654428
v -0.958870 -0.484046 -0.718248
v -0.621000 -0.469299 -0.547466
v -0.560887 -0.517771 -0.623436
v -0.679118 -0.487780 -0.734898
v -0.763689 -0.455382 -0.875063
v -0.958870 -0.438270 -0.863820
v -0.497868 -0.472811 -0.533224
v -0.806947 -0.512596 -0.943429
v -0.958870 -0.525334 -0.952953
v -0.403605 -0.390511 -0.385909
v -0.834378 -0.585788 -1.001181
v -0.958870 -0.601678 -1.006415
v -0.958870 -0.612466 -1.096567
v -0.802341 -0.619244 -1.057812
v -0.724781 -0.535073 -0.969469
v -0.776869 -0.590183 -1.069977
v -0.652074 -0.489274 -0.904792
v -0.698225 -0.533864 -1.014129
v -0.501920 -0.486103 -0.724725
v -0.608999 -0.496973 -0.948014
v -0.475574 -0.439650 -0.779567
v -0.433821 -0.445732 -0.595563
v -0.397902 -0.406530 -0.622541
v -0.281487 -0.425343 -0.625922
v -0.383080 -0.346648 -0.861752
v -0.471864 -0.383238 -0.935536
v -0.580260 -0.422261 -1.030089
v -0.351365 -0.292811 -1.019660
v -0.401591 -0.384684 -1.110325
v -0.494124 -0.444949 -1.168665
v -0.678394 -0.463084 -1.075854
v -0.497759 -0.494994 -1.242205
v -0.747961 -0.477737 -1.125788
v -0.565656 -0.573988 -1.324651
v -0.238914 -0.389944 -0.825445
v -0.222279 -0.234531 -1.120153
v -0.285733 -0.281455 -1.189822
v -0.205990 -0.436833 -0.615321
v -0.139774 -0.269611 -1.354770
v -0.189112 -0.299640 -1.409630
v -0.111708 -0.296928 -1.074914
v -0.072694 -0.189544 -1.418310
v -0.113708 -0.207377 -1.468902
v -0.059451 -0.060368 -1.468667
v -0.095203 -0.247524 -1.335488
v -0.022525 -0.059691 -1.439366
v -0.015939 0.122628 -1.433285
v -0.016359 -0.170925 -1.397862
v -0.033717 -0.240524 -1.296518
v 0.035853 0.133493 -1.424367
v -0.134023 0.479611 -1.400658
v 0.034734 -0.074283 -1.423533
v -0.068151 0.527224 -1.382184
v -0.286448 0.752835 -1.477483
v 0.095028 0.126359 -1.406585
v -0.222934 0.789690 -1.450657
v -0.007730 0.568089 -1.395125
v 0.093824 -0.098244 -1.388492
v 0.131741 0.127959 -1.357037
v 0.031564 -0.207106 -1.331690
v 0.100636 -0.101851 -1.320999
v 0.038725 0.592116 -1.353116
v 0.130362 0.127696 -1.296385
v 0.065118 -0.203171 -1.278587
v -0.160451 0.836185 -1.454740
v 0.093077 -0.046513 -1.152821
v 0.061799 -0.219897 -1.152737
v -0.005587 -0.325480 -0.994243
v -0.026361 -0.209448 -0.826597
v -0.062530 -0.345272 -1.004622
v -0.060175 -0.361014 -0.811293
v -0.188586 -0.400466 -0.818926
v -0.128230 -0.404709 -0.806603
v -0.131778 -0.390225 -0.601759
v -0.158139 -0.428323 -0.613196
v -0.239722 -0.318471 -0.333909
v -0.209529 -0.291735 -0.317755
v -0.100234 -0.179148 -0.564214
v -0.184432 -0.246925 -0.303446
v -0.306974 -0.202835 0.001533
v 0.031816 -0.013734 -0.838435
v -0.164979 -0.132653 -0.294704
v 0.105404 0.235326 -1.160452
v -0.038879 0.036769 -0.560705
v 0.058932 0.296201 -0.859632
v -0.298455 -0.169622 -0.002687
v -0.118594 0.084897 -0.299741
v -0.349437 -0.177605 0.148298
v -0.330132 -0.230066 0.010837
v -0.365456 -0.214024 0.149912
v -0.339157 -0.252597 -0.076285
v -0.285546 -0.326543 -0.364746
v -0.437495 -0.312970 -0.218383
v -0.000701 0.364491 -0.592524
v -0.072289 0.422255 -0.336890
v -0.129627 0.723417 -0.706028
v -0.177180 0.477587 -0.084759
v -0.205116 0.805213 -0.456038
v -0.272464 0.865629 -0.206206
v -0.567333 1.150494 -0.346570
v -0.611521 1.179290 -0.143121
v -0.658911 1.198116 0.025676
v -0.524869 1.113627 -0.619435
v -0.688500 1.236392 0.195189
v -0.958870 1.275737 -0.040243
v -0.720700 1.300095 0.365218
v -0.958870 1.295269 0.134539
v -0.958870 1.344754 0.304953
v -0.958870 1.410922 0.492988
v -0.958870 1.462845 0.693590
v -1.197042 1.300095 0.365218
v -1.153954 1.417731 0.727652
v -1.170485 1.362056 0.544890
v -1.229239 1.236392 0.195189
v -1.336055 1.124320 0.451368
v -1.258830 1.198116 0.025676
v -1.396215 1.044984 0.309430
v -1.463079 0.986155 0.177056
v -1.306220 1.179290 -0.143121
v -1.560549 0.907082 -0.005173
v -1.387897 0.857164 0.445167
v -0.958870 1.274634 -0.208963
v -0.958870 1.268796 -0.394805
v -1.350408 1.150494 -0.346570
v -1.645278 0.865629 -0.206206
v -1.392872 1.113627 -0.619435
v -1.740561 0.477587 -0.084759
v -0.958870 1.245758 -0.740186
v -1.630258 0.163381 0.147482
v -1.630253 0.493346 0.129761
v -1.477921 0.698668 0.318822
v -1.527760 0.447674 0.308073
v -1.557496 0.166991 0.289321
v -1.349226 0.564960 0.532484
v -1.503693 0.158710 0.410761
v -1.422365 0.411887 0.466898
v -1.336385 0.386881 0.602767
v -1.250704 0.527313 0.640979
v -1.221961 0.477900 0.640964
v -1.173198 0.462949 0.617328
v -1.199088 0.423775 0.607997
v -1.139422 0.411205 0.649029
v -1.318772 0.961520 0.553432
v -1.279018 1.075089 0.681939
v -1.290479 1.204351 0.614853
v -1.261503 1.171738 0.828067
v -1.272505 1.278188 0.782019
v -1.251004 1.253106 0.981686
v -1.258150 1.344890 0.948583
v -1.232929 1.322645 1.147144
v -1.241708 1.401742 1.123848
v -1.215406 1.371022 1.319364
v -1.197011 1.408028 1.485815
v -1.490650 1.015714 -1.587242
v -1.447480 0.971377 -1.629879
v -1.282017 1.116175 -1.769156
v -1.545844 1.059819 -1.557056
v -1.316008 1.199799 -1.749164
v -1.072073 1.188799 -1.807269
v -1.778677 0.865613 -1.421663
v -1.089350 1.306817 -1.833464
v -0.958870 1.205952 -1.823728
v -1.355798 1.295184 -1.757044
v -1.570936 1.090033 -1.525426
v -1.134869 1.420987 -1.848623
v -1.375286 1.349974 -1.709429
v -0.958870 1.329806 -1.849163
v -0.958870 1.452638 -1.868400
v -0.828391 1.306817 -1.833464
v -0.845668 1.188799 -1.807269
v -0.958870 1.514068 -1.830310
v -0.601733 1.199799 -1.749164
v -0.635722 1.116175 -1.769156
v -0.782872 1.420987 -1.848623
v -0.561942 1.295184 -1.757044
v -0.427089 1.015714 -1.587242
v -0.470261 0.971377 -1.629879
v -0.371897 1.059819 -1.557056
v -0.139064 0.865613 -1.421663
v -0.346803 1.090033 -1.525426
v -0.542455 1.349974 -1.709429
v 0.037591 0.602562 -1.303996
v -0.756304 1.476566 -1.803709
v 0.006999 0.612336 -1.220325
v -0.759983 1.511050 -1.739053
v -0.059684 0.658543 -0.968405
v -0.167871 0.887600 -1.314041
v -0.142745 0.881581 -1.371506
v -0.473280 1.071379 -0.864480
v -0.344660 1.110306 -1.475242
v -0.357978 1.009057 -1.121056
v -0.378895 1.109019 -1.415370
v -0.550864 1.385599 -1.643372
v -0.593506 1.376365 -1.564255
v -0.532243 1.137245 -1.268082
v -0.797837 1.502954 -1.677254
v -0.958870 1.238139 -0.939544
v -0.702306 1.319693 -1.472322
v -0.958870 1.235518 -1.151523
v -1.444461 1.071379 -0.864480
v -1.385498 1.137245 -1.268082
v -1.858057 0.658543 -0.968405
v -1.559762 1.009057 -1.121056
v -1.924739 0.612336 -1.220325
v -1.749868 0.887600 -1.314041
v -1.955332 0.602562 -1.303996
v -1.774996 0.881581 -1.371506
v -1.573081 1.110306 -1.475242
v -1.538846 1.109019 -1.415370
v -1.366875 1.385599 -1.643372
v -1.324235 1.376365 -1.564255
v -1.157758 1.511050 -1.739053
v -1.161438 1.476566 -1.803709
v -0.958870 1.543167 -1.780656
v -1.119905 1.502954 -1.677254
v -0.958870 1.541094 -1.714671
v -1.215436 1.319693 -1.472322
v -1.055819 1.423162 -1.600209
v -0.958870 1.300559 -1.402041
v -0.958870 1.446778 -1.633354
v -0.861923 1.423162 -1.600209
v -0.548459 -0.357861 0.135635
v -0.565840 -0.252103 -0.051288
v -0.525276 -0.327358 0.155736
v -0.541454 -0.201308 -0.034055
v -0.537373 -0.477324 0.295957
v -0.544917 -0.281870 0.153914
v -0.568906 -0.172927 -0.013120
v -0.531739 -0.463269 0.311105
v -0.587554 -0.290392 0.145591
v -0.624794 -0.183361 -0.016958
v -0.645502 -0.224185 -0.033877
v -0.546596 -0.449838 0.324833
v -0.602067 -0.323998 0.132021
v -0.623106 -0.268738 -0.049050
v -0.565167 -0.454777 0.318602
v -0.583045 -0.356488 0.131456
v -0.565840 -0.252103 -0.051288
v -0.548459 -0.357861 0.135635
v -0.573168 -0.469645 0.304673
v -0.555074 -0.482768 0.291882
v -0.537373 -0.477324 0.295957
v -0.562155 -0.645143 0.445986
v -0.568001 -0.645587 0.446442
v -0.570993 -0.698103 0.490567
v -0.569011 -0.644235 0.452436
v -0.565090 -0.637758 0.457081
v -0.561630 -0.637952 0.461610
v -0.562155 -0.645143 0.445986
v -0.560190 -0.637906 0.451010
v -0.672991 0.834455 -1.887040
v -0.684364 0.849526 -1.786540
v -0.716758 0.885072 -1.787094
v -0.750091 0.949060 -1.814121
v -0.628850 0.824165 -1.826029
v -0.721899 0.889095 -1.923121
v -0.786441 1.044109 -1.876635
v -0.610317 0.831632 -1.890637
v -0.542681 0.862582 -1.865803
v -0.647536 0.995429 -2.034712
v -0.729635 0.987119 -2.003277
v -0.783497 1.120250 -2.062725
v -0.883027 1.211285 -2.047092
v -0.526459 0.956479 -1.998691
v -0.412766 1.016280 -1.898959
v -0.633210 1.154084 -2.143991
v -0.928951 1.264364 -2.185809
v -0.875483 1.245924 -2.030646
v -0.932451 1.306858 -2.173497
v -0.452723 1.066316 -2.085277
v -0.611492 1.184024 -2.251513
v -0.926069 1.318192 -2.368243
v -0.941106 1.357901 -2.360052
v -0.926965 1.370953 -2.554051
v -0.904810 1.326728 -2.550553
v -0.926762 1.290800 -2.890615
v -0.565013 1.179167 -2.528365
v -0.402945 1.075961 -2.223407
v -0.911500 1.251997 -2.880465
v -0.550828 1.128605 -2.828691
v -0.930650 1.092725 -3.335968
v -0.930948 1.123121 -3.366241
v -0.596452 0.960604 -3.265517
v -0.934839 0.884044 -3.754466
v -0.933785 0.922819 -3.773826
v -0.651813 0.741199 -3.683871
v -0.934748 0.631212 -4.143755
v -0.935385 0.660104 -4.169035
v -0.936193 0.436895 -4.418904
v -0.672597 0.503530 -4.065279
v -0.927201 0.405704 -4.400595
v -0.931895 0.238331 -4.599230
v -0.660171 0.283736 -4.325210
v -0.891743 0.219906 -4.576659
v -0.937418 -0.086274 -4.811085
v -0.450607 0.154598 -4.288796
v -0.930489 -0.114364 -4.787524
v -0.715985 -0.131234 -4.700151
v -0.924567 -0.326038 -4.877720
v -0.934288 -0.336751 -4.905988
v -0.931210 -0.373135 -4.897712
v -0.817434 -0.282601 -4.813835
v -0.893305 -0.413911 -4.853967
v -0.925453 -0.402093 -4.887977
v -0.915190 -0.429292 -4.873199
v -0.887434 -0.459010 -4.851240
v -0.851197 -0.467488 -4.838116
v -0.697603 -0.356799 -4.771638
v -0.714354 -0.460794 -4.771892
v -0.486057 -0.421527 -4.648900
v -0.558548 -0.170895 -4.622844
v -0.490271 -0.376481 -4.654784
v -0.356038 -0.415246 -4.553680
v -0.440385 -0.216819 -4.569501
v -0.356519 -0.353429 -4.558984
v -0.086391 -0.384282 -4.300149
v -0.368325 -0.279562 -4.548791
v -0.265809 0.032531 -4.253133
v -0.080452 -0.326877 -4.307140
v 0.083786 -0.344265 -3.939881
v -0.123548 -0.163513 -4.296864
v 0.088429 -0.281791 -3.944633
v 0.224649 -0.307336 -3.445640
v 0.045008 -0.003282 -3.944068
v 0.205879 -0.229057 -3.447419
v 0.253009 -0.207722 -2.988748
v 0.286841 -0.295149 -2.983521
v 0.144648 0.078056 -3.502119
v 0.246557 -0.200683 -2.521698
v 0.288351 -0.284890 -2.512542
v 0.202272 0.196808 -3.066795
v 0.191456 0.264768 -2.663177
v 0.200732 -0.188743 -2.187820
v 0.238217 -0.277121 -2.161602
v 0.169268 0.329045 -2.340708
v 0.116848 -0.181660 -1.937570
v 0.135319 -0.215540 -1.915568
v 0.085941 -0.039974 -1.795914
v 0.134485 -0.058528 -1.758435
v 0.135260 0.176631 -1.679893
v 0.099319 0.183040 -1.752855
v 0.089547 0.420311 -1.936544
v -0.045105 0.572813 -1.766763
v -0.034739 0.590727 -1.679118
v -0.239542 0.885289 -1.820066
v -0.133153 0.845835 -2.075900
v -0.229005 0.883763 -1.888298
v -0.391483 1.014887 -1.935140
v -0.413325 1.042649 -2.033206
v -0.024738 0.772408 -2.473745
v -0.336852 1.050742 -2.540011
v 0.011209 0.725058 -2.778253
v -0.307733 1.007398 -2.841836
v -0.019499 0.600971 -3.191479
v -0.335026 0.853392 -3.244217
v -0.105848 0.437813 -3.597550
v -0.393328 0.643099 -3.647350
v -0.185019 0.243320 -3.948717
v -0.448736 0.452065 -4.003235
v -1.233377 0.849526 -1.786540
v -1.244750 0.834455 -1.887040
v -1.200984 0.885072 -1.787094
v -1.167650 0.949060 -1.814121
v -1.288891 0.824165 -1.826029
v -1.195843 0.889095 -1.923121
v -1.131299 1.044109 -1.876635
v -1.307424 0.831632 -1.890637
v -1.188105 0.987119 -2.003277
v -1.375061 0.862582 -1.865803
v -1.345402 0.860327 -1.805912
v -1.504973 1.016280 -1.898959
v -1.270205 0.995429 -2.034712
v -1.391283 0.956479 -1.998691
v -1.134243 1.120250 -2.062725
v -1.526258 1.014887 -1.935140
v -1.034714 1.211285 -2.047092
v -1.159913 1.085087 -1.831920
v -1.042259 1.245924 -2.030646
v -0.988790 1.264364 -2.185809
v -0.985290 1.306858 -2.173497
v -1.284530 1.154084 -2.143991
v -1.465019 1.066316 -2.085277
v -1.306248 1.184024 -2.251513
v -0.991672 1.318192 -2.368243
v -0.976635 1.357901 -2.360052
v -0.990777 1.370953 -2.554051
v -1.504416 1.042649 -2.033206
v -1.012930 1.326728 -2.550553
v -0.990979 1.290800 -2.890615
v -1.352727 1.179167 -2.528365
v -1.514796 1.075961 -2.223407
v -1.366913 1.128605 -2.828691
v -1.688735 0.883763 -1.888298
v -1.678199 0.885289 -1.820066
v -1.784588 0.845835 -2.075900
v -1.872637 0.572813 -1.766763
v -1.883003 0.590727 -1.679118
v -2.053001 0.176631 -1.679893
v -1.580889 1.050742 -2.540011
v -2.017061 0.183040 -1.752855
v -1.893003 0.772408 -2.473745
v -2.007288 0.420311 -1.936544
v -2.003680 -0.039974 -1.795914
v -2.052226 -0.058528 -1.758435
v -2.053060 -0.215540 -1.915568
v -2.087009 0.329045 -2.340708
v -2.034590 -0.181660 -1.937570
v -2.155957 -0.277121 -2.161602
v -2.118473 -0.188743 -2.187820
v -2.206092 -0.284890 -2.512542
v -2.164299 -0.200683 -2.521698
v -2.204581 -0.295149 -2.983521
v -2.109195 0.264768 -2.663177
v -2.170748 -0.207722 -2.988748
v -2.142390 -0.307336 -3.445640
v -1.928949 0.725058 -2.778253
v -2.120013 0.196808 -3.066795
v -2.123621 -0.229057 -3.447419
v -1.610008 1.021780 -2.841783
v -1.898242 0.600971 -3.191479
v -1.582716 0.853392 -3.244217
v -1.811893 0.437813 -3.597550
v -2.062388 0.078056 -3.502119
v -1.524411 0.643099 -3.647350
v -1.732721 0.243320 -3.948717
v -1.962749 -0.041171 -3.944208
v -2.006171 -0.281791 -3.944633
v -2.001526 -0.344265 -3.939881
v -1.794193 -0.163513 -4.296864
v -1.837289 -0.326877 -4.307140
v -1.831350 -0.384282 -4.300149
v -1.651932 0.032531 -4.253133
v -1.549416 -0.279562 -4.548791
v -1.561222 -0.353429 -4.558984
v -1.561702 -0.415246 -4.553680
v -1.427470 -0.376481 -4.654784
v -1.431684 -0.421527 -4.648900
v -1.477356 -0.216819 -4.569501
v -1.359191 -0.170895 -4.622844
v -1.220138 -0.356799 -4.771638
v -1.203387 -0.460794 -4.771892
v -1.066545 -0.467488 -4.838116
v -1.467134 0.154598 -4.288796
v -1.201756 -0.131234 -4.700151
v -1.024436 -0.413911 -4.853967
v -1.030307 -0.459010 -4.851240
v -1.002551 -0.429292 -4.873199
v -0.992287 -0.402093 -4.887977
v -0.986531 -0.373135 -4.897712
v -1.100307 -0.282601 -4.813835
v -0.993174 -0.326038 -4.877720
v -0.983454 -0.336751 -4.905988
v -0.980324 -0.086274 -4.811085
v -0.987252 -0.114364 -4.787524
v -1.025997 0.219906 -4.576659
v -0.985846 0.238331 -4.599230
v -1.257571 0.283736 -4.325210
v -0.990541 0.405704 -4.400595
v -0.981546 0.436895 -4.418904
v -0.982992 0.631212 -4.143755
v -0.982356 0.660104 -4.169035
v -0.983954 0.922819 -3.773826
v -1.245143 0.503530 -4.065279
v -0.982903 0.884044 -3.754466
v -0.986793 1.123121 -3.366241
v -1.493098 0.434349 -4.003301
v -1.265929 0.741199 -3.683871
v -0.987092 1.092725 -3.335968
v -1.321289 0.960604 -3.265517
v -1.006242 1.251997 -2.880465
v -1.392464 -0.327358 0.155736
v -1.351902 -0.252103 -0.051288
v -1.369282 -0.357861 0.135635
v -1.376287 -0.201308 -0.034055
v -1.380368 -0.477324 0.295957
v -1.372823 -0.281870 0.153914
v -1.348835 -0.172927 -0.013120
v -1.386003 -0.463269 0.311105
v -1.330188 -0.290392 0.145591
v -1.292947 -0.183361 -0.016958
v -1.272239 -0.224185 -0.033877
v -1.371145 -0.449838 0.324833
v -1.352573 -0.454777 0.318602
v -1.315674 -0.323998 0.132021
v -1.294635 -0.268738 -0.049050
v -1.357551 -0.637906 0.451010
v -1.355586 -0.645143 0.445986
v -1.346746 -0.698103 0.490567
v -1.356111 -0.637952 0.461610
v -1.352649 -0.637758 0.457081
v -1.344573 -0.469645 0.304673
v -1.348730 -0.644235 0.452436
v -1.349741 -0.645587 0.446442
v -1.350902 -0.645498 0.446351
v -1.355586 -0.645143 0.445986
v -1.362667 -0.482768 0.291882
v -1.380368 -0.477324 0.295957
v -1.369282 -0.357861 0.135635
v -1.334697 -0.356488 0.131456
v -1.351902 -0.252103 -0.051288
v -0.542681 0.862582 -1.865803
v -0.572339 0.860327 -1.805912
v -0.628850 0.824165 -1.826029
v -0.412766 1.016280 -1.898959
v -0.636084 0.876999 -1.764446
v -0.684364 0.849526 -1.786540
v -0.590979 0.911184 -1.763068
v -0.686481 0.921921 -1.756843
v -0.716758 0.885072 -1.787094
v -0.750091 0.949060 -1.814121
v -0.614290 0.964584 -1.745829
v -0.723275 0.989216 -1.767593
v -0.786441 1.044109 -1.876635
v -0.645097 1.036688 -1.754010
v -0.757828 1.085087 -1.831920
v -0.883027 1.211285 -2.047092
v -0.875483 1.245924 -2.030646
v -0.532561 1.109698 -1.874240
v -0.670296 1.157460 -1.859689
v -0.812015 1.281305 -2.008588
v -0.900160 1.332823 -2.176493
v -0.932451 1.306858 -2.173497
v -0.941106 1.357901 -2.360052
v -0.692427 1.271385 -2.010284
v -0.923455 1.383304 -2.371225
v -0.926965 1.370953 -2.554051
v -0.774545 1.345898 -2.556843
v -0.901248 1.379549 -2.555551
v -0.926762 1.290800 -2.890615
v -0.901132 1.302750 -2.893423
v -0.930948 1.123121 -3.366241
v -0.467293 1.143894 -1.934923
v -0.914346 1.135160 -3.386790
v -0.933785 0.922819 -3.773826
v -0.381231 1.055380 -1.882057
v -0.239542 0.885289 -1.820066
v -0.224163 1.085581 -2.336155
v -0.172583 0.919840 -1.868670
v -0.198179 0.920323 -1.833789
v -0.034739 0.590727 -1.679118
v 0.003133 0.604374 -1.700701
v 0.135260 0.176631 -1.679893
v 0.025553 0.605355 -1.745378
v 0.128062 0.621876 -2.105461
v 0.169901 0.189550 -1.698972
v 0.196227 0.206561 -1.738320
v 0.180546 -0.041106 -1.774089
v 0.134485 -0.058528 -1.758435
v 0.213944 -0.007347 -1.809139
v 0.248900 0.274733 -2.071269
v 0.286484 -0.005806 -2.028197
v 0.257312 -0.149976 -1.963107
v 0.222008 -0.198370 -1.951707
v 0.135319 -0.215540 -1.915568
v 0.238217 -0.277121 -2.161602
v 0.314684 -0.196227 -2.153269
v 0.285893 -0.248254 -2.152937
v 0.336931 -0.258068 -2.505702
v 0.288351 -0.284890 -2.512542
v 0.369901 -0.210006 -2.500217
v 0.324810 -0.038550 -2.179729
v 0.330941 -0.272746 -2.983004
v 0.286841 -0.295149 -2.983521
v 0.328891 0.204526 -2.533802
v 0.259837 -0.306701 -3.452462
v 0.224649 -0.307336 -3.445640
v 0.083786 -0.344265 -3.939881
v 0.363986 -0.233361 -2.983599
v 0.110055 -0.340150 -3.952090
v -0.086391 -0.384282 -4.300149
v 0.282371 -0.272925 -3.459365
v -0.070308 -0.387096 -4.314015
v -0.356038 -0.415246 -4.553680
v 0.129593 -0.318342 -3.964279
v 0.304466 -0.179485 -3.469810
v -0.349456 -0.426873 -4.567238
v -0.486057 -0.421527 -4.648900
v -0.057156 -0.366119 -4.328376
v -0.483726 -0.437719 -4.659132
v -0.714354 -0.460794 -4.771892
v 0.150977 -0.259539 -3.984885
v -0.711466 -0.459288 -4.782522
v 0.398733 -0.119961 -2.984339
v -0.846347 -0.474991 -4.841856
v -0.851197 -0.467488 -4.838116
v 0.380581 -0.066927 -2.495319
v 0.354004 0.104448 -3.004616
v 0.289771 -0.037172 -3.483852
v 0.148391 -0.165748 -3.997158
v 0.177630 0.615749 -2.630998
v -0.215152 1.044423 -2.795221
v 0.222170 0.504209 -3.118810
v -0.738018 1.264735 -2.903445
v -0.167835 0.925853 -3.263344
v -0.742543 1.118051 -3.355326
v -0.225698 0.718112 -3.713442
v 0.161084 0.309130 -3.578502
v -0.774897 0.918789 -3.774504
v -0.355190 0.506725 -4.097960
v 0.036449 0.107736 -4.023695
v -0.907391 0.939197 -3.794157
v -0.935385 0.660104 -4.169035
v -0.857671 0.678004 -4.176865
v -0.926130 0.677687 -4.175582
v -0.928566 0.457501 -4.437033
v -0.936193 0.436895 -4.418904
v -0.881963 0.462893 -4.438836
v -0.488205 0.272070 -4.379083
v -0.887847 0.275306 -4.625553
v -0.931125 0.256938 -4.619556
v -0.931895 0.238331 -4.599230
v -0.121928 -0.107236 -4.339642
v -0.551841 0.165891 -4.517214
v -0.901321 -0.067560 -4.846423
v -0.934596 -0.077175 -4.831982
v -0.937418 -0.086274 -4.811085
v -0.692187 -0.180626 -4.807169
v -0.930409 -0.310014 -4.924951
v -0.934288 -0.336751 -4.905988
v -0.897456 -0.294079 -4.928141
v -0.929984 -0.371566 -4.916177
v -0.931210 -0.373135 -4.897712
v -0.903527 -0.358303 -4.931687
v -0.926384 -0.403226 -4.902872
v -0.925453 -0.402093 -4.887977
v -0.898914 -0.393398 -4.923808
v -0.810267 -0.395644 -4.886138
v -0.899189 -0.425122 -4.909807
v -0.915219 -0.434394 -4.889397
v -0.915190 -0.429292 -4.873199
v -0.873374 -0.456523 -4.880012
v -0.886533 -0.465186 -4.859940
v -0.887434 -0.459010 -4.851240
v -0.831057 -0.461142 -4.858504
v -0.681350 -0.434031 -4.797691
v -0.659920 -0.368071 -4.818157
v -0.464492 -0.407455 -4.685124
v -0.478544 -0.248753 -4.703255
v -0.465385 -0.364022 -4.710043
v -0.331572 -0.395682 -4.589654
v -0.326695 -0.336678 -4.606189
v -0.049263 -0.309984 -4.345891
v -0.065291 -0.226591 -4.351041
v -0.580909 0.132769 2.128006
v -0.624402 0.025953 2.040361
v -0.572431 0.126335 2.144719
v -0.519387 0.231026 2.247036
v -0.630817 0.040440 2.000540
v -0.712506 -0.112486 1.834481
v -0.568131 0.143291 2.123126
v -0.708697 -0.068186 1.805071
v -0.613938 0.045031 1.972764
v -0.791658 -0.165122 1.594878
v -0.804560 -0.238509 1.623464
v -0.874154 -0.317011 1.398230
v -0.675839 -0.045642 1.786237
v -0.881238 -0.247710 1.358822
v -0.927274 -0.334754 1.220441
v -0.742378 -0.122895 1.582263
v -0.919122 -0.263248 1.207454
v -0.819458 -0.161907 1.370055
v -0.956672 -0.276134 1.164536
v -0.955645 -0.389752 1.083075
v -0.993658 -0.367685 1.216609
v -0.874696 -0.169207 1.177129
v -0.733117 -0.115719 1.365967
v -0.766973 -0.113769 1.183057
v -0.686970 -0.104730 1.578120
v -0.687310 -0.174890 1.178285
v -0.634165 -0.043634 1.783063
v -0.657365 -0.167098 1.368528
v -0.638565 -0.134314 1.585054
v -0.586576 0.047744 1.969817
v -0.589108 -0.061796 1.794338
v -0.613172 -0.193819 1.599565
v -0.558355 0.131892 2.102588
v -0.551183 0.042147 1.991598
v -0.570987 -0.107569 1.818658
v -0.532684 0.137460 2.118600
v -0.538944 0.023771 2.023061
v -0.526504 0.114878 2.127218
v -0.540354 0.110744 2.146990
v -0.557529 0.008531 2.047610
v -0.562459 0.105533 2.143538
v -0.572431 0.126335 2.144719
v -0.624402 0.025953 2.040361
v -0.593893 0.005283 2.052488
v -0.712506 -0.112486 1.834481
v -0.611105 -0.147420 1.847391
v -0.676203 -0.150695 1.855801
v -0.804560 -0.238509 1.623464
v -0.642448 -0.271819 1.628052
v -0.743789 -0.285961 1.646364
v -0.800611 -0.359728 1.416258
v -0.874154 -0.317011 1.398230
v -0.692343 -0.345571 1.397237
v -0.635778 -0.265664 1.375422
v -0.724761 -0.374575 1.191428
v -0.855539 -0.405374 1.206244
v -0.927274 -0.334754 1.220441
v -0.955645 -0.389752 1.083075
v -0.856206 -0.404268 1.041734
v -0.949564 -0.355819 0.785727
v -0.672904 -0.282436 1.176885
v -0.744401 -0.364833 0.992901
v -0.836034 -0.357057 0.782500
v -0.935803 -0.291665 0.521063
v -0.809268 -0.277759 0.521212
v -0.746161 -0.316652 0.779886
v -0.740192 -0.246397 0.517037
v -0.685405 -0.273609 0.986520
v -0.697742 -0.232713 0.774649
v -0.686402 -0.187182 0.520359
v -0.695724 -0.154342 0.989677
v -0.693338 -0.124748 0.786439
v -0.678277 -0.085669 0.531058
v -0.776141 -0.077981 1.003195
v -0.759531 -0.037844 0.798155
v -0.753649 -0.004374 0.539600
v -0.833059 0.029735 0.538321
v -0.853319 0.002941 0.796240
v -0.872715 -0.081542 1.005481
v -0.960455 -0.194170 1.111652
v -0.954398 -0.107079 0.978633
v -0.952284 -0.011535 0.785018
v -0.948550 0.040867 0.532659
v -1.065192 0.032610 0.536493
v -1.051280 0.008903 0.788863
v -1.034786 -0.080368 0.993401
v -0.993814 -0.272066 1.200059
v -1.024070 -0.185124 1.152480
v -1.021797 -0.257389 1.284034
v -1.025948 -0.345643 1.323116
v -1.053946 -0.199699 1.265757
v -1.102077 -0.125128 1.132437
v -1.099756 -0.206044 1.545577
v -1.100450 -0.269902 1.571216
v -1.192562 -0.147784 1.797547
v -1.129854 -0.150121 1.523932
v -1.126812 -0.126544 1.297379
v -1.187336 -0.098787 1.770322
v -1.215619 -0.068417 1.750102
v -1.192001 -0.111417 1.518772
v -1.275866 0.022975 1.974753
v -1.277885 -0.009895 2.004684
v -1.293597 0.035916 1.961198
v -1.354172 0.157658 2.162820
v -1.357381 0.151118 2.170673
v -1.399511 0.228996 2.244931
v -1.360033 0.165910 2.159378
v -1.372335 0.169082 2.153055
v -1.254689 -0.061691 1.743544
v -1.313797 0.039514 1.952438
v -1.349170 0.031379 1.953657
v -1.303570 -0.079560 1.741928
v -1.268770 -0.137258 1.518128
v -1.388180 0.162087 2.153071
v -1.395462 0.144225 2.159872
v -1.373254 -0.005115 1.974754
v -1.336698 -0.138989 1.754938
v -1.240252 -0.156462 1.306825
v -1.293653 -0.209756 1.528827
v -1.299330 -0.182776 1.785094
v -1.223398 -0.160432 1.130606
v -1.271199 -0.250119 1.313580
v -1.261465 -0.295178 1.555245
v -1.131711 -0.069406 0.983872
v -1.152828 -0.026262 0.782638
v -1.153506 0.002096 0.541992
v -1.226917 -0.081013 0.533456
v -1.225683 -0.117518 0.774203
v -1.222079 -0.184788 0.521144
v -1.219862 -0.149505 0.969643
v -1.222754 -0.227727 0.766342
v -1.178087 -0.246258 0.516266
v -1.241481 -0.274859 1.128534
v -1.228693 -0.273028 0.959952
v -1.177716 -0.303605 0.750672
v -1.075830 -0.287038 0.515101
v -1.182892 -0.346898 0.956832
v -1.073337 -0.350949 0.757963
v -0.935803 -0.291665 0.521063
v -0.949564 -0.355819 0.785727
v -1.079674 -0.395954 0.988915
v -0.955645 -0.389752 1.083075
v -1.196111 -0.365117 1.138222
v -1.096791 -0.411969 1.163434
v -0.993658 -0.367685 1.216609
v -1.025948 -0.345643 1.323116
v -1.218803 -0.353224 1.326442
v -1.113672 -0.391626 1.332021
v -1.100450 -0.269902 1.571216
v -1.173502 -0.320323 1.578264
v -1.192562 -0.147784 1.797547
v -1.241899 -0.195464 1.809141
v -1.352729 -0.034135 1.999789
v -1.316682 -0.037033 2.011000
v -1.277885 -0.009895 2.004684
v -1.385639 0.142348 2.171467
v -1.375412 0.141777 2.175103
v -1.357381 0.151118 2.170673
v -1.167650 0.949060 -1.814121
v -1.231261 0.921921 -1.756843
v -1.200984 0.885072 -1.787094
v -1.233377 0.849526 -1.786540
v -1.194465 0.989216 -1.767593
v -1.131299 1.044109 -1.876635
v -1.159913 1.085087 -1.831920
v -1.281657 0.876999 -1.764446
v -1.288891 0.824165 -1.826029
v -1.345402 0.860327 -1.805912
v -1.303451 0.964584 -1.745829
v -1.326762 0.911184 -1.763068
v -1.504973 1.016280 -1.898959
v -1.272643 1.036688 -1.754010
v -1.385180 1.109698 -1.874240
v -1.247445 1.157460 -1.859689
v -1.105726 1.281305 -2.008588
v -1.042259 1.245924 -2.030646
v -1.225313 1.271385 -2.010284
v -1.017581 1.332823 -2.176493
v -0.985290 1.306858 -2.173497
v -0.976635 1.357901 -2.360052
v -0.994286 1.383304 -2.371225
v -0.990777 1.370953 -2.554051
v -1.143194 1.345898 -2.556843
v -1.016494 1.379549 -2.555551
v -0.990979 1.290800 -2.890615
v -1.016608 1.302750 -2.893423
v -0.986793 1.123121 -3.366241
v -1.003395 1.135160 -3.386790
v -0.983954 0.922819 -3.773826
v -1.179724 1.264735 -2.903445
v -1.010350 0.939197 -3.794157
v -0.982356 0.660104 -4.169035
v -1.175198 1.118051 -3.355326
v -1.142843 0.918789 -3.774504
v -0.991611 0.677687 -4.175582
v -1.060071 0.678004 -4.176865
v -0.989175 0.457501 -4.437033
v -0.981546 0.436895 -4.418904
v -1.035777 0.462893 -4.438836
v -0.986615 0.256938 -4.619556
v -0.985846 0.238331 -4.599230
v -1.029893 0.275306 -4.625553
v -1.429099 0.272262 -4.379245
v -0.983145 -0.077175 -4.831982
v -0.980324 -0.086274 -4.811085
v -1.016419 -0.067560 -4.846423
v -0.987330 -0.310014 -4.924951
v -0.983454 -0.336751 -4.905988
v -1.020283 -0.294079 -4.928141
v -1.365900 0.165891 -4.517214
v -1.225554 -0.180626 -4.807169
v -1.014214 -0.358303 -4.931687
v -0.987757 -0.371566 -4.916177
v -0.986531 -0.373135 -4.897712
v -1.107474 -0.395644 -4.886138
v -1.018827 -0.393398 -4.923808
v -0.991355 -0.403226 -4.902872
v -0.992287 -0.402093 -4.887977
v -1.018552 -0.425122 -4.909807
v -1.002522 -0.434394 -4.889397
v -1.002551 -0.429292 -4.873199
v -1.044368 -0.456523 -4.880012
v -1.031208 -0.465186 -4.859940
v -1.030307 -0.459010 -4.851240
v -1.066545 -0.467488 -4.838116
v -1.071394 -0.474991 -4.841856
v -1.203387 -0.460794 -4.771892
v -1.086684 -0.461142 -4.858504
v -1.206275 -0.459288 -4.782522
v -1.434016 -0.437719 -4.659132
v -1.431684 -0.421527 -4.648900
v -1.236391 -0.434031 -4.797691
v -1.568285 -0.426873 -4.567238
v -1.561702 -0.415246 -4.553680
v -1.453249 -0.407455 -4.685124
v -1.257822 -0.368071 -4.818157
v -1.452354 -0.364022 -4.710043
v -1.439197 -0.248753 -4.703255
v -1.586169 -0.395682 -4.589654
v -1.591046 -0.336678 -4.606189
v -1.860584 -0.366119 -4.328376
v -1.847431 -0.387096 -4.314015
v -1.831350 -0.384282 -4.300149
v -1.868477 -0.309984 -4.345891
v -2.027797 -0.340150 -3.952090
v -2.001526 -0.344265 -3.939881
v -2.047333 -0.318342 -3.964279
v -2.068718 -0.259539 -3.984885
v -1.852448 -0.226591 -4.351041
v -1.795813 -0.107236 -4.339642
v -2.066540 -0.169176 -3.997766
v -2.000040 0.054136 -4.021142
v -1.589237 0.488561 -4.096800
v -2.222208 -0.179485 -3.469810
v -1.708277 0.708883 -3.712749
v -2.113184 0.269911 -3.561164
v -2.210374 -0.043360 -3.476913
v -1.767956 0.915234 -3.262366
v -2.168087 0.472988 -3.109098
v -1.701342 1.060030 -2.795401
v -2.275653 0.092040 -2.994092
v -1.693578 1.115116 -2.336046
v -2.112092 0.638443 -2.628990
v -2.247143 0.201437 -2.532530
v -2.045803 0.621876 -2.105461
v -1.450449 1.143894 -1.934923
v -1.745158 0.919840 -1.868670
v -1.536510 1.055380 -1.882057
v -1.678199 0.885289 -1.820066
v -1.719562 0.920323 -1.833789
v -1.883003 0.590727 -1.679118
v -1.943293 0.605355 -1.745378
v -1.920874 0.604374 -1.700701
v -2.053001 0.176631 -1.679893
v -2.166640 0.274733 -2.071269
v -2.113968 0.206561 -1.738320
v -2.087641 0.189550 -1.698972
v -2.098286 -0.041106 -1.774089
v -2.052226 -0.058528 -1.758435
v -2.131685 -0.007347 -1.809139
v -2.204226 -0.005806 -2.028197
v -2.175053 -0.149976 -1.963107
v -2.139748 -0.198370 -1.951707
v -2.053060 -0.215540 -1.915568
v -2.155957 -0.277121 -2.161602
v -2.232424 -0.196227 -2.153269
v -2.242552 -0.038550 -2.179729
v -2.203634 -0.248254 -2.152937
v -2.298321 -0.066927 -2.495319
v -2.287642 -0.210006 -2.500217
v -2.316474 -0.119961 -2.984339
v -2.254673 -0.258068 -2.505702
v -2.206092 -0.284890 -2.512542
v -2.281726 -0.233361 -2.983599
v -2.248682 -0.272746 -2.983004
v -2.204581 -0.295149 -2.983521
v -2.200112 -0.272925 -3.459365
v -2.177578 -0.306701 -3.452462
v -2.142390 -0.307336 -3.445640
v -1.631293 0.752835 -1.477483
v -1.771845 0.461523 -1.488949
v -1.783716 0.479611 -1.400658
v -1.901801 0.122628 -1.433285
v -1.648309 0.730494 -1.570938
v -1.447480 0.971377 -1.629879
v -1.908942 0.117031 -1.471394
v -1.858289 -0.060368 -1.468667
v -1.808304 0.462823 -1.556628
v -1.461072 0.936457 -1.699810
v -1.282017 1.116175 -1.769156
v -1.846370 -0.055193 -1.507693
v -1.804034 -0.207377 -1.468902
v -1.788363 -0.220054 -1.518083
v -1.929095 0.101990 -1.520786
v -1.861727 -0.060397 -1.550344
v -1.806101 -0.231943 -1.563707
v -1.843543 0.459210 -1.645216
v -1.897995 -0.070334 -1.590621
v -1.849677 -0.248792 -1.626934
v -1.951306 0.083149 -1.584209
v -2.025871 -0.126027 -1.782269
v -1.982121 -0.260296 -1.799942
v -2.015468 0.021393 -1.801784
v -2.126573 -0.184405 -2.100281
v -2.058486 -0.289616 -2.120439
v -2.133878 -0.049740 -2.106795
v -1.929880 0.427732 -1.882683
v -2.062176 0.360484 -2.181222
v -2.186579 -0.095341 -2.464210
v -2.159154 -0.215584 -2.460137
v -2.086452 -0.294530 -2.446825
v -2.103111 -0.305476 -2.734608
v -2.124184 0.229531 -2.505151
v -2.174073 -0.242006 -2.750502
v -2.126029 -0.280698 -3.000403
v -2.203524 -0.125968 -2.760031
v -2.188799 -0.236588 -3.014748
v -2.145897 -0.292178 -3.172087
v -2.207909 -0.157380 -3.028511
v -2.191658 -0.241056 -3.167151
v -2.137744 -0.273427 -3.465744
v -2.102865 -0.321467 -3.464716
v -1.928040 -0.366742 -3.847447
v -2.202087 -0.169442 -3.182843
v -2.169793 0.099248 -3.075047
v -1.949821 -0.339320 -3.868484
v -1.709188 -0.412026 -4.124776
v -2.152649 -0.212905 -3.480207
v -2.156687 0.054620 -3.247946
v -2.176574 0.176467 -2.812192
v -2.060608 0.361924 -3.166655
v -2.033221 0.563066 -2.642689
v -2.074682 0.479217 -2.924494
v -1.958871 0.676442 -2.306061
v -1.779994 0.798899 -2.787834
v -1.812422 0.707674 -1.975763
v -1.725512 0.907021 -2.466774
v -1.642126 0.963987 -2.087034
v -1.692521 0.711510 -1.727382
v -1.524652 0.925898 -1.863340
v -1.666739 0.721129 -1.640673
v -1.484827 0.926249 -1.773509
v -1.281208 1.073535 -1.814480
v -1.297151 1.058568 -1.886176
v -1.068852 1.135772 -1.849663
v -1.072073 1.188799 -1.807269
v -1.084796 1.127729 -1.927510
v -1.331055 1.069735 -1.971575
v -1.112500 1.151553 -2.020194
v -1.427506 1.153094 -2.204896
v -1.176558 1.211407 -2.283858
v -1.488081 1.098892 -2.598799
v -1.207608 1.159527 -2.670290
v -1.493822 0.952188 -2.915015
v -1.814681 0.723518 -3.063826
v -0.958870 1.228282 -2.283168
v -1.831757 0.615499 -3.280384
v -0.958870 1.184139 -2.035997
v -2.063990 0.292718 -3.333734
v -0.958870 1.147998 -1.938981
v -1.997074 0.154275 -3.569638
v -0.958870 1.147575 -1.856868
v -0.958870 1.205952 -1.823728
v -0.845668 1.188799 -1.807269
v -0.848887 1.135772 -1.849663
v -0.635722 1.116175 -1.769156
v -0.832944 1.127729 -1.927510
v -0.636533 1.073535 -1.814480
v -0.805240 1.151553 -2.020194
v -0.620590 1.058568 -1.886176
v -0.456669 0.936457 -1.699810
v -0.470261 0.971377 -1.629879
v -0.432914 0.926249 -1.773509
v -0.269432 0.730494 -1.570938
v -0.286448 0.752835 -1.477483
v -0.251003 0.721129 -1.640673
v -0.145896 0.461523 -1.488949
v -0.134023 0.479611 -1.400658
v -0.015939 0.122628 -1.433285
v -0.109437 0.462823 -1.556628
v -0.008799 0.117031 -1.471394
v -0.059451 -0.060368 -1.468667
v -0.074198 0.459210 -1.645216
v -0.071371 -0.055193 -1.507693
v -0.113708 -0.207377 -1.468902
v -0.129379 -0.220054 -1.518083
v 0.011353 0.101990 -1.520786
v -0.056013 -0.060397 -1.550344
v -0.111639 -0.231943 -1.563707
v 0.033566 0.083149 -1.584209
v -0.019746 -0.070334 -1.590621
v -0.068063 -0.248792 -1.626934
v 0.012141 0.427732 -1.882683
v 0.108130 -0.126027 -1.782269
v 0.064380 -0.260296 -1.799942
v 0.097727 0.021393 -1.801784
v 0.208832 -0.184405 -2.100281
v 0.140745 -0.289616 -2.120439
v 0.216137 -0.049740 -2.106795
v 0.103987 0.325482 -2.181351
v 0.241414 -0.215584 -2.460137
v 0.168710 -0.294530 -2.446825
v 0.185371 -0.305476 -2.734608
v 0.268839 -0.095341 -2.464210
v 0.256332 -0.242006 -2.750502
v 0.208287 -0.280698 -3.000403
v 0.285784 -0.125968 -2.760031
v 0.206443 0.229531 -2.505151
v 0.271059 -0.236588 -3.014748
v 0.228156 -0.292178 -3.172087
v 0.290168 -0.157380 -3.028511
v 0.273917 -0.241056 -3.167151
v 0.220003 -0.273427 -3.465744
v 0.185124 -0.321467 -3.464716
v 0.010299 -0.366742 -3.847447
v 0.284347 -0.169442 -3.182843
v 0.032080 -0.339320 -3.868484
v -0.208553 -0.412026 -4.124776
v 0.234908 -0.212905 -3.480207
v 0.252052 0.099248 -3.075047
v 0.238946 0.054620 -3.247946
v 0.258833 0.176467 -2.812192
v 0.116492 0.444215 -2.924623
v 0.075032 0.528064 -2.642818
v 0.000681 0.641441 -2.306191
v -0.137746 0.798899 -2.787834
v -0.105319 0.707674 -1.975763
v -0.192230 0.907021 -2.466774
v -0.275615 0.963987 -2.087034
v -0.225220 0.711510 -1.727382
v -0.393089 0.925898 -1.863340
v -0.586684 1.069735 -1.971575
v -0.490233 1.153094 -2.204896
v -0.741183 1.211407 -2.283858
v -0.470109 1.063892 -2.598928
v -0.710131 1.159527 -2.670290
v -0.423918 0.952188 -2.915015
v -0.958870 1.179152 -2.702551
v -0.693458 1.058299 -2.998436
v -0.103060 0.723518 -3.063826
v -0.389936 0.910789 -3.194464
v 0.142868 0.361924 -3.166655
v -0.085984 0.615499 -3.280384
v 0.105799 0.257717 -3.333863
v -0.064776 0.538668 -3.466640
v -0.385071 0.759878 -3.373050
v -0.698960 0.995348 -3.285480
v -0.958870 1.125994 -3.046635
v -0.679446 0.832165 -3.440304
v -1.224283 1.058299 -2.998436
v -0.958870 1.060646 -3.332986
v -1.259231 1.030349 -3.285350
v -1.527803 0.910789 -3.194464
v -0.958870 0.903851 -3.518841
v -1.238295 0.832165 -3.440304
v -1.532670 0.759878 -3.373050
v -1.852963 0.538668 -3.466640
v -1.562855 0.705255 -3.583706
v -1.798800 0.356483 -3.663428
v -1.527539 0.508401 -3.752603
v -1.254288 0.771617 -3.654746
v -1.233954 0.589051 -3.814154
v -0.958870 0.771388 -3.664394
v -0.663451 0.771617 -3.654746
v -0.958870 0.669345 -3.869041
v -0.354887 0.705255 -3.583706
v -0.683787 0.589051 -3.814154
v -0.390202 0.508401 -3.752603
v -0.118941 0.356483 -3.663428
v -0.385678 0.342049 -4.017531
v 0.079333 0.154275 -3.569638
v -0.149525 0.166612 -3.955051
v 0.177865 -0.024664 -3.532294
v -0.027414 -0.030698 -3.934023
v 0.034770 -0.178720 -3.920254
v 0.062551 -0.290057 -3.894127
v -0.177562 -0.423893 -4.152993
v -0.143982 -0.379686 -4.183998
v -0.344388 -0.435543 -4.292781
v -0.378148 -0.418623 -4.264940
v -0.305691 -0.430961 -4.338255
v -0.103662 -0.271948 -4.226293
v -0.716489 -0.503060 -4.500575
v -0.735322 -0.485385 -4.436629
v -0.958870 -0.508642 -4.497445
v -0.169389 -0.170745 -4.234385
v -0.310384 -0.325461 -4.390407
v -0.260499 -0.018457 -4.236486
v -0.347261 -0.203119 -4.387234
v -0.689645 -0.327628 -4.570982
v -0.400032 0.121357 -4.246735
v -0.392781 -0.060373 -4.335585
v -0.689420 -0.182428 -4.496866
v -0.705139 -0.022035 -4.388717
v -0.699569 0.221005 -4.293839
v -0.674865 0.459459 -4.088674
v -0.958870 0.004183 -4.440340
v -0.958870 0.493542 -4.105958
v -0.958870 0.269394 -4.346821
v -1.242876 0.459459 -4.088674
v -1.218173 0.221005 -4.293839
v -1.532063 0.342049 -4.017531
v -1.212600 -0.022035 -4.388717
v -1.768215 0.166612 -3.955051
v -1.517709 0.121357 -4.246735
v -1.697691 0.016545 -4.236356
v -1.890327 -0.030698 -3.934023
v -2.095607 -0.024664 -3.532294
v -1.992960 -0.143719 -3.920125
v -1.788801 -0.135743 -4.234255
v -1.524960 -0.060373 -4.335585
v -1.570478 -0.203119 -4.387234
v -1.814078 -0.271948 -4.226293
v -1.980291 -0.290057 -3.894127
v -1.740177 -0.423893 -4.152993
v -1.773757 -0.379686 -4.183998
v -1.573353 -0.435543 -4.292781
v -1.539593 -0.418623 -4.264940
v -1.612051 -0.430961 -4.338255
v -1.201252 -0.503060 -4.500575
v -1.182419 -0.485385 -4.436629
v -1.607358 -0.325461 -4.390407
v -0.958870 -0.502991 -4.550308
v -1.212781 -0.432023 -4.557752
v -0.958870 -0.405285 -4.633063
v -1.228096 -0.327628 -4.570982
v -0.704958 -0.432023 -4.557752
v -0.958870 -0.289439 -4.660503
v -1.228321 -0.182428 -4.496866
v -0.958870 -0.146916 -4.578316
vt 0.698009 1.535682
vt 0.724883 1.532168
vt 0.725585 1.545856
vt 0.697761 1.547580
vt 0.677396 1.538863
vt 0.726549 1.561038
vt 0.676234 1.547374
vt 0.652502 1.539627
vt 0.697950 1.559661
vt 0.650956 1.545288
vt 0.650476 1.539263
vt 0.696817 1.572927
vt 0.725695 1.576188
vt 0.722011 1.589640
vt 0.647514 1.543851
vt 0.645112 1.535560
vt 0.693543 1.586010
vt 0.717262 1.608711
vt 0.641329 1.543625
vt 0.635093 1.535143
vt 0.647322 1.556006
vt 0.634829 1.544218
vt 0.673506 1.557860
vt 0.636952 1.555236
vt 0.672399 1.570723
vt 0.646388 1.565140
vt 0.670573 1.582687
vt 0.690082 1.598481
vt 0.709204 1.624311
vt 0.637010 1.564991
vt 0.645312 1.579421
vt 0.667623 1.595674
vt 0.684133 1.612326
vt 0.678834 1.632390
vt 0.704869 1.646829
vt 0.664277 1.608028
vt 0.673824 1.647774
vt 0.698815 1.658769
vt 0.691482 1.675192
vt 0.659961 1.624558
vt 0.656256 1.638933
vt 0.637642 1.616527
vt 0.644091 1.592173
vt 0.643300 1.601813
vt 0.635516 1.579191
vt 0.635176 1.600533
vt 0.622519 1.564742
vt 0.634932 1.591393
vt 0.619891 1.578990
vt 0.621503 1.554301
vt 0.613035 1.564964
vt 0.621054 1.589175
vt 0.620478 1.542762
vt 0.620297 1.534325
vt 0.609947 1.535201
vt 0.611706 1.554780
vt 0.610784 1.543665
vt 0.599396 1.536227
vt 0.603769 1.566077
vt 0.601074 1.545161
vt 0.583565 1.539570
vt 0.602005 1.556131
vt 0.584435 1.547523
vt 0.569295 1.541296
vt 0.584796 1.558383
vt 0.570448 1.549468
vt 0.551159 1.543174
vt 0.571265 1.560100
vt 0.586515 1.568712
vt 0.573380 1.569147
vt 0.558924 1.560515
vt 0.552101 1.551382
vt 0.518695 1.546861
vt 0.558855 1.571636
vt 0.519165 1.557349
vt 0.519224 1.551679
vt 0.486322 1.550051
vt 0.487316 1.556672
vt 0.486958 1.553277
vt 0.469169 1.557733
vt 0.468646 1.556558
vt 0.469279 1.559041
vt 0.466919 1.559086
vt 0.466131 1.558690
vt 0.465530 1.559571
vt 0.465593 1.560338
vt 0.466827 1.560112
vt 0.487166 1.560117
vt 0.466123 1.560632
vt 0.516839 1.565465
vt 0.465857 1.561186
vt 0.465449 1.561405
vt 0.466305 1.560983
vt 0.469270 1.560299
vt 0.466224 1.561634
vt 0.465962 1.561933
vt 0.465529 1.562749
vt 0.469178 1.561463
vt 0.467876 1.564627
vt 0.466981 1.565593
vt 0.468702 1.563764
vt 0.482469 1.574977
vt 0.480491 1.577879
vt 0.470968 1.563331
vt 0.510487 1.589373
vt 0.507871 1.594372
vt 0.535227 1.612216
vt 0.484034 1.571818
vt 0.546563 1.607099
vt 0.551018 1.622494
vt 0.512849 1.584018
vt 0.558705 1.615412
vt 0.485316 1.568518
vt 0.486079 1.564882
vt 0.514326 1.572065
vt 0.514635 1.578402
vt 0.554095 1.582332
vt 0.552782 1.591748
vt 0.553577 1.602458
vt 0.569676 1.587057
vt 0.566187 1.600205
vt 0.570516 1.581852
vt 0.569349 1.589735
vt 0.573009 1.586376
vt 0.577291 1.577021
vt 0.573868 1.584544
vt 0.578762 1.581854
vt 0.588997 1.581765
vt 0.581852 1.585778
vt 0.577329 1.588139
vt 0.574463 1.589419
vt 0.581280 1.594291
vt 0.571927 1.596149
vt 0.575257 1.593917
vt 0.584608 1.590477
vt 0.580420 1.601948
vt 0.590454 1.592840
vt 0.577531 1.606072
vt 0.596503 1.612266
vt 0.591805 1.618283
vt 0.571703 1.615288
vt 0.562819 1.608376
vt 0.568585 1.623369
vt 0.564331 1.629511
vt 0.586296 1.626398
vt 0.581734 1.633996
vt 0.576611 1.640384
vt 0.599995 1.623806
vt 0.594855 1.632342
vt 0.590218 1.640352
vt 0.585156 1.646618
vt 0.593632 1.652170
vt 0.603852 1.637482
vt 0.599053 1.645750
vt 0.610001 1.652548
vt 0.604006 1.661435
vt 0.615431 1.643510
vt 0.608812 1.628793
vt 0.620125 1.634263
vt 0.612815 1.654394
vt 0.611137 1.666936
vt 0.622327 1.648160
vt 0.616169 1.657053
vt 0.616190 1.663304
vt 0.620456 1.654719
vt 0.617467 1.662334
vt 0.627342 1.638438
vt 0.651234 1.652808
vt 0.644340 1.665138
vt 0.636918 1.675852
vt 0.652825 1.687170
vt 0.679376 1.689578
vt 0.674928 1.701772
vt 0.660642 1.676446
vt 0.668267 1.662659
vt 0.632325 1.629072
vt 0.624511 1.625616
vt 0.629704 1.614326
vt 0.617956 1.610571
vt 0.613260 1.620517
vt 0.604538 1.616860
vt 0.610009 1.607434
vt 0.622692 1.597583
vt 0.604462 1.599037
vt 0.612301 1.594328
vt 0.615577 1.585520
vt 0.609585 1.594459
vt 0.611623 1.577601
vt 0.608559 1.588672
vt 0.603297 1.578041
vt 0.604809 1.593521
vt 0.596126 1.592669
vt 0.356151 1.885667
vt 0.370007 1.911603
vt 0.356351 1.912788
vt 0.367900 1.883800
vt 0.356500 1.864777
vt 0.385167 1.910473
vt 0.364774 1.862468
vt 0.353922 1.839980
vt 0.379888 1.882316
vt 0.392861 1.879367
vt 0.400038 1.907541
vt 0.412831 1.902047
vt 0.359318 1.837670
vt 0.353283 1.837998
vt 0.405347 1.874317
vt 0.431037 1.894737
vt 0.357431 1.834436
vt 0.348895 1.833143
vt 0.369441 1.832547
vt 0.356368 1.828298
vt 0.347113 1.823233
vt 0.374783 1.858304
vt 0.356066 1.821728
vt 0.387359 1.855425
vt 0.378335 1.830325
vt 0.398937 1.851955
vt 0.417201 1.869185
vt 0.445349 1.884645
vt 0.392286 1.827272
vt 0.411364 1.847252
vt 0.430078 1.861411
vt 0.376891 1.820972
vt 0.449204 1.853465
vt 0.467034 1.877332
vt 0.367251 1.822290
vt 0.374602 1.806553
vt 0.364167 1.807044
vt 0.390692 1.817473
vt 0.352627 1.807661
vt 0.344262 1.808663
vt 0.343642 1.798267
vt 0.352125 1.797881
vt 0.343101 1.787647
vt 0.363210 1.797206
vt 0.352161 1.788002
vt 0.344039 1.771428
vt 0.363068 1.787333
vt 0.373409 1.797039
vt 0.373038 1.787633
vt 0.388274 1.801890
vt 0.385625 1.793773
vt 0.372783 1.770070
vt 0.402628 1.815189
vt 0.362612 1.769899
vt 0.384638 1.785377
vt 0.351982 1.771123
vt 0.343665 1.756954
vt 0.351866 1.756933
vt 0.343040 1.738632
vt 0.362340 1.756187
vt 0.351259 1.738447
vt 0.342661 1.705928
vt 0.361077 1.743891
vt 0.371272 1.756876
vt 0.371886 1.742093
vt 0.353089 1.704890
vt 0.347501 1.705791
vt 0.341541 1.673452
vt 0.348219 1.673511
vt 0.344814 1.673647
vt 0.346891 1.655471
vt 0.345664 1.655098
vt 0.348194 1.655391
vt 0.347946 1.653127
vt 0.347513 1.652354
vt 0.348649 1.651578
vt 0.348873 1.651803
vt 0.349694 1.651310
vt 0.348955 1.652879
vt 0.349331 1.652119
vt 0.349715 1.652174
vt 0.349425 1.655183
vt 0.350358 1.652013
vt 0.350663 1.651756
vt 0.350565 1.651323
vt 0.351546 1.651350
vt 0.353570 1.653304
vt 0.354426 1.652306
vt 0.352787 1.654191
vt 0.365804 1.666279
vt 0.368423 1.663946
vt 0.350556 1.654923
vt 0.383823 1.692059
vt 0.388438 1.688822
vt 0.409679 1.713599
vt 0.362857 1.668224
vt 0.406071 1.725478
vt 0.421911 1.727911
vt 0.378797 1.695046
vt 0.352640 1.656458
vt 0.359725 1.669894
vt 0.356205 1.671127
vt 0.351612 1.672860
vt 0.367058 1.697990
vt 0.360828 1.701407
vt 0.373420 1.697494
vt 0.382089 1.735864
vt 0.391522 1.733337
vt 0.388036 1.748322
vt 0.383669 1.750408
vt 0.402349 1.732946
vt 0.378831 1.758708
vt 0.415878 1.736416
vt 0.386006 1.768702
vt 0.386107 1.756190
vt 0.388308 1.754026
vt 0.388271 1.759063
vt 0.389842 1.752176
vt 0.390626 1.756671
vt 0.391969 1.747299
vt 0.392280 1.754500
vt 0.391534 1.761188
vt 0.393618 1.759182
vt 0.394603 1.756346
vt 0.395309 1.769330
vt 0.403061 1.762679
vt 0.399681 1.751824
vt 0.397826 1.776027
vt 0.401952 1.745379
vt 0.408946 1.756075
vt 0.409457 1.741276
vt 0.417387 1.749256
vt 0.425016 1.745205
vt 0.430565 1.740209
vt 0.422897 1.768667
vt 0.430318 1.762284
vt 0.437295 1.756848
vt 0.442967 1.750951
vt 0.429551 1.776128
vt 0.444765 1.764451
vt 0.450310 1.758616
vt 0.437399 1.770034
vt 0.457000 1.766306
vt 0.417415 1.773939
vt 0.451360 1.772527
vt 0.405504 1.783682
vt 0.443783 1.778333
vt 0.459660 1.782504
vt 0.467652 1.775366
vt 0.451418 1.789054
vt 0.435809 1.784310
vt 0.442876 1.794878
vt 0.423253 1.781412
vt 0.428210 1.789715
vt 0.414678 1.787985
vt 0.434919 1.800316
vt 0.419039 1.795629
vt 0.402144 1.792326
vt 0.406927 1.802101
vt 0.424484 1.806920
vt 0.401836 1.789900
vt 0.411646 1.814197
vt 0.400129 1.784700
vt 0.395975 1.788961
vt 0.393947 1.796416
vt 0.398451 1.801575
vt 0.404693 1.824298
vt 0.414070 1.822205
vt 0.423106 1.842256
vt 0.427825 1.814632
vt 0.438860 1.835757
vt 0.439497 1.807711
vt 0.452578 1.830175
vt 0.448092 1.801571
vt 0.463750 1.846449
vt 0.478018 1.869754
vt 0.493284 1.860304
vt 0.465641 1.823377
vt 0.457033 1.795335
vt 0.477735 1.838970
vt 0.461938 1.785097
vt 0.474133 1.781709
vt 0.465078 1.788097
vt 0.471284 1.787260
vt 0.463354 1.792656
vt 0.470512 1.788683
vt 0.476944 1.814922
vt 0.486576 1.806141
vt 0.499960 1.820405
vt 0.490378 1.829584
vt 0.505918 1.846399
vt 0.517403 1.840361
vt 0.712142 1.971144
vt 0.744055 1.991245
vt 0.742856 1.996625
vt 0.712822 1.966817
vt 0.697114 1.954280
vt 0.746233 1.985654
vt 0.698907 1.952134
vt 0.682247 1.934610
vt 0.714737 1.962929
vt 0.717309 1.960203
vt 0.749135 1.982247
vt 0.700261 1.949803
vt 0.683260 1.934250
vt 0.683877 1.933770
vt 0.674345 1.923749
vt 0.701811 1.948030
vt 0.684462 1.933399
vt 0.685222 1.932652
vt 0.703454 1.945880
vt 0.720062 1.957037
vt 0.754809 1.979828
vt 0.705195 1.944045
vt 0.723989 1.955805
vt 0.760172 1.976311
vt 0.685590 1.931906
vt 0.685731 1.931049
vt 0.686008 1.930184
vt 0.707900 1.940423
vt 0.706680 1.942545
vt 0.727447 1.949995
vt 0.727168 1.953561
vt 0.762901 1.967269
vt 0.762535 1.972384
vt 0.848043 1.367705
vt 0.812873 1.381326
vt 0.847891 1.362192
vt 0.812709 1.385701
vt 0.794903 1.395011
vt 0.849112 1.373605
vt 0.796251 1.397462
vt 0.776556 1.411474
vt 0.813848 1.389881
vt 0.815851 1.393049
vt 0.851307 1.377504
vt 0.797131 1.400007
vt 0.777476 1.412025
vt 0.777987 1.412621
vt 0.766481 1.420803
vt 0.798314 1.402044
vt 0.778493 1.413101
vt 0.817947 1.396690
vt 0.856420 1.380962
vt 0.799521 1.404468
vt 0.779098 1.413975
vt 0.800885 1.406599
vt 0.821577 1.398645
vt 0.861015 1.385440
vt 0.779322 1.414774
vt 0.824272 1.401456
vt 0.862579 1.389742
vt 0.861966 1.394829
vt 0.823861 1.405011
vt 0.802056 1.408358
vt 0.802851 1.410671
vt 0.779303 1.415634
vt 0.779414 1.416538
vt 0.522543 1.018191
vt 0.501092 1.009534
vt 0.506258 1.000794
vt 0.516451 1.026081
vt 0.495733 1.018969
vt 0.537899 1.035239
vt 0.511806 1.032172
vt 0.532142 1.041975
vt 0.551229 1.050605
vt 0.492420 1.024553
vt 0.547874 1.055631
vt 0.563196 1.063206
vt 0.528724 1.046267
vt 0.508099 1.037251
vt 0.559566 1.067186
vt 0.545116 1.059451
vt 0.525486 1.050960
vt 0.581257 1.086638
vt 0.585013 1.085877
vt 0.558109 1.069377
vt 0.542199 1.063709
vt 0.595711 1.102543
vt 0.598322 1.102689
vt 0.580192 1.089860
vt 0.555025 1.071869
vt 0.601955 1.112618
vt 0.603915 1.113209
vt 0.610756 1.125231
vt 0.594842 1.105047
vt 0.601725 1.114406
vt 0.599725 1.113356
vt 0.592026 1.105968
vt 0.578256 1.092335
vt 0.576390 1.095098
vt 0.591218 1.108791
vt 0.600269 1.115222
vt 0.598871 1.116431
vt 0.597345 1.116927
vt 0.598400 1.119158
vt 0.588786 1.112676
vt 0.589907 1.110216
vt 0.588570 1.110875
vt 0.571255 1.101287
vt 0.574980 1.097301
vt 0.573175 1.099231
vt 0.547280 1.082200
vt 0.545015 1.086000
vt 0.530467 1.078922
vt 0.549919 1.078767
vt 0.552062 1.076294
vt 0.537027 1.065766
vt 0.534723 1.069276
vt 0.520647 1.055793
vt 0.532194 1.073185
vt 0.511371 1.073177
vt 0.517346 1.059797
vt 0.502898 1.044037
vt 0.485341 1.033076
vt 0.513299 1.065987
vt 0.488789 1.067100
vt 0.497844 1.050048
vt 0.477505 1.041807
vt 0.492616 1.057751
vt 0.466243 1.058342
vt 0.471087 1.047957
vt 0.685386 1.063913
vt 0.662534 1.070674
vt 0.662501 1.060520
vt 0.684127 1.054024
vt 0.707252 1.056981
vt 0.662659 1.049671
vt 0.705704 1.048262
vt 0.726531 1.050489
vt 0.683201 1.046424
vt 0.662626 1.043181
vt 0.726184 1.044459
vt 0.743233 1.045690
vt 0.704926 1.042825
vt 0.682573 1.040165
vt 0.742121 1.040420
vt 0.725737 1.039767
vt 0.704512 1.037142
vt 0.770679 1.034635
vt 0.773530 1.037193
vt 0.741971 1.037798
vt 0.791192 1.028212
vt 0.793514 1.029399
vt 0.771388 1.031320
vt 0.725379 1.034618
vt 0.801666 1.022658
vt 0.803656 1.023141
vt 0.815633 1.016220
vt 0.791707 1.025610
vt 0.802368 1.021000
vt 0.800119 1.020895
vt 0.789744 1.023397
vt 0.740570 1.034085
vt 0.770966 1.028202
vt 0.770755 1.024874
vt 0.790473 1.020550
vt 0.740256 1.028770
vt 0.721958 1.030224
vt 0.739657 1.025556
vt 0.702785 1.030523
vt 0.721746 1.026030
vt 0.681524 1.031678
vt 0.660834 1.032247
vt 0.701963 1.025397
vt 0.680211 1.023940
vt 0.658500 1.020756
vt 0.721540 1.021381
vt 0.679602 1.014652
vt 0.656076 1.012199
vt 0.657148 1.000794
vt 0.681032 1.004649
vt 0.701608 1.018015
vt 0.703585 1.010834
vt 0.722962 1.015560
vt 0.739116 1.021256
vt 0.739089 1.016833
vt 0.769457 1.016935
vt 0.770074 1.019680
vt 0.770652 1.022259
vt 0.789239 1.017413
vt 0.790332 1.015967
vt 0.799864 1.016606
vt 0.801902 1.015218
vt 0.790058 1.018657
vt 0.800933 1.017804
vt 0.801525 1.019554
vt 0.534143 1.837822
vt 0.526229 1.845618
vt 0.524582 1.843397
vt 0.533421 1.834298
vt 0.553257 1.827619
vt 0.520443 1.833197
vt 0.547999 1.821278
vt 0.563564 1.816907
vt 0.532488 1.824945
vt 0.517149 1.825161
vt 0.562527 1.815384
vt 0.574187 1.802522
vt 0.549566 1.817605
vt 0.532310 1.813509
vt 0.512233 1.816140
vt 0.545211 1.812858
vt 0.557333 1.812160
vt 0.571424 1.800254
vt 0.577798 1.792828
vt 0.548544 1.808025
vt 0.564393 1.799720
vt 0.574729 1.790829
vt 0.578681 1.787581
vt 0.579914 1.786790
vt 0.578216 1.781420
vt 0.579724 1.780822
vt 0.578488 1.772347
vt 0.567706 1.789641
vt 0.577219 1.772347
vt 0.574056 1.781190
vt 0.574185 1.772344
vt 0.578235 1.763274
vt 0.579743 1.763874
vt 0.579943 1.757908
vt 0.578714 1.757113
vt 0.577839 1.751866
vt 0.574767 1.753859
vt 0.574076 1.763494
vt 0.571483 1.744427
vt 0.574249 1.742165
vt 0.567742 1.755031
vt 0.562617 1.729279
vt 0.563655 1.727758
vt 0.564450 1.744946
vt 0.557416 1.732492
vt 0.548103 1.723357
vt 0.553374 1.717022
vt 0.549660 1.727033
vt 0.548618 1.736608
vt 0.533553 1.710306
vt 0.534280 1.706781
vt 0.524731 1.701186
vt 0.526384 1.698968
vt 0.520571 1.711379
vt 0.532597 1.719654
vt 0.517260 1.719409
vt 0.545296 1.731771
vt 0.532397 1.731094
vt 0.512327 1.728420
vt 0.535276 1.737597
vt 0.519351 1.737024
vt 0.506171 1.735553
vt 0.543409 1.750017
vt 0.511912 1.742595
vt 0.499040 1.740687
vt 0.554205 1.746988
vt 0.503171 1.747730
vt 0.558533 1.756090
vt 0.495510 1.749569
vt 0.490311 1.745792
vt 0.514312 1.752087
vt 0.501220 1.754814
vt 0.484265 1.752205
vt 0.482134 1.750050
vt 0.477440 1.754129
vt 0.494381 1.755708
vt 0.501073 1.761412
vt 0.525906 1.748172
vt 0.513750 1.763721
vt 0.536725 1.754629
vt 0.524803 1.763719
vt 0.548005 1.758571
vt 0.542562 1.764994
vt 0.550548 1.764834
vt 0.533862 1.765084
vt 0.544041 1.772312
vt 0.561064 1.763737
vt 0.525533 1.772294
vt 0.551642 1.772320
vt 0.533977 1.772303
vt 0.515229 1.772285
vt 0.533849 1.779521
vt 0.524785 1.780868
vt 0.503475 1.772273
vt 0.542549 1.779628
vt 0.501138 1.766178
vt 0.513732 1.780843
vt 0.493525 1.760970
vt 0.491916 1.767220
vt 0.485227 1.758952
vt 0.485329 1.755114
vt 0.478228 1.755280
vt 0.476908 1.756042
vt 0.475810 1.755840
vt 0.477099 1.758283
vt 0.477821 1.757218
vt 0.483830 1.761310
vt 0.480345 1.762639
vt 0.487216 1.768227
vt 0.493086 1.772262
vt 0.488015 1.772257
vt 0.487206 1.776285
vt 0.501124 1.778361
vt 0.491904 1.777301
vt 0.483808 1.783196
vt 0.480324 1.781860
vt 0.477070 1.786211
vt 0.493501 1.783555
vt 0.477790 1.787279
vt 0.485200 1.785556
vt 0.476874 1.788454
vt 0.475774 1.788654
vt 0.477401 1.790367
vt 0.478192 1.789216
vt 0.484223 1.792302
vt 0.482089 1.794453
vt 0.490258 1.798725
vt 0.485292 1.789394
vt 0.494346 1.788817
vt 0.495462 1.794955
vt 0.498976 1.803845
vt 0.501051 1.783127
vt 0.501183 1.789722
vt 0.503120 1.796813
vt 0.514269 1.792480
vt 0.511849 1.801965
vt 0.506094 1.808994
vt 0.519276 1.807550
vt 0.525856 1.796417
vt 0.535203 1.807011
vt 0.536690 1.789980
vt 0.543361 1.794607
vt 0.554154 1.797658
vt 0.547977 1.786061
vt 0.550534 1.779803
vt 0.558500 1.788563
vt 0.568968 1.781054
vt 0.561047 1.780922
vt 0.561931 1.772329
vt 0.569490 1.772338
vt 0.568987 1.763620
vt 0.970970 1.518652
vt 0.996215 1.494175
vt 0.983314 1.523682
vt 0.985063 1.489511
vt 0.996659 1.472167
vt 0.966331 1.484094
vt 0.957491 1.512558
vt 0.980972 1.469211
vt 0.987631 1.430227
vt 0.949682 1.484523
vt 0.945641 1.509285
vt 0.976030 1.440001
vt 0.932897 1.485852
vt 0.935499 1.511393
vt 0.921336 1.508145
vt 0.946978 1.464514
vt 0.964523 1.463743
vt 0.918897 1.485759
vt 0.961785 1.444831
vt 0.930983 1.462335
vt 0.969988 1.400732
vt 0.981338 1.399761
vt 0.982531 1.386811
vt 0.947029 1.447926
vt 0.953846 1.402157
vt 0.969294 1.387049
vt 0.980606 1.370628
vt 0.930987 1.450856
vt 0.966297 1.373211
vt 0.973103 1.356536
vt 0.951615 1.388477
vt 0.959540 1.360110
vt 0.967919 1.343279
vt 0.947119 1.375023
vt 0.937019 1.389584
vt 0.954202 1.346878
vt 0.958947 1.317582
vt 0.939068 1.360274
vt 0.945485 1.320832
vt 0.951364 1.293761
vt 0.935720 1.346144
vt 0.940336 1.297134
vt 0.943265 1.270465
vt 0.931360 1.322296
vt 0.929015 1.299279
vt 0.935009 1.273541
vt 0.930407 1.237076
vt 0.926583 1.238693
vt 0.920119 1.221604
vt 0.926446 1.275743
vt 0.922799 1.239849
vt 0.919928 1.276122
vt 0.919099 1.239796
vt 0.916888 1.239906
vt 0.921769 1.300076
vt 0.913857 1.276043
vt 0.914942 1.239312
vt 0.911314 1.237791
vt 0.907937 1.236187
vt 0.909681 1.275300
vt 0.901194 1.273233
vt 0.893560 1.270306
vt 0.913158 1.299950
vt 0.906830 1.299692
vt 0.895571 1.297569
vt 0.885209 1.295281
vt 0.891563 1.324790
vt 0.880230 1.322099
vt 0.913400 1.323827
vt 0.885002 1.352457
vt 0.870985 1.348830
vt 0.904459 1.327735
vt 0.868591 1.362254
vt 0.922770 1.322786
vt 0.923892 1.344147
vt 0.909850 1.343743
vt 0.925137 1.350275
vt 0.912670 1.349893
vt 0.896357 1.367423
vt 0.923068 1.354310
vt 0.881419 1.365865
vt 0.877997 1.380045
vt 0.866646 1.377951
vt 0.866139 1.394338
vt 0.895501 1.383384
vt 0.878745 1.394518
vt 0.867564 1.407441
vt 0.905574 1.385068
vt 0.879935 1.408216
vt 0.906173 1.371272
vt 0.894368 1.400642
vt 0.907608 1.396542
vt 0.873571 1.440640
vt 0.861284 1.438190
vt 0.891487 1.421417
vt 0.864916 1.481014
vt 0.855441 1.481303
vt 0.859925 1.502642
vt 0.888720 1.443747
vt 0.873201 1.497065
vt 0.878575 1.527520
vt 0.888367 1.519671
vt 0.885131 1.470769
vt 0.890532 1.492372
vt 0.900394 1.513361
vt 0.902132 1.467523
vt 0.905318 1.487535
vt 0.912863 1.508909
vt 0.916486 1.463859
vt 0.903013 1.446911
vt 0.916458 1.449726
vt 0.906577 1.420983
vt 0.930705 1.417926
vt 0.915918 1.419827
vt 0.910792 1.408160
vt 0.918231 1.412487
vt 0.940332 1.404728
vt 0.929472 1.409758
vt 0.932387 1.397918
vt 0.927542 1.398655
vt 0.923666 1.401840
vt 0.924869 1.394119
vt 0.928052 1.390155
vt 0.920020 1.401726
vt 0.922847 1.399574
vt 0.920019 1.393445
vt 0.920556 1.388440
vt 0.926674 1.380132
vt 0.920062 1.379982
vt 0.933602 1.378475
vt 0.926164 1.373662
vt 0.934087 1.367764
vt 0.920097 1.372467
vt 0.925048 1.370445
vt 0.927030 1.366483
vt 0.909947 1.368132
vt 0.919354 1.367266
vt 0.916630 1.353278
vt 0.915477 1.362645
vt 0.920633 1.366072
vt 0.922905 1.365989
vt 0.919314 1.362069
vt 0.918159 1.356495
vt 0.921458 1.362975
vt 0.919439 1.359588
vt 0.922740 1.357282
vt 0.921377 1.359630
vt 0.924677 1.365821
vt 0.612670 1.983811
vt 0.631071 1.953876
vt 0.638658 1.964811
vt 0.605689 1.973956
vt 0.591339 1.989035
vt 0.596353 1.956879
vt 0.622231 1.942102
vt 0.585002 1.974394
vt 0.548503 1.989617
vt 0.593220 1.940562
vt 0.616533 1.931318
vt 0.576111 1.959543
vt 0.590995 1.923906
vt 0.616497 1.921048
vt 0.573125 1.942245
vt 0.610390 1.907958
vt 0.555432 1.976078
vt 0.588009 1.910258
vt 0.515759 1.979434
vt 0.517334 1.990731
vt 0.504675 1.994970
vt 0.557083 1.961070
vt 0.502066 1.982028
vt 0.487901 1.996776
vt 0.513778 1.963235
vt 0.556983 1.945931
vt 0.487519 1.982350
vt 0.471718 1.992292
vt 0.499996 1.964403
vt 0.472748 1.978472
vt 0.456896 1.989181
vt 0.485859 1.963533
vt 0.498197 1.949665
vt 0.458323 1.975123
vt 0.429632 1.983465
vt 0.469123 1.959080
vt 0.431044 1.969675
vt 0.404758 1.978777
vt 0.454730 1.956872
vt 0.406676 1.967413
vt 0.380481 1.973576
vt 0.430453 1.955399
vt 0.382476 1.965013
vt 0.345796 1.964753
vt 0.407215 1.955901
vt 0.346812 1.960745
vt 0.328832 1.957266
vt 0.383466 1.956274
vt 0.347349 1.956849
vt 0.382850 1.949800
vt 0.346638 1.953187
vt 0.346297 1.950996
vt 0.406874 1.948604
vt 0.381816 1.943838
vt 0.345313 1.949179
vt 0.343169 1.945869
vt 0.341082 1.942790
vt 0.380361 1.939848
vt 0.377067 1.931735
vt 0.373120 1.924548
vt 0.405385 1.940089
vt 0.404044 1.933857
vt 0.400184 1.923010
vt 0.396389 1.913075
vt 0.429571 1.946719
vt 0.426171 1.915218
vt 0.421651 1.904432
vt 0.429034 1.937182
vt 0.431261 1.927577
vt 0.451801 1.903764
vt 0.445728 1.890623
vt 0.458131 1.885920
vt 0.450347 1.930954
vt 0.464054 1.897880
vt 0.468295 1.912317
vt 0.477074 1.891946
vt 0.472864 1.881166
vt 0.488545 1.877625
vt 0.483662 1.908573
vt 0.491158 1.889979
vt 0.501348 1.876513
vt 0.504595 1.888484
vt 0.500193 1.904190
vt 0.534788 1.875425
vt 0.529836 1.863920
vt 0.519815 1.897126
vt 0.572326 1.858439
vt 0.570643 1.849096
vt 0.592426 1.849087
vt 0.589693 1.863226
vt 0.620592 1.862225
vt 0.614921 1.873416
vt 0.566472 1.880379
vt 0.588665 1.881155
vt 0.611220 1.886474
vt 0.540912 1.889627
vt 0.566781 1.897721
vt 0.586960 1.896625
vt 0.609413 1.899563
vt 0.546893 1.902978
vt 0.566137 1.912554
vt 0.567645 1.927070
vt 0.552371 1.915562
vt 0.522419 1.912116
vt 0.556471 1.929576
vt 0.524309 1.936586
vt 0.523109 1.921605
vt 0.510712 1.918958
vt 0.513513 1.949161
vt 0.516427 1.925452
vt 0.516093 1.937150
vt 0.505249 1.942726
vt 0.504857 1.937744
vt 0.508894 1.931509
vt 0.501741 1.935193
vt 0.496935 1.940234
vt 0.505444 1.929954
vt 0.506474 1.931982
vt 0.499617 1.931812
vt 0.498769 1.918125
vt 0.493699 1.932616
vt 0.487140 1.918267
vt 0.487565 1.941759
vt 0.486155 1.933742
vt 0.473058 1.920481
vt 0.486804 1.949680
vt 0.479719 1.943479
vt 0.475898 1.951524
vt 0.481530 1.936701
vt 0.475627 1.942155
vt 0.457152 1.945580
vt 0.472248 1.928408
vt 0.451032 1.945132
vt 0.456158 1.933773
vt 0.461250 1.944269
vt 0.460622 1.936432
vt 0.473332 1.944904
vt 0.464417 1.941936
vt 0.469995 1.934989
vt 0.463596 1.938053
vt 0.468058 1.939273
vt 0.469905 1.940757
vt 0.468239 1.940352
vt 0.468687 1.938550
vt 0.469182 1.939942
vt 0.470716 1.940488
vt 0.469952 1.939356
vt 0.476213 1.938413
vt 0.698148 1.206155
vt 0.696253 1.209332
vt 0.695885 1.207653
vt 0.700106 1.208736
vt 0.701724 1.204758
vt 0.703242 1.219511
vt 0.692518 1.211196
vt 0.705569 1.207482
vt 0.705017 1.204131
vt 0.708547 1.206128
vt 0.707823 1.216926
vt 0.713889 1.214159
vt 0.719337 1.214341
vt 0.718940 1.210682
vt 0.755670 1.234398
vt 0.741248 1.249962
vt 0.748744 1.242610
vt 0.752685 1.238540
vt 0.777036 1.247034
vt 0.771479 1.259081
vt 0.774538 1.252746
vt 0.788930 1.251649
vt 0.763810 1.270083
vt 0.787223 1.258837
vt 0.785763 1.267045
vt 0.811232 1.260184
vt 0.811444 1.256353
vt 0.802762 1.271645
vt 0.780919 1.283352
vt 0.816070 1.258756
vt 0.818160 1.256511
vt 0.812771 1.264772
vt 0.818583 1.259935
vt 0.822969 1.256836
vt 0.821575 1.261749
vt 0.819704 1.261888
vt 0.820324 1.267373
vt 0.816472 1.267478
vt 0.822911 1.275102
vt 0.814798 1.283314
vt 0.832540 1.284131
vt 0.794951 1.292611
vt 0.826358 1.297661
vt 0.847201 1.293679
vt 0.806988 1.301840
vt 0.782286 1.303926
vt 0.790943 1.309954
vt 0.818773 1.311670
vt 0.839397 1.308835
vt 0.848648 1.318467
vt 0.861716 1.303594
vt 0.875221 1.319682
vt 0.863012 1.331789
vt 0.829783 1.322525
vt 0.838504 1.333299
vt 0.851497 1.344134
vt 0.829750 1.359939
vt 0.820234 1.336974
vt 0.823022 1.363887
vt 0.810208 1.325689
vt 0.800145 1.317355
vt 0.800284 1.339690
vt 0.809927 1.349399
vt 0.799129 1.360831
vt 0.810273 1.371119
vt 0.802704 1.382422
vt 0.786620 1.378329
vt 0.786189 1.399366
vt 0.789517 1.352440
vt 0.767284 1.385299
vt 0.773861 1.408097
vt 0.776888 1.370044
vt 0.780495 1.344277
vt 0.756691 1.394044
vt 0.761839 1.418071
vt 0.744547 1.405872
vt 0.736370 1.390477
vt 0.749113 1.380943
vt 0.732043 1.373653
vt 0.757032 1.371906
vt 0.738932 1.366146
vt 0.722900 1.362975
vt 0.767202 1.357625
vt 0.745054 1.353964
vt 0.725301 1.353394
vt 0.719068 1.352676
vt 0.715497 1.357567
vt 0.756670 1.347465
vt 0.735740 1.333873
vt 0.715705 1.345302
vt 0.712233 1.349726
vt 0.711046 1.354047
vt 0.706512 1.351840
vt 0.708487 1.347516
vt 0.710442 1.347451
vt 0.712198 1.342155
vt 0.709107 1.340525
vt 0.723092 1.316628
vt 0.713837 1.316670
vt 0.706636 1.317083
vt 0.706066 1.304114
vt 0.712300 1.302969
vt 0.700699 1.279377
vt 0.735251 1.312171
vt 0.705079 1.277589
vt 0.687873 1.237115
vt 0.727471 1.299089
vt 0.712361 1.272885
vt 0.690344 1.234187
vt 0.684671 1.226998
vt 0.686645 1.223835
vt 0.693025 1.230554
vt 0.687602 1.219767
vt 0.689809 1.215265
vt 0.698395 1.230277
vt 0.720503 1.267494
vt 0.702266 1.226745
vt 0.735942 1.294215
vt 0.725964 1.261895
vt 0.733562 1.256180
vt 0.754011 1.276462
vt 0.743793 1.283041
vt 0.762361 1.284847
vt 0.757781 1.286228
vt 0.747724 1.296861
vt 0.752921 1.290004
vt 0.756971 1.295038
vt 0.754429 1.297376
vt 0.761443 1.294227
vt 0.758192 1.297375
vt 0.769273 1.299919
vt 0.762155 1.300901
vt 0.758708 1.304009
vt 0.765103 1.307018
vt 0.749080 1.305037
vt 0.758079 1.308249
vt 0.777030 1.317327
vt 0.765827 1.326406
vt 0.750154 1.333514
vt 0.783515 1.324059
vt 0.772459 1.335174
vt 0.791409 1.331308
vt 0.205695 1.546393
vt 0.206629 1.542822
vt 0.207150 1.545480
vt 0.203420 1.543231
vt 0.205118 1.539287
vt 0.193538 1.548544
vt 0.206986 1.550358
vt 0.200486 1.538456
vt 0.203263 1.536500
vt 0.199367 1.535378
vt 0.192172 1.543464
vt 0.189899 1.537198
vt 0.185948 1.533441
vt 0.188840 1.531160
vt 0.146186 1.521566
vt 0.145186 1.542765
vt 0.145181 1.532262
vt 0.145324 1.526601
vt 0.122211 1.515180
vt 0.117505 1.527584
vt 0.119881 1.520964
vt 0.110586 1.509930
vt 0.115024 1.540758
vt 0.106657 1.516181
vt 0.146130 1.552600
vt 0.101823 1.522971
vt 0.093579 1.537851
vt 0.088879 1.499997
vt 0.091464 1.497159
vt 0.086641 1.514067
vt 0.086509 1.495542
vt 0.086648 1.492477
vt 0.084533 1.502111
vt 0.083908 1.494581
vt 0.083042 1.489277
vt 0.080520 1.493716
vt 0.081730 1.495149
vt 0.077387 1.498549
vt 0.080010 1.501365
vt 0.070067 1.502115
vt 0.069891 1.513661
vt 0.056885 1.501573
vt 0.077153 1.534324
vt 0.051562 1.515459
vt 0.039803 1.497793
vt 0.062141 1.532201
vt 0.034454 1.513981
vt 0.046875 1.530685
vt 0.021105 1.514127
vt 0.022564 1.494383
vt 0.001621 1.496014
vt 0.001535 1.513206
vt 0.031422 1.530432
vt 0.017623 1.531756
vt 0.000794 1.530076
vt 0.004747 1.556662
vt 0.027804 1.547364
vt 0.006646 1.564230
vt 0.042873 1.546608
vt 0.055868 1.547954
vt 0.039837 1.563499
vt 0.026156 1.563417
vt 0.025567 1.579129
vt 0.010418 1.578390
vt 0.007659 1.591705
vt 0.021844 1.600315
vt 0.007137 1.615355
vt 0.038286 1.580109
vt 0.030416 1.618988
vt 0.009544 1.630268
vt 0.034574 1.601457
vt 0.050426 1.580829
vt 0.031599 1.632674
vt 0.010850 1.645837
vt 0.031669 1.649627
vt 0.048380 1.644673
vt 0.046258 1.628900
vt 0.063410 1.635974
vt 0.047154 1.616923
vt 0.063944 1.625797
vt 0.077435 1.635016
vt 0.050214 1.599663
vt 0.068341 1.612899
vt 0.082586 1.626590
vt 0.087467 1.630530
vt 0.086483 1.636506
vt 0.064841 1.600062
vt 0.089201 1.605466
vt 0.095079 1.627763
vt 0.094364 1.633340
vt 0.092115 1.637215
vt 0.096864 1.638902
vt 0.098561 1.634463
vt 0.097238 1.633022
vt 0.099779 1.628059
vt 0.103108 1.629119
vt 0.110353 1.602401
vt 0.116802 1.609032
vt 0.121558 1.614460
vt 0.131210 1.605782
vt 0.127647 1.600533
vt 0.152609 1.592284
vt 0.150817 1.587907
vt 0.191750 1.571823
vt 0.119785 1.586988
vt 0.192106 1.568012
vt 0.201207 1.567022
vt 0.202085 1.563394
vt 0.149072 1.579420
vt 0.192817 1.563556
vt 0.204314 1.559865
vt 0.205979 1.555138
vt 0.189255 1.559533
vt 0.147211 1.569838
vt 0.189059 1.554305
vt 0.147380 1.562022
vt 0.117338 1.577535
vt 0.117340 1.552213
vt 0.119804 1.564111
vt 0.105015 1.590605
vt 0.105513 1.552128
vt 0.079357 1.594934
vt 0.107201 1.570982
vt 0.100421 1.575750
vt 0.062546 1.580188
vt 0.073440 1.578773
vt 0.052032 1.563959
vt 0.062727 1.564514
vt 0.067587 1.549332
vt 0.072064 1.564421
vt 0.077945 1.551283
vt 0.091818 1.571580
vt 0.087768 1.565701
vt 0.094398 1.568173
vt 0.091402 1.559635
vt 0.094488 1.563904
vt 0.102005 1.567152
vt 0.098418 1.560543
vt 0.099698 1.564846
vt 0.107735 1.556362
vt 0.102863 1.563393
vt 0.108440 1.562475
vt 0.503173 1.539977
vt 0.487373 1.546327
vt 0.488220 1.533481
vt 0.506851 1.525763
vt 0.523813 1.530964
vt 0.497186 1.516014
vt 0.483588 1.523195
vt 0.485665 1.514844
vt 0.530496 1.523702
vt 0.534932 1.536898
vt 0.537834 1.532774
vt 0.542359 1.530077
vt 0.509111 1.514863
vt 0.494837 1.506633
vt 0.482882 1.501885
vt 0.540163 1.518874
vt 0.549827 1.526511
vt 0.531465 1.507399
vt 0.546288 1.516228
vt 0.570212 1.519678
vt 0.536163 1.504804
vt 0.510947 1.504794
vt 0.526827 1.497027
vt 0.563390 1.505849
vt 0.596850 1.501339
vt 0.542069 1.501307
vt 0.531504 1.493648
vt 0.588143 1.488872
vt 0.555854 1.492395
vt 0.537342 1.489463
vt 0.610919 1.470036
vt 0.621918 1.480619
vt 0.578592 1.476235
vt 0.626904 1.451325
vt 0.643312 1.460189
vt 0.599830 1.458657
vt 0.569333 1.464612
vt 0.549904 1.480147
vt 0.531811 1.479591
vt 0.561091 1.453960
vt 0.520956 1.488737
vt 0.543244 1.470141
vt 0.511388 1.497468
vt 0.513410 1.479923
vt 0.505128 1.492437
vt 0.523493 1.468539
vt 0.490302 1.497442
vt 0.502286 1.478253
vt 0.497214 1.487261
vt 0.483422 1.491261
vt 0.511403 1.471325
vt 0.493151 1.473718
vt 0.517367 1.458856
vt 0.487949 1.480885
vt 0.506086 1.469952
vt 0.514982 1.456373
vt 0.532290 1.458605
vt 0.525052 1.451043
vt 0.547945 1.445370
vt 0.536297 1.443733
vt 0.522637 1.449033
vt 0.518846 1.442094
vt 0.536250 1.436233
vt 0.549697 1.434419
vt 0.519653 1.403960
vt 0.508623 1.451661
vt 0.502085 1.421528
vt 0.497381 1.466804
vt 0.489165 1.434448
vt 0.474567 1.449046
vt 0.470352 1.453258
vt 0.471949 1.414990
vt 0.481518 1.404766
vt 0.456808 1.426230
vt 0.453657 1.417524
vt 0.449893 1.430459
vt 0.467237 1.408628
vt 0.445360 1.421326
vt 0.452287 1.412209
vt 0.474580 1.400975
vt 0.436351 1.426396
vt 0.472568 1.398559
vt 0.442726 1.435662
vt 0.464752 1.406245
vt 0.479877 1.387315
vt 0.465007 1.391322
vt 0.455072 1.400117
vt 0.487377 1.387360
vt 0.478240 1.375665
vt 0.453470 1.380365
vt 0.489191 1.373912
vt 0.532350 1.391264
vt 0.469654 1.362517
vt 0.507928 1.359912
vt 0.486104 1.343629
vt 0.563700 1.415685
vt 0.538053 1.385559
vt 0.579979 1.437510
vt 0.577049 1.402755
vt 0.589075 1.447186
vt 0.591623 1.421069
vt 0.601134 1.433309
vt 0.613053 1.443149
vt 0.618033 1.433124
vt 0.606167 1.423967
vt 0.600093 1.410625
vt 0.621474 1.422761
vt 0.612314 1.416482
vt 0.632559 1.436281
vt 0.628826 1.425646
vt 0.664104 1.441313
vt 0.629502 1.411680
vt 0.640401 1.418833
vt 0.647870 1.425699
vt 0.659504 1.415801
vt 0.676348 1.427275
vt 0.690347 1.401030
vt 0.649195 1.408742
vt 0.676833 1.385045
vt 0.700064 1.361360
vt 0.665552 1.380087
vt 0.639484 1.400729
vt 0.686735 1.359178
vt 0.703594 1.326796
vt 0.675277 1.357898
vt 0.688557 1.328222
vt 0.699421 1.304640
vt 0.654875 1.374298
vt 0.679359 1.299560
vt 0.682387 1.270439
vt 0.674847 1.329921
vt 0.659048 1.264565
vt 0.670909 1.252704
vt 0.653171 1.241223
vt 0.670803 1.301246
vt 0.653296 1.270316
vt 0.624049 1.244250
vt 0.618971 1.224188
vt 0.643530 1.280080
vt 0.595390 1.235053
vt 0.596817 1.220016
vt 0.622364 1.252807
vt 0.564434 1.236873
vt 0.562254 1.223545
vt 0.593692 1.248762
vt 0.538567 1.246780
vt 0.522584 1.233262
vt 0.565715 1.248332
vt 0.507814 1.264109
vt 0.496339 1.247264
vt 0.482300 1.259509
vt 0.616570 1.263182
vt 0.591863 1.258717
vt 0.633647 1.289964
vt 0.609656 1.275511
vt 0.567918 1.262851
vt 0.660429 1.307043
vt 0.592099 1.272821
vt 0.664891 1.331748
vt 0.648101 1.313955
vt 0.617535 1.306078
vt 0.660757 1.355694
vt 0.650790 1.331511
vt 0.637269 1.325484
vt 0.645569 1.352280
vt 0.598129 1.286345
vt 0.643396 1.371696
vt 0.623341 1.344267
vt 0.598196 1.325417
vt 0.629942 1.393628
vt 0.617010 1.383420
vt 0.619609 1.404489
vt 0.605509 1.395252
vt 0.601941 1.367821
vt 0.589344 1.384973
vt 0.577128 1.346485
vt 0.548049 1.375564
vt 0.562468 1.361145
vt 0.555791 1.321670
vt 0.520858 1.346566
vt 0.538638 1.334267
vt 0.502546 1.331988
vt 0.512988 1.323518
vt 0.540195 1.306601
vt 0.579345 1.300270
vt 0.528361 1.318105
vt 0.571332 1.278042
vt 0.551913 1.280213
vt 0.549314 1.268732
vt 0.529987 1.293670
vt 0.543524 1.258058
vt 0.522886 1.284129
vt 0.514871 1.274417
vt 0.497915 1.275743
vt 0.504781 1.283211
vt 0.487334 1.291053
vt 0.463425 1.280302
vt 0.511934 1.294111
vt 0.497969 1.294786
vt 0.472290 1.296706
vt 0.442995 1.301692
vt 0.490489 1.305579
vt 0.500851 1.302138
vt 0.519123 1.304004
vt 0.507131 1.311297
vt 0.499646 1.317446
vt 0.490306 1.322476
vt 0.480466 1.310559
vt 0.476428 1.334536
vt 0.464956 1.323781
vt 0.459002 1.354278
vt 0.453578 1.312692
vt 0.422275 1.326761
vt 0.447379 1.345017
vt 0.434741 1.335467
vt 0.417765 1.360223
vt 0.403936 1.353396
vt 0.431218 1.367757
vt 0.407384 1.377323
vt 0.397101 1.373781
vt 0.422306 1.381541
vt 0.443466 1.373707
vt 0.434148 1.386270
vt 0.444023 1.391799
vt 0.429963 1.392107
vt 0.418810 1.387446
vt 0.404738 1.383445
vt 0.393535 1.381249
vt 0.426585 1.396785
vt 0.399912 1.393113
vt 0.390838 1.385776
vt 0.386712 1.388676
vt 0.392647 1.399797
vt 0.416213 1.392147
vt 0.397848 1.416758
vt 0.383635 1.420436
vt 0.408750 1.414500
vt 0.390128 1.435388
vt 0.377284 1.436234
vt 0.407598 1.426423
vt 0.400415 1.440020
vt 0.408766 1.437944
vt 0.416979 1.428774
vt 0.421724 1.440728
vt 0.418818 1.412665
vt 0.426169 1.433308
vt 0.426143 1.412221
vt 0.431178 1.418481
vt 0.434874 1.402652
vt 0.443689 1.410202
vt 0.432351 1.440187
vt 0.428045 1.445949
vt 0.438083 1.464421
vt 0.420725 1.460526
vt 0.413550 1.466461
vt 0.423493 1.473814
vt 0.431826 1.462436
vt 0.426215 1.476224
vt 0.439088 1.484524
vt 0.450526 1.473082
vt 0.462929 1.460681
vt 0.459189 1.485526
vt 0.447387 1.497395
vt 0.449795 1.500119
vt 0.477662 1.495566
vt 0.461174 1.491785
vt 0.463084 1.502884
vt 0.457149 1.510061
vt 0.225857 1.482734
vt 0.212223 1.496710
vt 0.217917 1.476774
vt 0.218076 1.499383
vt 0.208254 1.508257
vt 0.203783 1.517385
vt 0.201747 1.515504
vt 0.211809 1.511062
vt 0.228862 1.494769
vt 0.216459 1.519080
vt 0.206654 1.527149
vt 0.227429 1.506921
vt 0.218265 1.527505
vt 0.207696 1.534312
vt 0.228191 1.520778
vt 0.219781 1.537416
vt 0.211055 1.543176
vt 0.227271 1.533376
vt 0.221664 1.547078
vt 0.215731 1.552301
vt 0.230419 1.541857
vt 0.227010 1.564318
vt 0.220119 1.560557
vt 0.222882 1.569761
vt 0.232099 1.560737
vt 0.227651 1.571336
vt 0.222316 1.578280
vt 0.233036 1.571918
vt 0.229458 1.580272
vt 0.239110 1.569846
vt 0.225828 1.580657
vt 0.227165 1.584491
vt 0.223490 1.583770
vt 0.225155 1.584061
vt 0.239128 1.559395
vt 0.246153 1.560760
vt 0.245173 1.571936
vt 0.239162 1.539783
vt 0.247897 1.541884
vt 0.239175 1.531189
vt 0.251070 1.533415
vt 0.239194 1.518868
vt 0.250190 1.520813
vt 0.239219 1.501831
vt 0.250994 1.506959
vt 0.239242 1.487546
vt 0.239262 1.474980
vt 0.252643 1.482777
vt 0.249597 1.494802
vt 0.266231 1.496795
vt 0.260600 1.476841
vt 0.260370 1.499451
vt 0.270164 1.508354
vt 0.266601 1.511148
vt 0.274607 1.517496
vt 0.276650 1.515620
vt 0.261926 1.519153
vt 0.271705 1.527251
vt 0.260097 1.527571
vt 0.270644 1.534411
vt 0.258547 1.537479
vt 0.267257 1.543266
vt 0.256634 1.547134
vt 0.262550 1.552377
vt 0.251228 1.564358
vt 0.258133 1.560621
vt 0.255332 1.569818
vt 0.250558 1.571375
vt 0.255862 1.578339
vt 0.248713 1.580303
vt 0.252342 1.580703
vt 0.254665 1.583825
vt 0.250989 1.584531
vt 0.252999 1.584109
vt 0.529617 1.213129
vt 0.548952 1.222955
vt 0.533716 1.222504
vt 0.539769 1.199939
vt 0.556391 1.212829
vt 0.545367 1.191381
vt 0.562565 1.203428
vt 0.524934 1.192460
vt 0.548665 1.184255
vt 0.566004 1.194213
vt 0.568184 1.184177
vt 0.530439 1.182938
vt 0.550419 1.176176
vt 0.570444 1.178794
vt 0.534659 1.179527
vt 0.533332 1.169977
vt 0.547697 1.165852
vt 0.560756 1.157391
vt 0.576660 1.166623
vt 0.532609 1.158849
vt 0.567858 1.151761
vt 0.581392 1.156654
vt 0.552526 1.149239
vt 0.562230 1.145372
vt 0.574297 1.145516
vt 0.585360 1.149351
vt 0.588822 1.141869
vt 0.574309 1.139242
vt 0.571555 1.138611
vt 0.561260 1.140434
vt 0.550492 1.143382
vt 0.558858 1.131536
vt 0.566453 1.129148
vt 0.560862 1.103654
vt 0.550495 1.109893
vt 0.546648 1.116961
vt 0.548098 1.132403
vt 0.535732 1.118180
vt 0.534537 1.135928
vt 0.523748 1.121240
vt 0.531202 1.151652
vt 0.523802 1.138345
vt 0.517775 1.161942
vt 0.520451 1.166859
vt 0.508714 1.158324
vt 0.510006 1.138508
vt 0.523900 1.175332
vt 0.507795 1.183750
vt 0.516224 1.187910
vt 0.495627 1.181189
vt 0.518256 1.206973
vt 0.500231 1.200154
vt 0.509038 1.203232
vt 0.508859 1.221791
vt 0.514328 1.228365
vt 0.502133 1.218252
vt 0.500614 1.230236
vt 0.502628 1.233342
vt 0.493216 1.238410
vt 0.493704 1.215839
vt 0.488540 1.229449
vt 0.482266 1.240905
vt 0.482378 1.244244
vt 0.479900 1.229135
vt 0.484826 1.207591
vt 0.469918 1.256885
vt 0.468598 1.261110
vt 0.475105 1.238570
vt 0.457472 1.269104
vt 0.459078 1.271389
vt 0.465094 1.248217
vt 0.445079 1.279011
vt 0.447259 1.283376
vt 0.449582 1.262429
vt 0.461416 1.246895
vt 0.446256 1.259437
vt 0.471055 1.236224
vt 0.457659 1.245273
vt 0.475654 1.226971
vt 0.468062 1.234941
vt 0.479133 1.214306
vt 0.471959 1.226028
vt 0.490100 1.182072
vt 0.475690 1.212681
vt 0.468030 1.224987
vt 0.472094 1.212076
vt 0.485789 1.182657
vt 0.480678 1.183190
vt 0.502884 1.156919
vt 0.499677 1.156074
vt 0.495918 1.156652
vt 0.500860 1.138546
vt 0.505912 1.138224
vt 0.501368 1.111731
vt 0.497030 1.119198
vt 0.494190 1.136765
vt 0.512124 1.107067
vt 0.518856 1.101788
vt 0.502185 1.084973
vt 0.507333 1.079709
vt 0.498208 1.086633
vt 0.491716 1.077368
vt 0.495547 1.072750
vt 0.479531 1.068380
vt 0.493096 1.090553
vt 0.487450 1.079992
vt 0.477882 1.071976
vt 0.458934 1.066629
vt 0.492131 1.119708
vt 0.457365 1.071182
vt 0.421389 1.060457
vt 0.476905 1.076665
vt 0.486883 1.087457
vt 0.476375 1.082122
vt 0.457129 1.076593
vt 0.418083 1.067643
vt 0.390471 1.052186
vt 0.414784 1.074099
vt 0.455998 1.081932
vt 0.389124 1.059556
vt 0.475800 1.087491
vt 0.412944 1.080388
vt 0.484550 1.092328
vt 0.386230 1.066878
vt 0.484062 1.103513
vt 0.468551 1.101817
vt 0.454938 1.087301
vt 0.480491 1.134078
vt 0.476025 1.158487
vt 0.462395 1.130631
vt 0.469718 1.183129
vt 0.455466 1.156155
vt 0.443138 1.099002
vt 0.462693 1.207202
vt 0.449076 1.180415
vt 0.434218 1.126357
vt 0.425319 1.150615
vt 0.442308 1.204326
vt 0.417829 1.174148
vt 0.389758 1.140543
vt 0.458359 1.223856
vt 0.379741 1.164595
vt 0.464070 1.233997
vt 0.454234 1.234356
vt 0.453072 1.244226
vt 0.443839 1.255783
vt 0.450591 1.242811
vt 0.432005 1.275438
vt 0.442125 1.251140
vt 0.436768 1.276821
vt 0.425598 1.273490
vt 0.427940 1.283458
vt 0.435435 1.283910
vt 0.436857 1.288577
vt 0.442017 1.289777
vt 0.439252 1.293601
vt 0.433915 1.291112
vt 0.435547 1.296293
vt 0.430078 1.292869
vt 0.433208 1.296194
vt 0.436921 1.303898
vt 0.435358 1.304596
vt 0.429650 1.296294
vt 0.431275 1.307042
vt 0.426122 1.290537
vt 0.425624 1.304597
vt 0.425481 1.311292
vt 0.422143 1.312244
vt 0.425301 1.295650
vt 0.425742 1.300593
vt 0.422274 1.304541
vt 0.418645 1.312325
vt 0.422766 1.300203
vt 0.422782 1.294757
vt 0.421682 1.290929
vt 0.418103 1.295601
vt 0.419014 1.300574
vt 0.422466 1.282447
vt 0.419686 1.304392
vt 0.412097 1.298547
vt 0.411705 1.304309
vt 0.410667 1.311434
vt 0.406224 1.302517
vt 0.405259 1.310210
vt 0.413257 1.290915
vt 0.398588 1.303000
vt 0.398017 1.309052
vt 0.392165 1.309347
vt 0.406561 1.294479
vt 0.392300 1.294661
vt 0.385921 1.309240
vt 0.397815 1.295073
vt 0.406104 1.284906
vt 0.398043 1.280930
vt 0.380514 1.295202
vt 0.370762 1.301066
vt 0.378315 1.310772
vt 0.372998 1.281947
vt 0.387794 1.275826
vt 0.362928 1.310863
vt 0.371217 1.317266
vt 0.360844 1.291059
vt 0.357477 1.323826
vt 0.365775 1.327806
vt 0.351685 1.303531
vt 0.345282 1.318072
vt 0.353332 1.338269
vt 0.360928 1.340849
vt 0.340769 1.334271
vt 0.349937 1.353404
vt 0.356980 1.355134
vt 0.337545 1.350606
vt 0.346548 1.368452
vt 0.353250 1.369918
vt 0.335008 1.366200
vt 0.343144 1.383532
vt 0.349380 1.384787
vt 0.332587 1.381546
vt 0.339548 1.398535
vt 0.345160 1.399811
vt 0.330202 1.396700
vt 0.335878 1.413491
vt 0.340775 1.414650
vt 0.336577 1.428987
vt 0.327759 1.411750
vt 0.332197 1.427904
vt 0.332477 1.441570
vt 0.325041 1.426255
vt 0.328673 1.440505
vt 0.328419 1.452658
vt 0.322573 1.439025
vt 0.325171 1.451691
vt 0.324516 1.463117
vt 0.321733 1.462274
vt 0.320343 1.473299
vt 0.319934 1.450422
vt 0.318027 1.472484
vt 0.315510 1.483246
vt 0.317139 1.461096
vt 0.317107 1.437792
vt 0.313812 1.482400
vt 0.315024 1.449304
vt 0.314212 1.471330
vt 0.312903 1.460059
vt 0.308562 1.490086
vt 0.309234 1.492820
vt 0.310860 1.481151
vt 0.303555 1.492234
vt 0.295039 1.501506
vt 0.310647 1.470253
vt 0.304986 1.488243
vt 0.308145 1.480147
vt 0.299794 1.491670
vt 0.305435 1.479252
vt 0.299075 1.486339
vt 0.307007 1.469232
vt 0.300804 1.478273
vt 0.308551 1.459035
vt 0.301560 1.468235
vt 0.309995 1.448215
vt 0.302111 1.458114
vt 0.295010 1.476632
vt 0.294998 1.467123
vt 0.295022 1.486973
vt 0.291415 1.486744
vt 0.288439 1.468253
vt 0.289219 1.478286
vt 0.289490 1.492040
vt 0.284594 1.479276
vt 0.282993 1.469261
vt 0.284673 1.493004
vt 0.279374 1.494450
vt 0.285154 1.489152
vt 0.280579 1.492281
vt 0.274522 1.483291
vt 0.279169 1.481183
vt 0.281881 1.480174
vt 0.279355 1.470288
vt 0.276219 1.482441
vt 0.275791 1.471372
vt 0.271979 1.472536
vt 0.269665 1.473355
vt 0.277070 1.460099
vt 0.272837 1.461143
vt 0.268246 1.462332
vt 0.265464 1.463183
vt 0.281422 1.459066
vt 0.274922 1.449345
vt 0.270016 1.450474
vt 0.264780 1.451758
vt 0.261535 1.452731
vt 0.272811 1.437838
vt 0.261250 1.440575
vt 0.257447 1.441650
vt 0.267347 1.439081
vt 0.257692 1.427980
vt 0.253315 1.429072
vt 0.264847 1.426314
vt 0.253979 1.413569
vt 0.249084 1.414740
vt 0.244667 1.399903
vt 0.270961 1.424932
vt 0.250277 1.398617
vt 0.240413 1.384883
vt 0.262095 1.411811
vt 0.246646 1.383615
vt 0.236512 1.370015
vt 0.259618 1.396763
vt 0.268949 1.410268
vt 0.243212 1.368536
vt 0.232755 1.355227
vt 0.257201 1.381611
vt 0.239794 1.353485
vt 0.228779 1.340938
vt 0.254749 1.366264
vt 0.236373 1.338348
vt 0.223911 1.327891
vt 0.252184 1.350668
vt 0.232207 1.323902
vt 0.218275 1.319695
vt 0.248932 1.334334
vt 0.226738 1.310938
vt 0.210871 1.313729
vt 0.244396 1.318134
vt 0.218892 1.301138
vt 0.203259 1.311673
vt 0.237977 1.303593
vt 0.254076 1.314659
vt 0.209134 1.295271
vt 0.258022 1.331573
vt 0.248285 1.298737
vt 0.260515 1.348551
vt 0.262199 1.312221
vt 0.262672 1.364650
vt 0.264875 1.329748
vt 0.264830 1.380202
vt 0.267359 1.347038
vt 0.269772 1.363431
vt 0.266995 1.395223
vt 0.271770 1.379037
vt 0.275224 1.409116
vt 0.273579 1.394092
vt 0.283003 1.377838
vt 0.276862 1.423717
vt 0.284037 1.393104
vt 0.284854 1.407751
vt 0.285931 1.422077
vt 0.278405 1.436651
vt 0.286318 1.435579
vt 0.279951 1.448250
vt 0.287239 1.447187
vt 0.287861 1.458131
vt 0.294984 1.457120
vt 0.294971 1.446165
vt 0.302704 1.447171
vt 0.294955 1.434515
vt 0.303597 1.435562
vt 0.311511 1.436617
vt 0.294940 1.421583
vt 0.318927 1.424886
vt 0.313022 1.423681
vt 0.320903 1.410220
vt 0.303951 1.422058
vt 0.314626 1.409077
vt 0.322825 1.395175
vt 0.304995 1.407730
vt 0.316240 1.394052
vt 0.324955 1.380152
vt 0.318015 1.378997
vt 0.305777 1.393085
vt 0.294924 1.407169
vt 0.294905 1.392022
vt 0.306785 1.377818
vt 0.294892 1.376699
vt 0.319983 1.363390
vt 0.307386 1.362441
vt 0.282369 1.362459
vt 0.294877 1.360958
vt 0.280885 1.346139
vt 0.278947 1.328240
vt 0.294862 1.343989
vt 0.308841 1.346120
vt 0.322368 1.346999
vt 0.310752 1.328219
vt 0.294849 1.326349
vt 0.277431 1.310181
vt 0.312243 1.310159
vt 0.258397 1.295135
vt 0.294838 1.308443
vt 0.275917 1.292015
vt 0.253489 1.277689
vt 0.240245 1.283433
vt 0.273539 1.273490
vt 0.228808 1.291121
vt 0.247016 1.260136
vt 0.229922 1.269381
vt 0.216647 1.282009
vt 0.239634 1.244293
vt 0.197345 1.294726
vt 0.197705 1.311673
vt 0.219791 1.256456
vt 0.201843 1.275885
vt 0.191533 1.303855
vt 0.191616 1.309113
vt 0.184745 1.311877
vt 0.190916 1.294806
vt 0.183409 1.302573
vt 0.178986 1.312907
vt 0.183073 1.294537
vt 0.191592 1.280988
vt 0.178987 1.305708
vt 0.170983 1.312378
vt 0.177340 1.299536
vt 0.170757 1.305503
vt 0.167353 1.304595
vt 0.167486 1.312299
vt 0.170615 1.300629
vt 0.164005 1.304652
vt 0.164145 1.311348
vt 0.158355 1.307093
vt 0.166864 1.300259
vt 0.171527 1.295656
vt 0.159979 1.296348
vt 0.154271 1.304649
vt 0.163885 1.300646
vt 0.164329 1.295703
vt 0.166847 1.294811
vt 0.156359 1.297274
vt 0.152711 1.303950
vt 0.153068 1.297479
vt 0.159556 1.292923
vt 0.155330 1.292337
vt 0.150382 1.293653
vt 0.163510 1.290591
vt 0.152778 1.288629
vt 0.147620 1.289831
vt 0.142377 1.283432
vt 0.167949 1.290985
vt 0.144559 1.279068
vt 0.130556 1.271449
vt 0.154201 1.283962
vt 0.132163 1.269164
vt 0.121035 1.261174
vt 0.152871 1.276875
vt 0.161694 1.283513
vt 0.140051 1.262486
vt 0.157628 1.275491
vt 0.167166 1.282503
vt 0.124531 1.248282
vt 0.172104 1.289801
vt 0.164036 1.273546
vt 0.173230 1.283314
vt 0.177340 1.292954
vt 0.178369 1.287194
vt 0.183530 1.284963
vt 0.179291 1.281214
vt 0.184626 1.278067
vt 0.189871 1.264554
vt 0.172156 1.270346
vt 0.203979 1.241626
vt 0.175362 1.255839
vt 0.232978 1.229440
vt 0.178895 1.238734
vt 0.223388 1.209691
vt 0.182692 1.220185
vt 0.151837 1.236697
vt 0.151000 1.222772
vt 0.151131 1.248266
vt 0.147504 1.251199
vt 0.139036 1.242875
vt 0.135389 1.234420
vt 0.136555 1.244289
vt 0.145791 1.255843
vt 0.125550 1.234064
vt 0.143377 1.259495
vt 0.131966 1.245336
vt 0.128210 1.246958
vt 0.121558 1.235009
vt 0.131259 1.223922
vt 0.121586 1.225056
vt 0.118565 1.236292
vt 0.147301 1.204388
vt 0.114514 1.238640
vt 0.126918 1.207269
vt 0.119709 1.256951
vt 0.107242 1.244317
vt 0.107354 1.240976
vt 0.096402 1.238485
vt 0.109716 1.229206
vt 0.101076 1.229524
vt 0.089001 1.230311
vt 0.086988 1.233418
vt 0.075289 1.228443
vt 0.095909 1.215913
vt 0.080756 1.221867
vt 0.059998 1.213206
vt 0.087481 1.218326
vt 0.080575 1.203309
vt 0.040665 1.223035
vt 0.055902 1.222585
vt 0.071360 1.207050
vt 0.049847 1.200018
vt 0.033224 1.212909
vt 0.064682 1.192537
vt 0.073389 1.187988
vt 0.044246 1.191460
vt 0.027052 1.203508
vt 0.059173 1.183014
vt 0.040950 1.184338
vt 0.023609 1.194294
vt 0.021429 1.184258
vt 0.039194 1.176256
vt 0.019171 1.178873
vt 0.054955 1.179605
vt 0.056283 1.170057
vt 0.041918 1.165932
vt 0.028860 1.157472
vt 0.012956 1.166702
vt 0.065711 1.175409
vt 0.021758 1.151840
vt 0.008224 1.156736
vt 0.081815 1.183828
vt 0.015318 1.145597
vt 0.004256 1.149433
vt 0.000794 1.141950
vt 0.015308 1.139323
vt 0.027385 1.145451
vt 0.019241 1.135954
vt 0.037087 1.149319
vt 0.028354 1.140514
vt 0.057002 1.158927
vt 0.039121 1.143461
vt 0.058408 1.151734
vt 0.069162 1.166938
vt 0.069728 1.160051
vt 0.079195 1.158904
vt 0.065802 1.138427
vt 0.055070 1.136010
vt 0.041515 1.132483
vt 0.064277 1.122184
vt 0.053873 1.118261
vt 0.042960 1.117043
vt 0.030754 1.131620
vt 0.039113 1.109973
vt 0.023830 1.125628
vt 0.028747 1.103734
vt 0.079594 1.138587
vt 0.075753 1.106407
vt 0.069442 1.102966
vt 0.086653 1.158043
vt 0.083498 1.084031
vt 0.078910 1.078294
vt 0.086367 1.110996
vt 0.096406 1.076573
vt 0.093252 1.072271
vt 0.110022 1.068450
vt 0.088376 1.085465
vt 0.111671 1.072044
vt 0.130616 1.066691
vt 0.102432 1.079155
vt 0.094112 1.089196
vt 0.132186 1.071244
vt 0.168155 1.060508
vt 0.112648 1.076733
vt 0.171464 1.067693
vt 0.199070 1.052225
vt 0.132424 1.076654
vt 0.200421 1.059594
vt 0.174768 1.074146
vt 0.113181 1.082193
vt 0.133559 1.081994
vt 0.100424 1.088047
vt 0.113758 1.087559
vt 0.176610 1.080435
vt 0.134621 1.087363
vt 0.105012 1.092400
vt 0.203315 1.066913
vt 0.121017 1.101884
vt 0.105506 1.103585
vt 0.097447 1.119781
vt 0.109093 1.134149
vt 0.092550 1.119274
vt 0.095400 1.136841
vt 0.083685 1.138303
vt 0.088734 1.138624
vt 0.096121 1.157183
vt 0.091818 1.157180
vt 0.099507 1.182147
vt 0.103814 1.182731
vt 0.115054 1.158616
vt 0.108924 1.183263
vt 0.113922 1.212753
vt 0.127185 1.130697
vt 0.119885 1.183199
vt 0.146426 1.099060
vt 0.134126 1.156219
vt 0.155359 1.126412
vt 0.117518 1.212144
vt 0.140525 1.180478
vt 0.117659 1.226096
vt 0.110481 1.214378
vt 0.113962 1.227042
vt 0.104785 1.207664
vt 0.093981 1.181264
vt 0.089381 1.200229
vt 0.164271 1.150668
vt 0.171770 1.174200
vt 0.199823 1.140583
vt 0.179177 1.198483
vt 0.209851 1.164633
vt 0.217044 1.189024
vt 0.256351 1.179462
vt 0.260204 1.200724
vt 0.263791 1.218771
vt 0.252114 1.151869
vt 0.266558 1.236724
vt 0.294804 1.214087
vt 0.270364 1.254859
vt 0.294808 1.232333
vt 0.294814 1.250261
vt 0.294821 1.269707
vt 0.294828 1.289608
vt 0.319268 1.254841
vt 0.313741 1.291995
vt 0.316105 1.273470
vt 0.323063 1.236704
vt 0.342617 1.260097
vt 0.325822 1.218750
vt 0.349991 1.244255
vt 0.356641 1.229401
vt 0.329400 1.200705
vt 0.366223 1.209654
vt 0.369842 1.256405
vt 0.294800 1.196136
vt 0.294798 1.176372
vt 0.333246 1.179444
vt 0.372558 1.188986
vt 0.337470 1.151850
vt 0.410429 1.198432
vt 0.294790 1.141612
vt 0.438616 1.222713
vt 0.406926 1.220132
vt 0.385645 1.241573
vt 0.410731 1.238679
vt 0.437787 1.236636
vt 0.399760 1.264497
vt 0.438495 1.248208
vt 0.414266 1.255783
vt 0.417475 1.270289
vt 0.405009 1.278008
vt 0.410341 1.281157
vt 0.412140 1.285560
vt 0.416400 1.283258
vt 0.417528 1.289747
vt 0.359718 1.269329
vt 0.349402 1.283382
vt 0.336156 1.277650
vt 0.341375 1.298684
vt 0.331262 1.295097
vt 0.335600 1.314608
vt 0.327477 1.312181
vt 0.331677 1.331524
vt 0.324824 1.329706
vt 0.329210 1.348503
vt 0.327084 1.364601
vt 0.360573 1.044550
vt 0.362129 1.037148
vt 0.339487 1.019854
vt 0.359331 1.053160
vt 0.336015 1.026940
vt 0.314111 1.007395
vt 0.384126 1.072007
vt 0.311732 1.014462
vt 0.295052 1.000794
vt 0.332187 1.034043
vt 0.358000 1.059637
vt 0.310341 1.023728
vt 0.331269 1.040294
vt 0.294821 1.006817
vt 0.295052 1.015620
vt 0.277678 1.013998
vt 0.275414 1.007402
vt 0.294588 1.024422
vt 0.253516 1.026954
vt 0.250042 1.019870
vt 0.278141 1.023496
vt 0.257347 1.034058
vt 0.228963 1.044573
vt 0.227405 1.037173
vt 0.230210 1.053184
vt 0.205424 1.072043
vt 0.231544 1.059662
vt 0.258266 1.040306
vt 0.178539 1.084949
vt 0.278604 1.031141
vt 0.181788 1.092711
vt 0.279528 1.036823
vt 0.190365 1.115987
vt 0.210804 1.083625
vt 0.207754 1.077501
vt 0.246121 1.127149
vt 0.233647 1.066135
vt 0.233208 1.101959
vt 0.237148 1.073222
vt 0.260459 1.046447
vt 0.263630 1.054030
vt 0.252517 1.087855
vt 0.282324 1.041339
vt 0.294786 1.120487
vt 0.271627 1.065527
vt 0.294781 1.098633
vt 0.343453 1.127128
vt 0.337039 1.087837
vt 0.399206 1.115945
vt 0.356355 1.101934
vt 0.407772 1.092665
vt 0.378752 1.083594
vt 0.411018 1.084901
vt 0.381800 1.077469
vt 0.355903 1.066113
vt 0.352404 1.073198
vt 0.329081 1.046433
vt 0.325910 1.054017
vt 0.310110 1.036006
vt 0.310807 1.029983
vt 0.294766 1.030622
vt 0.307212 1.041335
vt 0.294768 1.036103
vt 0.317920 1.065519
vt 0.302493 1.051446
vt 0.294775 1.073678
vt 0.294769 1.047793
vt 0.287047 1.051448
vt 0.018709 1.033113
vt 0.000794 1.023305
vt 0.020539 1.029616
vt 0.002673 1.018051
vt 0.036318 1.040782
vt 0.020033 1.025107
vt 0.004914 1.014374
vt 0.037291 1.039060
vt 0.022046 1.021648
vt 0.007897 1.009804
vt 0.011353 1.006717
vt 0.038491 1.037121
vt 0.024927 1.019467
vt 0.015615 1.004346
vt 0.039507 1.035505
vt 0.028390 1.018719
vt 0.019859 1.000794
vt 0.031259 1.017222
vt 0.040795 1.033899
vt 0.042449 1.032163
vt 0.043665 1.030924
vt 0.057865 1.046504
vt 0.057583 1.046876
vt 0.062199 1.051477
vt 0.057540 1.047370
vt 0.056916 1.047881
vt 0.056846 1.048382
vt 0.055858 1.049624
vt 0.055955 1.048785
vt 0.730989 1.601997
vt 0.724384 1.600556
vt 0.724596 1.596901
vt 0.727674 1.591609
vt 0.727351 1.605315
vt 0.734007 1.597662
vt 0.734372 1.585829
vt 0.732236 1.605661
vt 0.733095 1.610843
vt 0.745741 1.598274
vt 0.741675 1.593435
vt 0.749189 1.585283
vt 0.749316 1.575996
vt 0.745172 1.607771
vt 0.745050 1.619184
vt 0.758410 1.593706
vt 0.758505 1.570454
vt 0.747562 1.573818
vt 0.757550 1.567526
vt 0.756557 1.609250
vt 0.766431 1.592636
vt 0.771561 1.566636
vt 0.770904 1.563693
vt 0.784741 1.561925
vt 0.785007 1.565401
vt 0.809548 1.560762
vt 0.786526 1.591643
vt 0.767278 1.609586
vt 0.809571 1.563732
vt 0.808205 1.590498
vt 0.844537 1.563716
vt 0.845826 1.561062
vt 0.841494 1.589079
vt 0.878113 1.567855
vt 0.878373 1.564838
vt 0.875141 1.590434
vt 0.910737 1.575048
vt 0.911558 1.572506
vt 0.934332 1.580362
vt 0.906565 1.595877
vt 0.934054 1.582853
vt 0.951852 1.588303
vt 0.929501 1.603725
vt 0.950569 1.591406
vt 0.976835 1.599791
vt 0.928220 1.621329
vt 0.976639 1.602303
vt 0.967405 1.615661
vt 0.990557 1.611077
vt 0.992611 1.610247
vt 0.994086 1.612383
vt 0.982537 1.615751
vt 0.993492 1.617348
vt 0.995099 1.614340
vt 0.995670 1.616569
vt 0.995609 1.619808
vt 0.994275 1.622249
vt 0.980686 1.626112
vt 0.986843 1.630225
vt 0.972306 1.642250
vt 0.961378 1.626822
vt 0.970349 1.639685
vt 0.963587 1.650427
vt 0.957759 1.635900
vt 0.960865 1.647017
vt 0.941859 1.666698
vt 0.957527 1.642898
vt 0.927105 1.637193
vt 0.939670 1.663368
vt 0.915510 1.679853
vt 0.933829 1.653163
vt 0.913615 1.675947
vt 0.880639 1.693635
vt 0.906428 1.660462
vt 0.878777 1.688319
vt 0.846960 1.698567
vt 0.848602 1.704935
vt 0.874471 1.666356
vt 0.814340 1.707401
vt 0.815655 1.713886
vt 0.843073 1.669853
vt 0.814789 1.673137
vt 0.790295 1.711867
vt 0.790473 1.718850
vt 0.791849 1.673810
vt 0.771393 1.714449
vt 0.770623 1.717272
vt 0.759382 1.706299
vt 0.756311 1.709111
vt 0.747435 1.693509
vt 0.752708 1.691324
vt 0.762279 1.672492
vt 0.746871 1.661975
vt 0.740657 1.662631
vt 0.743831 1.635382
vt 0.763232 1.636883
vt 0.748571 1.634557
vt 0.747962 1.618962
vt 0.753830 1.614141
vt 0.792210 1.638836
vt 0.790230 1.609394
vt 0.813131 1.638057
vt 0.811458 1.608635
vt 0.842464 1.636760
vt 0.841297 1.608602
vt 0.872845 1.634854
vt 0.873020 1.609822
vt 0.900927 1.635374
vt 0.902574 1.612919
vt 0.126465 1.498354
vt 0.124738 1.491916
vt 0.130217 1.497790
vt 0.135321 1.494012
vt 0.121206 1.495780
vt 0.128618 1.488368
vt 0.140272 1.486527
vt 0.121299 1.490839
vt 0.131853 1.480174
vt 0.116449 1.490116
vt 0.116136 1.494381
vt 0.105975 1.480550
vt 0.126546 1.476714
vt 0.117231 1.478477
vt 0.138941 1.471581
vt 0.105765 1.477543
vt 0.148195 1.470187
vt 0.143926 1.489533
vt 0.150810 1.471186
vt 0.152288 1.460099
vt 0.155324 1.460558
vt 0.129315 1.463553
vt 0.114147 1.467540
vt 0.129203 1.455446
vt 0.154175 1.446589
vt 0.157178 1.446812
vt 0.156930 1.432843
vt 0.109689 1.470975
vt 0.153454 1.433083
vt 0.154490 1.408113
vt 0.127269 1.435386
vt 0.112287 1.457006
vt 0.125262 1.413745
vt 0.090245 1.479129
vt 0.090102 1.483937
vt 0.085843 1.464935
vt 0.063356 1.484747
vt 0.063597 1.490991
vt 0.032065 1.488726
vt 0.109163 1.434262
vt 0.033471 1.483188
vt 0.079736 1.436541
vt 0.050733 1.471010
vt 0.017690 1.478743
vt 0.015352 1.482188
vt 0.005211 1.469200
vt 0.045170 1.441941
vt 0.007897 1.468028
vt 0.000794 1.449785
vt 0.007733 1.448959
vt 0.002077 1.424146
vt 0.008685 1.424516
vt 0.006182 1.390259
vt 0.042528 1.419139
vt 0.012716 1.390959
vt 0.012730 1.356925
vt 0.077482 1.415720
vt 0.041691 1.390665
vt 0.018259 1.358001
vt 0.106846 1.413135
vt 0.074531 1.386497
vt 0.102564 1.383594
vt 0.072024 1.356147
vt 0.040618 1.359087
vt 0.096772 1.352358
vt 0.067447 1.328429
vt 0.041827 1.326608
vt 0.025463 1.321735
vt 0.021320 1.320428
vt 0.045081 1.298434
vt 0.034133 1.294132
vt 0.030522 1.292448
vt 0.061855 1.302771
vt 0.051805 1.273498
vt 0.047243 1.270787
vt 0.043477 1.268587
vt 0.053129 1.260346
vt 0.050305 1.258776
vt 0.058692 1.272256
vt 0.067155 1.267363
vt 0.065064 1.248150
vt 0.060099 1.242654
vt 0.066915 1.234132
vt 0.077390 1.299382
vt 0.077331 1.259786
vt 0.071886 1.234206
vt 0.069137 1.232461
vt 0.072334 1.231930
vt 0.074623 1.232181
vt 0.076707 1.232904
vt 0.075049 1.244821
vt 0.078510 1.236207
vt 0.079040 1.234061
vt 0.091669 1.248153
vt 0.089211 1.248713
vt 0.103769 1.272939
vt 0.106658 1.271222
vt 0.094627 1.295574
vt 0.114627 1.288049
vt 0.117049 1.287417
vt 0.125722 1.310007
vt 0.128123 1.308829
vt 0.140502 1.340570
vt 0.105711 1.317139
vt 0.137557 1.341264
vt 0.148946 1.372244
vt 0.089430 1.323559
vt 0.115644 1.347469
vt 0.146507 1.373903
vt 0.121850 1.380579
vt 0.151551 1.408517
vt 0.019220 1.968056
vt 0.000794 1.977554
vt 0.016831 1.964906
vt 0.003519 1.982424
vt 0.032937 1.954432
vt 0.019466 1.972586
vt 0.006335 1.985683
vt 0.034179 1.955969
vt 0.022024 1.975664
vt 0.010036 1.989698
vt 0.013954 1.992167
vt 0.035683 1.957682
vt 0.036953 1.959113
vt 0.025226 1.977341
vt 0.018549 1.993800
vt 0.051014 1.943334
vt 0.050774 1.942526
vt 0.056712 1.939635
vt 0.051964 1.943583
vt 0.052112 1.944068
vt 0.038490 1.960482
vt 0.052812 1.944465
vt 0.052944 1.944943
vt 0.053011 1.945006
vt 0.053282 1.945262
vt 0.040404 1.961922
vt 0.041808 1.962943
vt 0.031839 1.978504
vt 0.028761 1.977503
vt 0.023328 1.996596
vt 0.989855 1.048734
vt 0.990527 1.042897
vt 0.996577 1.041410
vt 0.971938 1.056724
vt 0.991466 1.035819
vt 0.996126 1.033083
vt 0.987374 1.038857
vt 0.988933 1.029839
vt 0.993297 1.027284
vt 0.986575 1.020766
vt 0.983987 1.035731
vt 0.982967 1.025425
vt 0.974789 1.014778
vt 0.978637 1.032208
vt 0.972473 1.020592
vt 0.952144 1.004304
vt 0.948955 1.006960
vt 0.965982 1.042798
vt 0.964704 1.028489
vt 0.947813 1.013710
vt 0.930854 1.005486
vt 0.932042 1.001782
vt 0.912263 1.000794
vt 0.947706 1.024794
vt 0.911125 1.003343
vt 0.892434 1.004326
vt 0.895154 1.018755
vt 0.892904 1.006741
vt 0.858618 1.011268
vt 0.859481 1.013692
vt 0.811164 1.025758
vt 0.959362 1.048434
vt 0.810728 1.028277
vt 0.769910 1.043896
vt 0.967135 1.059358
vt 0.976978 1.080334
vt 0.922480 1.072421
vt 0.967881 1.083704
vt 0.971915 1.081658
vt 0.988896 1.116780
vt 0.984988 1.117739
vt 0.991348 1.160831
vt 0.980906 1.118942
vt 0.947101 1.124716
vt 0.987722 1.160489
vt 0.983496 1.160119
vt 0.982880 1.183566
vt 0.986957 1.185676
vt 0.978539 1.181030
vt 0.951917 1.158406
vt 0.957270 1.184011
vt 0.964828 1.196281
vt 0.967170 1.200687
vt 0.974714 1.204703
vt 0.948483 1.213346
vt 0.946579 1.203223
vt 0.947436 1.208371
vt 0.913247 1.213999
vt 0.913331 1.219137
vt 0.913498 1.208655
vt 0.943065 1.189094
vt 0.867034 1.217922
vt 0.866700 1.222389
vt 0.909636 1.170381
vt 0.820614 1.217815
vt 0.820387 1.221019
vt 0.769867 1.215771
vt 0.867397 1.213355
vt 0.770052 1.213149
vt 0.730716 1.207759
vt 0.820769 1.214148
vt 0.730872 1.205893
vt 0.695311 1.197447
vt 0.770074 1.210390
vt 0.821215 1.205374
vt 0.695310 1.195691
vt 0.679516 1.191909
vt 0.731000 1.203392
vt 0.679615 1.190176
vt 0.656076 1.181103
vt 0.770066 1.204532
vt 0.656194 1.180233
vt 0.868013 1.202701
vt 0.643040 1.173703
vt 0.642417 1.174118
vt 0.913621 1.195492
vt 0.866580 1.181934
vt 0.821090 1.192208
vt 0.770516 1.196024
vt 0.899419 1.130798
vt 0.880638 1.078760
vt 0.856140 1.146079
vt 0.862067 1.028834
vt 0.839054 1.094885
vt 0.818471 1.042264
vt 0.796430 1.109193
vt 0.813124 1.160109
vt 0.776627 1.058053
vt 0.756504 1.120638
vt 0.768893 1.171777
vt 0.770532 1.047224
vt 0.729733 1.067819
vt 0.734092 1.074556
vt 0.731025 1.069129
vt 0.703704 1.088630
vt 0.702077 1.086605
vt 0.706350 1.092012
vt 0.724138 1.129385
vt 0.686445 1.108024
vt 0.683017 1.105553
vt 0.681210 1.103858
vt 0.733615 1.178155
vt 0.708244 1.134733
vt 0.658954 1.135210
vt 0.656458 1.132970
vt 0.655003 1.131506
vt 0.669420 1.155110
vt 0.642301 1.152688
vt 0.639546 1.153392
vt 0.645409 1.153379
vt 0.638824 1.158089
vt 0.637177 1.157881
vt 0.641840 1.158238
vt 0.637521 1.161709
vt 0.636219 1.161953
vt 0.640785 1.161466
vt 0.648446 1.166317
vt 0.639706 1.164521
vt 0.637609 1.165600
vt 0.636317 1.166193
vt 0.641010 1.169100
vt 0.639396 1.170588
vt 0.638724 1.171109
vt 0.644660 1.172012
vt 0.659287 1.177921
vt 0.663078 1.172340
vt 0.681313 1.186430
vt 0.685546 1.171425
vt 0.681875 1.181675
vt 0.696413 1.191916
vt 0.697669 1.186263
vt 0.731461 1.198117
vt 0.732308 1.190476
vt 0.576040 1.839624
vt 0.588348 1.834982
vt 0.575855 1.841356
vt 0.563146 1.848204
vt 0.588774 1.830974
vt 0.609298 1.823596
vt 0.574877 1.838839
vt 0.607391 1.819071
vt 0.588584 1.827893
vt 0.628072 1.809207
vt 0.631431 1.815939
vt 0.648247 1.814207
vt 0.605211 1.815722
vt 0.646509 1.803631
vt 0.651890 1.812696
vt 0.623857 1.804374
vt 0.660332 1.796703
vt 0.643673 1.794895
vt 0.665573 1.799280
vt 0.654710 1.813164
vt 0.656513 1.817318
vt 0.660790 1.786460
vt 0.637143 1.788186
vt 0.652171 1.777500
vt 0.619627 1.800419
vt 0.644925 1.769937
vt 0.602417 1.813201
vt 0.630783 1.782192
vt 0.615214 1.796703
vt 0.586683 1.826311
vt 0.598495 1.810750
vt 0.610388 1.792281
vt 0.575491 1.836557
vt 0.582836 1.825499
vt 0.594292 1.807802
vt 0.572549 1.836572
vt 0.579201 1.824860
vt 0.571238 1.834987
vt 0.569020 1.834867
vt 0.576122 1.823833
vt 0.567723 1.833300
vt 0.565711 1.833853
vt 0.570326 1.819983
vt 0.573407 1.821809
vt 0.580363 1.797298
vt 0.589566 1.804247
vt 0.584737 1.800338
vt 0.591571 1.775207
vt 0.604311 1.786640
vt 0.596914 1.780360
vt 0.609514 1.761894
vt 0.604372 1.755578
vt 0.617425 1.768748
vt 0.624305 1.775188
vt 0.629965 1.754752
vt 0.621055 1.745671
vt 0.613407 1.740599
vt 0.623509 1.731266
vt 0.632105 1.736323
vt 0.645851 1.714731
vt 0.637558 1.761865
vt 0.642707 1.742151
vt 0.652385 1.723075
vt 0.666927 1.700556
vt 0.674163 1.709935
vt 0.658518 1.729994
vt 0.678843 1.714963
vt 0.650181 1.749395
vt 0.665221 1.736003
vt 0.683383 1.720056
vt 0.658387 1.757568
vt 0.671899 1.743485
vt 0.689095 1.726342
vt 0.665747 1.765933
vt 0.678573 1.750814
vt 0.695126 1.732885
vt 0.699867 1.737107
vt 0.685412 1.756533
vt 0.672481 1.773152
vt 0.671478 1.791197
vt 0.680219 1.778566
vt 0.692337 1.761863
vt 0.706928 1.742446
vt 0.713868 1.747955
vt 0.699500 1.766747
vt 0.687412 1.783975
vt 0.669218 1.802213
vt 0.676610 1.798872
vt 0.668863 1.812876
vt 0.657844 1.821494
vt 0.675238 1.810824
vt 0.687555 1.800886
vt 0.667017 1.836306
vt 0.660693 1.836483
vt 0.660798 1.860228
vt 0.673020 1.836975
vt 0.683139 1.817260
vt 0.665944 1.860435
vt 0.669965 1.861116
vt 0.679022 1.839810
vt 0.661033 1.883364
vt 0.656890 1.883278
vt 0.663305 1.883681
vt 0.655154 1.905275
vt 0.654185 1.905406
vt 0.652950 1.915897
vt 0.655920 1.905648
vt 0.657106 1.905882
vt 0.673178 1.862411
vt 0.665175 1.884036
vt 0.667886 1.885670
vt 0.677499 1.864325
vt 0.685863 1.843093
vt 0.658443 1.906556
vt 0.660006 1.907181
vt 0.671506 1.888082
vt 0.683324 1.866847
vt 0.692794 1.823144
vt 0.692526 1.846102
vt 0.688294 1.870262
vt 0.699323 1.806812
vt 0.701330 1.827232
vt 0.700435 1.850148
vt 0.696371 1.787721
vt 0.707369 1.771437
vt 0.719320 1.752139
vt 0.727018 1.756289
vt 0.716262 1.776447
vt 0.734805 1.759858
vt 0.706816 1.792910
vt 0.725037 1.780978
vt 0.740656 1.762309
vt 0.709959 1.811731
vt 0.717758 1.798023
vt 0.732991 1.783375
vt 0.749978 1.765949
vt 0.725608 1.801226
vt 0.742603 1.788034
vt 0.762152 1.770664
vt 0.752672 1.794223
vt 0.734626 1.807970
vt 0.742680 1.820023
vt 0.718832 1.816234
vt 0.727848 1.821949
vt 0.735593 1.830436
vt 0.729781 1.838948
vt 0.711460 1.831559
vt 0.721272 1.835331
vt 0.714841 1.859277
vt 0.707923 1.854767
vt 0.697726 1.878438
vt 0.692906 1.874095
vt 0.674617 1.890508
vt 0.677223 1.892815
vt 0.680227 1.896066
vt 0.660414 1.908471
vt 0.661477 1.908944
vt 0.662310 1.910613
vt 0.716003 1.929889
vt 0.723346 1.935133
vt 0.719216 1.938068
vt 0.722880 1.942594
vt 0.721598 1.927974
vt 0.714058 1.918032
vt 0.720647 1.916167
vt 0.727717 1.939947
vt 0.728793 1.946944
vt 0.734485 1.942707
vt 0.730681 1.932847
vt 0.732207 1.937361
vt 0.754763 1.929759
vt 0.729443 1.926418
vt 0.744089 1.918868
vt 0.731264 1.911954
vt 0.725021 1.890220
vt 0.718558 1.887894
vt 0.735066 1.894774
vt 0.724460 1.871345
vt 0.720630 1.870852
vt 0.727683 1.852506
vt 0.730472 1.852533
vt 0.738974 1.835928
vt 0.751034 1.844313
vt 0.740982 1.837346
vt 0.759046 1.807921
vt 0.760911 1.809702
vt 0.791586 1.770539
vt 0.794068 1.771169
vt 0.824937 1.740306
vt 0.773687 1.818244
vt 0.827722 1.742229
vt 0.863126 1.713401
vt 0.803683 1.783951
vt 0.835128 1.752221
vt 0.863798 1.715116
vt 0.867498 1.720137
vt 0.892709 1.698132
vt 0.891518 1.695819
vt 0.894708 1.701935
vt 0.916564 1.686151
vt 0.915751 1.683803
vt 0.917417 1.690290
vt 0.921552 1.733386
vt 0.952392 1.673064
vt 0.951654 1.671136
vt 0.953416 1.676255
vt 0.976151 1.668169
vt 0.977921 1.665939
vt 0.975511 1.671288
vt 0.932914 1.721085
vt 0.967319 1.693923
vt 0.981399 1.670009
vt 0.982486 1.667195
vt 0.982971 1.665607
vt 0.986083 1.679334
vt 0.984763 1.670364
vt 0.986319 1.667484
vt 0.987070 1.666391
vt 0.987989 1.670620
vt 0.989831 1.669150
vt 0.990895 1.668213
vt 0.991642 1.673673
vt 0.993650 1.672807
vt 0.994400 1.672408
vt 0.995646 1.677004
vt 0.995012 1.677403
vt 0.996463 1.692321
vt 0.992817 1.678190
vt 0.995622 1.692074
vt 0.995170 1.717511
vt 0.996796 1.718126
vt 0.992255 1.693960
vt 0.993817 1.734084
vt 0.995419 1.734807
vt 0.991058 1.717539
vt 0.985624 1.695147
vt 0.986489 1.716118
vt 0.975650 1.715293
vt 0.989924 1.733559
vt 0.984253 1.732401
vt 0.986315 1.769816
vt 0.988660 1.770717
vt 0.990423 1.771334
vt 0.981306 1.768089
vt 0.979378 1.809460
vt 0.981848 1.810358
vt 0.976854 1.808360
vt 0.971516 1.805965
vt 0.973983 1.765748
vt 0.962225 1.761946
vt 0.963901 1.802938
vt 0.945535 1.793383
vt 0.900518 1.759675
vt 0.951459 1.853015
vt 0.873704 1.791231
vt 0.915705 1.829930
vt 0.939839 1.848362
vt 0.843470 1.824401
vt 0.884789 1.862472
vt 0.811569 1.855476
vt 0.912285 1.886237
vt 0.788873 1.891167
vt 0.851905 1.894324
vt 0.883694 1.919667
vt 0.826550 1.935001
vt 0.751944 1.915029
vt 0.780690 1.937206
vt 0.758922 1.926486
vt 0.773971 1.944114
vt 0.777232 1.940048
vt 0.802269 1.969942
vt 0.807498 1.963516
vt 0.804738 1.966762
vt 0.841457 1.990173
vt 0.855318 1.953157
vt 0.844003 1.982703
vt 0.842627 1.986722
vt 0.865660 1.991713
vt 0.865921 1.996300
vt 0.865114 1.986710
vt 0.876502 1.968504
vt 0.884621 1.980414
vt 0.887696 1.984357
vt 0.888283 1.992879
vt 0.906860 1.972453
vt 0.898394 1.966584
vt 0.886936 1.957608
vt 0.902752 1.969466
vt 0.904774 1.933332
vt 0.916837 1.938593
vt 0.929964 1.894650
vt 0.921816 1.940547
vt 0.926473 1.942723
vt 0.939935 1.898428
vt 0.944251 1.899961
vt 0.948459 1.901478
vt 0.959650 1.856179
vt 0.963060 1.857534
vt 0.966076 1.858629
vt 0.338175 1.689299
vt 0.328111 1.658158
vt 0.336430 1.657254
vt 0.324234 1.622800
vt 0.329149 1.689398
vt 0.334980 1.722317
vt 0.320457 1.622531
vt 0.320808 1.604556
vt 0.321019 1.657878
vt 0.327648 1.721485
vt 0.331375 1.750334
vt 0.316851 1.604489
vt 0.321067 1.589696
vt 0.316290 1.587883
vt 0.314694 1.621197
vt 0.312009 1.604039
vt 0.311182 1.586978
vt 0.312021 1.657088
vt 0.305890 1.603745
vt 0.302911 1.586180
vt 0.307316 1.619184
vt 0.282433 1.601097
vt 0.280560 1.587858
vt 0.284274 1.615048
vt 0.248572 1.599227
vt 0.246023 1.587820
vt 0.251081 1.611287
vt 0.287722 1.655022
vt 0.255552 1.649916
vt 0.214400 1.613070
vt 0.211507 1.602185
vt 0.210963 1.592247
vt 0.179710 1.599431
vt 0.221305 1.645325
vt 0.180611 1.608114
vt 0.151588 1.611330
vt 0.183551 1.618319
vt 0.153021 1.618312
vt 0.131667 1.621491
vt 0.155230 1.625366
vt 0.135588 1.626347
vt 0.106143 1.642685
vt 0.102114 1.639196
vt 0.065270 1.667354
vt 0.138046 1.632315
vt 0.162298 1.648304
vt 0.067244 1.669910
vt 0.036268 1.695370
vt 0.109158 1.647136
vt 0.144067 1.652852
vt 0.189746 1.645473
vt 0.166458 1.674915
vt 0.220135 1.676658
vt 0.192031 1.675397
vt 0.254209 1.681640
vt 0.218374 1.710135
vt 0.288296 1.685438
vt 0.250437 1.713409
vt 0.287264 1.716641
vt 0.314042 1.687731
vt 0.311091 1.718859
vt 0.322450 1.688880
vt 0.320350 1.720600
vt 0.325390 1.749496
vt 0.317802 1.748517
vt 0.324952 1.775524
vt 0.331385 1.775883
vt 0.317202 1.774394
vt 0.308486 1.746934
vt 0.307433 1.772929
vt 0.283681 1.745329
vt 0.281075 1.770426
vt 0.246848 1.743348
vt 0.244398 1.769217
vt 0.215456 1.741209
vt 0.192235 1.708499
vt 0.282441 1.791274
vt 0.168903 1.707294
vt 0.306557 1.791274
vt 0.149202 1.676188
vt 0.316813 1.791275
vt 0.122917 1.681034
vt 0.324892 1.791275
vt 0.331282 1.791275
vt 0.331385 1.806668
vt 0.324952 1.807025
vt 0.331373 1.832217
vt 0.317202 1.808154
vt 0.325388 1.833055
vt 0.307431 1.809619
vt 0.317800 1.834032
vt 0.327644 1.861066
vt 0.334975 1.860233
vt 0.320343 1.861949
vt 0.329141 1.893152
vt 0.338168 1.893252
vt 0.322443 1.893669
vt 0.328102 1.924392
vt 0.336421 1.925295
vt 0.324221 1.959750
vt 0.321010 1.924674
vt 0.320446 1.960019
vt 0.320796 1.977994
vt 0.312010 1.925460
vt 0.316837 1.978062
vt 0.321053 1.992855
vt 0.316277 1.994667
vt 0.314683 1.961352
vt 0.311995 1.978511
vt 0.311167 1.995570
vt 0.307303 1.963366
vt 0.305876 1.978805
vt 0.302897 1.996369
vt 0.287712 1.927524
vt 0.282422 1.981448
vt 0.280544 1.994687
vt 0.284262 1.967499
vt 0.248558 1.983314
vt 0.246011 1.994721
vt 0.251069 1.971255
vt 0.255542 1.932629
vt 0.211494 1.980356
vt 0.210951 1.990292
vt 0.179696 1.983106
vt 0.214387 1.969470
vt 0.180598 1.974421
vt 0.151576 1.971202
vt 0.183540 1.964219
vt 0.221295 1.937215
vt 0.153011 1.964222
vt 0.131657 1.961040
vt 0.155220 1.957170
vt 0.135578 1.956184
vt 0.106134 1.939845
vt 0.102106 1.943334
vt 0.065264 1.915172
vt 0.138037 1.950216
vt 0.067239 1.912614
vt 0.036264 1.887155
vt 0.109149 1.935394
vt 0.162288 1.934232
vt 0.144059 1.929682
vt 0.189736 1.937065
vt 0.192021 1.907140
vt 0.220126 1.905881
vt 0.254201 1.900904
vt 0.218367 1.872405
vt 0.288288 1.897109
vt 0.250432 1.869136
vt 0.287257 1.865907
vt 0.314037 1.894817
vt 0.311085 1.863689
vt 0.308483 1.835614
vt 0.283678 1.837218
vt 0.281073 1.812119
vt 0.246845 1.839194
vt 0.244396 1.813324
vt 0.215451 1.841330
vt 0.242636 1.791271
vt 0.212990 1.815002
vt 0.192229 1.874039
vt 0.190236 1.843239
vt 0.166449 1.907619
vt 0.168898 1.875240
vt 0.149196 1.906346
vt 0.151001 1.875575
vt 0.168017 1.844344
vt 0.187263 1.815944
vt 0.210685 1.791268
vt 0.165673 1.817001
vt 0.212992 1.767537
vt 0.184432 1.791268
vt 0.187264 1.766590
vt 0.190239 1.739298
vt 0.163190 1.791265
vt 0.165674 1.765531
vt 0.168019 1.738187
vt 0.151006 1.706957
vt 0.149676 1.737600
vt 0.126455 1.707862
vt 0.127363 1.737288
vt 0.147312 1.765468
vt 0.127187 1.765434
vt 0.146721 1.791264
vt 0.147312 1.817061
vt 0.127587 1.791263
vt 0.149673 1.844932
vt 0.127187 1.817094
vt 0.127359 1.845240
vt 0.126452 1.874669
vt 0.099933 1.844415
vt 0.122912 1.901494
vt 0.094870 1.870683
vt 0.115976 1.918655
vt 0.087307 1.889299
vt 0.079551 1.900293
vt 0.070781 1.909067
vt 0.038728 1.885216
vt 0.042386 1.883193
vt 0.024553 1.863371
vt 0.020761 1.863967
vt 0.027931 1.862615
vt 0.050123 1.878560
vt 0.008652 1.820203
vt 0.003545 1.821733
vt 0.000794 1.791262
vt 0.058231 1.872014
vt 0.034770 1.857064
vt 0.066843 1.860656
vt 0.042565 1.851298
vt 0.022807 1.818491
vt 0.071572 1.843315
vt 0.054160 1.845660
vt 0.036003 1.817963
vt 0.051924 1.816021
vt 0.074239 1.814749
vt 0.101418 1.816196
vt 0.050889 1.791262
vt 0.102487 1.791262
vt 0.074503 1.791261
vt 0.101419 1.766330
vt 0.074242 1.767775
vt 0.099934 1.738112
vt 0.051924 1.766504
vt 0.094875 1.711843
vt 0.071573 1.739211
vt 0.066845 1.721871
vt 0.087313 1.693228
vt 0.115984 1.663875
vt 0.079557 1.682234
vt 0.058234 1.710511
vt 0.054163 1.736864
vt 0.042568 1.731228
vt 0.050127 1.703965
vt 0.070787 1.673460
vt 0.038732 1.697309
vt 0.042390 1.699332
vt 0.024558 1.719156
vt 0.020764 1.718560
vt 0.027934 1.719910
vt 0.008651 1.762321
vt 0.003543 1.760789
vt 0.034773 1.725461
vt 0.004653 1.791262
vt 0.014909 1.763659
vt 0.014097 1.791262
vt 0.022807 1.764033
vt 0.014909 1.818866
vt 0.022006 1.791261
vt 0.036004 1.764558
vt 0.034339 1.791262
vn 0.1026 -0.9889 0.1071
vn 0.1173 -0.9821 0.1473
vn -0.2496 -0.8857 0.3915
vn -0.3482 -0.8545 0.3853
vn -0.0622 -0.9797 0.1904
vn -0.5517 -0.6178 0.5603
vn -0.4685 -0.7955 0.3842
vn 0.1485 -0.9265 0.3457
vn -0.5917 -0.6763 0.4388
vn -0.2862 -0.6220 0.7288
vn 0.3967 -0.4618 0.7933
vn -0.8294 -0.1783 0.5295
vn -0.7536 -0.2449 0.6100
vn -0.8828 0.3067 0.3558
vn -0.2110 -0.2782 0.9371
vn 0.2724 -0.6785 0.6822
vn -0.8397 0.4599 0.2887
vn -0.6461 0.7632 -0.0075
vn -0.5596 -0.4857 0.6715
vn -0.0470 -0.9953 0.0846
vn -0.6615 -0.3102 0.6827
vn -0.6610 -0.6682 0.3415
vn -0.6984 -0.6147 0.3665
vn -0.8205 -0.2275 0.5245
vn -0.8883 -0.2651 0.3750
vn -0.8946 -0.1317 0.4271
vn -0.8940 0.4047 0.1921
vn -0.5790 0.8144 0.0388
vn -0.2412 0.9005 -0.3618
vn -0.8254 0.0154 0.5644
vn -0.8711 0.3200 0.3724
vn -0.6316 0.7726 0.0647
vn -0.1635 0.9481 -0.2728
vn 0.2206 0.6716 -0.7073
vn 0.2873 0.5043 -0.8143
vn -0.0532 0.9740 -0.2201
vn 0.6093 0.0346 -0.7922
vn 0.5691 -0.0102 -0.8222
vn 0.6096 -0.5280 -0.5912
vn 0.3706 0.7380 -0.5640
vn 0.6556 0.2412 -0.7155
vn 0.5244 0.6040 -0.6001
vn -0.6658 0.7051 0.2441
vn 0.0180 0.9496 -0.3130
vn -0.8629 0.3072 0.4013
vn 0.0665 0.9814 -0.1802
vn -0.9462 -0.0114 0.3233
vn -0.6220 0.7546 0.2088
vn -0.9479 0.2354 0.2148
vn -0.8791 -0.3460 0.3279
vn -0.9664 0.0370 0.2545
vn -0.6423 0.7641 0.0602
vn -0.5383 -0.8169 0.2070
vn 0.2325 -0.9725 -0.0139
vn 0.0116 -0.9912 0.1320
vn -0.8482 -0.3902 0.3581
vn -0.5203 -0.7814 0.3446
vn 0.1701 -0.9807 0.0967
vn -0.9655 0.1506 0.2126
vn -0.4819 -0.7972 0.3637
vn 0.3110 -0.9364 0.1625
vn -0.8620 -0.3442 0.3721
vn -0.4395 -0.7525 0.4905
vn 0.4308 -0.8456 0.3153
vn -0.9091 -0.2847 0.3041
vn -0.4966 -0.6338 0.5931
vn 0.4072 -0.8534 0.3255
vn -0.9306 -0.0983 0.3527
vn -0.9789 0.1358 0.1528
vn -0.9880 0.1539 0.0142
vn -0.9137 -0.0775 0.3990
vn -0.5029 -0.6280 0.5939
vn 0.3434 -0.8547 0.3894
vn -0.9265 0.3725 -0.0530
vn -0.9098 -0.1042 0.4017
vn -0.4572 -0.6514 0.6055
vn 0.4252 -0.8342 0.3511
vn -0.9276 -0.1693 0.3331
vn -0.5384 -0.6818 0.4953
vn -0.3264 -0.8863 0.3286
vn 0.4824 -0.8572 0.1802
vn -0.9494 -0.3012 0.0895
vn -0.3007 -0.9494 0.0909
vn 0.5835 -0.8117 -0.0273
vn 0.5728 -0.7617 -0.3027
vn -0.3467 -0.7836 -0.5156
vn -0.9398 -0.2344 -0.2487
vn -0.9652 0.2492 -0.0792
vn -0.7506 -0.0162 -0.6606
vn -0.9406 0.3363 0.0477
vn 0.1080 -0.0621 -0.9922
vn 0.5729 -0.7617 -0.3027
vn -0.6186 0.3738 -0.6911
vn -0.8724 0.2792 -0.4012
vn 0.0742 0.4590 -0.8853
vn 0.8365 -0.2614 -0.4816
vn 0.5834 -0.8117 -0.0273
vn -0.1641 0.5480 -0.8202
vn 0.8799 -0.4634 -0.1054
vn 0.8270 0.1191 -0.5494
vn 0.9022 -0.4245 -0.0768
vn 0.4251 -0.8343 0.3511
vn 0.4769 0.4578 -0.7504
vn 0.8571 -0.5092 -0.0782
vn 0.3433 -0.8547 0.3894
vn 0.8856 0.0645 -0.4599
vn 0.8483 -0.4954 -0.1872
vn 0.4309 -0.8456 0.3152
vn 0.8870 -0.0471 -0.4593
vn 0.8806 -0.4563 -0.1278
vn 0.5739 0.4233 -0.7010
vn -0.4064 0.6405 -0.6516
vn -0.2921 0.7117 -0.6388
vn 0.5862 0.4043 -0.7021
vn -0.2377 0.7393 -0.6300
vn 0.5601 0.3289 -0.7603
vn 0.8476 -0.1037 -0.5204
vn -0.2463 0.3743 -0.8940
vn 0.7739 0.1527 -0.6146
vn -0.7758 0.1663 -0.6087
vn 0.2913 0.1890 -0.9378
vn -0.1607 -0.2695 -0.9495
vn -0.9811 0.1367 -0.1367
vn -0.8176 -0.0788 -0.5704
vn -0.9276 0.2495 -0.2781
vn -0.8060 0.5912 0.0294
vn -0.6514 0.7101 -0.2673
vn -0.0902 -0.2511 -0.9638
vn 0.5415 -0.0516 -0.8391
vn 0.5596 0.6096 -0.5614
vn 0.6885 0.1643 -0.7064
vn 0.6850 0.2327 -0.6903
vn 0.0259 0.9421 -0.3344
vn 0.7460 0.3929 -0.5377
vn 0.1913 0.8938 -0.4057
vn 0.8361 0.0729 -0.5438
vn 0.7540 0.3787 -0.5367
vn 0.8595 0.0089 -0.5111
vn 0.9213 -0.1778 -0.3457
vn 0.9216 -0.0594 -0.3835
vn 0.7746 -0.6283 -0.0727
vn 0.8326 -0.4119 -0.3702
vn 0.6601 -0.7295 -0.1791
vn 0.9306 0.0158 -0.3656
vn 0.8638 -0.4303 -0.2623
vn 0.6346 -0.7582 -0.1497
vn 0.2324 -0.9725 -0.0139
vn 0.8949 -0.3870 -0.2221
vn 0.6961 -0.6960 -0.1762
vn 0.7110 -0.6886 -0.1427
vn -0.0470 -0.9953 0.0847
vn 0.8874 -0.3917 -0.2430
vn 0.9518 0.0402 -0.3041
vn 0.8918 -0.1138 -0.4379
vn 0.7240 -0.6892 -0.0285
vn 0.2725 -0.6785 0.6822
vn 0.8249 -0.5104 -0.2431
vn 0.8113 -0.4972 0.3074
vn 0.6713 -0.7409 -0.0204
vn 0.1486 -0.9265 0.3457
vn 0.7951 -0.2714 -0.5424
vn 0.6988 -0.4349 -0.5680
vn 0.4503 -0.8710 -0.1964
vn 0.1026 -0.9889 0.1072
vn 0.3938 -0.9112 -0.1212
vn 0.1172 -0.9821 0.1473
vn 0.4751 -0.8418 -0.2562
vn 0.6625 -0.5212 -0.5380
vn 0.7368 0.0908 -0.6699
vn 0.8165 0.2600 -0.5154
vn 0.6162 0.6288 -0.4742
vn 0.7153 0.6158 -0.3302
vn 0.8898 0.2909 -0.3516
vn 0.8738 0.2941 -0.3872
vn 0.7279 0.6115 -0.3102
vn 0.0419 0.9886 -0.1444
vn 0.4945 0.5962 -0.6325
vn -0.0899 0.9916 -0.0932
vn -0.8454 0.5281 -0.0800
vn -0.5463 0.4160 -0.7270
vn -0.9770 0.2098 -0.0374
vn -0.9166 0.2383 -0.3211
vn -0.8972 0.4397 -0.0401
vn -0.6634 0.3310 -0.6711
vn -0.2559 0.8925 -0.3714
vn -0.1026 -0.9889 0.1071
vn 0.2496 -0.8857 0.3915
vn -0.1173 -0.9821 0.1473
vn 0.3482 -0.8545 0.3853
vn 0.0622 -0.9797 0.1904
vn 0.5517 -0.6178 0.5603
vn 0.4685 -0.7955 0.3842
vn -0.1485 -0.9265 0.3457
vn 0.5917 -0.6763 0.4388
vn 0.8294 -0.1783 0.5295
vn 0.7536 -0.2449 0.6100
vn 0.8828 0.3067 0.3558
vn 0.2862 -0.6220 0.7288
vn -0.3967 -0.4618 0.7933
vn 0.8397 0.4598 0.2889
vn 0.6461 0.7632 -0.0075
vn 0.2110 -0.2782 0.9371
vn -0.2724 -0.6785 0.6822
vn 0.6615 -0.3102 0.6827
vn 0.5596 -0.4857 0.6715
vn 0.0470 -0.9953 0.0846
vn 0.6984 -0.6147 0.3665
vn 0.6610 -0.6682 0.3415
vn 0.8883 -0.2651 0.3750
vn 0.8946 -0.1317 0.4271
vn 0.8940 0.4047 0.1921
vn 0.5790 0.8144 0.0388
vn 0.2412 0.9005 -0.3618
vn 0.8711 0.3200 0.3724
vn 0.6317 0.7725 0.0645
vn 0.1635 0.9481 -0.2728
vn 0.8254 0.0154 0.5644
vn -0.2206 0.6716 -0.7073
vn -0.2873 0.5043 -0.8143
vn 0.8205 -0.2275 0.5245
vn 0.9462 -0.0114 0.3233
vn 0.8791 -0.3460 0.3279
vn 0.8629 0.3072 0.4013
vn 0.5383 -0.8169 0.2070
vn -0.2325 -0.9725 -0.0139
vn -0.0116 -0.9912 0.1320
vn 0.5203 -0.7814 0.3446
vn -0.1701 -0.9807 0.0967
vn 0.8482 -0.3902 0.3581
vn 0.4819 -0.7972 0.3637
vn -0.3110 -0.9364 0.1625
vn 0.8620 -0.3442 0.3721
vn 0.9664 0.0370 0.2545
vn 0.9655 0.1506 0.2126
vn 0.9479 0.2354 0.2148
vn 0.9770 0.2098 -0.0373
vn 0.9789 0.1358 0.1528
vn 0.6220 0.7546 0.2088
vn 0.9091 -0.2847 0.3041
vn 0.8972 0.4397 -0.0401
vn 0.4395 -0.7525 0.4905
vn -0.4308 -0.8456 0.3153
vn 0.4966 -0.6337 0.5931
vn -0.4072 -0.8534 0.3255
vn 0.9306 -0.0983 0.3527
vn 0.5029 -0.6280 0.5939
vn -0.3434 -0.8547 0.3894
vn 0.9137 -0.0774 0.3990
vn 0.9880 0.1539 0.0142
vn 0.9265 0.3725 -0.0530
vn 0.9098 -0.1042 0.4017
vn 0.4572 -0.6514 0.6055
vn -0.4252 -0.8342 0.3511
vn 0.9276 -0.1693 0.3331
vn 0.5384 -0.6818 0.4953
vn 0.3264 -0.8863 0.3286
vn -0.4824 -0.8572 0.1802
vn 0.9494 -0.3012 0.0894
vn 0.3007 -0.9494 0.0909
vn -0.5834 -0.8117 -0.0273
vn -0.5728 -0.7618 -0.3027
vn 0.3467 -0.7836 -0.5156
vn -0.1081 -0.0622 -0.9922
vn 0.9398 -0.2344 -0.2487
vn 0.7506 -0.0163 -0.6606
vn 0.6186 0.3738 -0.6911
vn 0.8724 0.2792 -0.4012
vn -0.0743 0.4590 -0.8853
vn -0.8365 -0.2614 -0.4815
vn -0.5730 -0.7616 -0.3027
vn -0.5834 -0.8117 -0.0274
vn -0.8799 -0.4634 -0.1053
vn -0.8270 0.1191 -0.5494
vn -0.9022 -0.4245 -0.0768
vn -0.4251 -0.8342 0.3511
vn 0.1641 0.5480 -0.8202
vn -0.8571 -0.5092 -0.0782
vn -0.3433 -0.8547 0.3894
vn -0.8856 0.0645 -0.4599
vn -0.8483 -0.4954 -0.1872
vn -0.4308 -0.8456 0.3152
vn -0.8870 -0.0470 -0.4593
vn -0.4769 0.4578 -0.7504
vn -0.5739 0.4233 -0.7010
vn 0.4064 0.6405 -0.6516
vn 0.9652 0.2492 -0.0792
vn 0.2921 0.7117 -0.6388
vn 0.9406 0.3363 0.0477
vn -0.5862 0.4043 -0.7021
vn 0.2377 0.7393 -0.6300
vn -0.5601 0.3289 -0.7603
vn 0.2463 0.3743 -0.8940
vn 0.7758 0.1663 -0.6087
vn -0.8476 -0.1037 -0.5204
vn 0.9811 0.1367 -0.1367
vn -0.8806 -0.4563 -0.1278
vn 0.8060 0.5912 0.0294
vn 0.9276 0.2495 -0.2781
vn 0.8176 -0.0788 -0.5704
vn 0.8076 0.5679 -0.1588
vn 0.1607 -0.2695 -0.9495
vn 0.1018 0.1225 -0.9872
vn -0.2913 0.1890 -0.9378
vn -0.5415 -0.0516 -0.8391
vn -0.0404 0.9617 -0.2710
vn -0.7123 0.4543 -0.5350
vn -0.6850 0.2327 -0.6904
vn -0.1913 0.8938 -0.4057
vn -0.7460 0.3929 -0.5377
vn -0.6885 0.1643 -0.7064
vn 0.2559 0.8925 -0.3713
vn -0.7739 0.1526 -0.6146
vn -0.8361 0.0728 -0.5438
vn -0.9216 -0.0595 -0.3835
vn -0.9213 -0.1778 -0.3457
vn -0.7746 -0.6283 -0.0728
vn -0.8595 0.0089 -0.5111
vn -0.8326 -0.4119 -0.3702
vn -0.6601 -0.7295 -0.1791
vn -0.9306 0.0158 -0.3656
vn -0.6346 -0.7582 -0.1497
vn -0.8638 -0.4303 -0.2623
vn -0.2324 -0.9725 -0.0139
vn -0.7540 0.3787 -0.5367
vn -0.6961 -0.6960 -0.1762
vn -0.4945 0.5962 -0.6325
vn -0.8949 -0.3870 -0.2221
vn -0.7110 -0.6886 -0.1427
vn 0.0470 -0.9953 0.0847
vn -0.8874 -0.3917 -0.2430
vn -0.9518 0.0402 -0.3041
vn -0.8918 -0.1138 -0.4379
vn -0.8738 0.2941 -0.3872
vn -0.8898 0.2909 -0.3516
vn -0.7279 0.6115 -0.3102
vn -0.8165 0.2600 -0.5154
vn -0.7153 0.6158 -0.3302
vn 0.0899 0.9916 -0.0932
vn -0.0419 0.9886 -0.1444
vn -0.6162 0.6288 -0.4742
vn 0.5463 0.4160 -0.7270
vn -0.0665 0.9814 -0.1801
vn 0.6634 0.3310 -0.6711
vn 0.9166 0.2383 -0.3211
vn 0.8454 0.5281 -0.0800
vn 0.6423 0.7641 0.0602
vn 0.6658 0.7051 0.2441
vn -0.0180 0.9496 -0.3130
vn 0.0532 0.9740 -0.2201
vn -0.5244 0.6040 -0.6001
vn -0.3706 0.7380 -0.5640
vn -0.7368 0.0908 -0.6700
vn -0.6556 0.2412 -0.7155
vn -0.7951 -0.2714 -0.5424
vn -0.6093 0.0346 -0.7922
vn -0.5690 -0.0101 -0.8222
vn -0.6096 -0.5280 -0.5912
vn -0.6988 -0.4349 -0.5680
vn -0.8249 -0.5103 -0.2431
vn -0.6625 -0.5212 -0.5380
vn -0.7240 -0.6892 -0.0285
vn -0.2725 -0.6785 0.6822
vn -0.8113 -0.4972 0.3074
vn -0.6713 -0.7409 -0.0204
vn -0.4503 -0.8710 -0.1964
vn -0.1026 -0.9889 0.1072
vn -0.4751 -0.8418 -0.2562
vn -0.3938 -0.9112 -0.1212
vn -0.1172 -0.9821 0.1473
vn 0.6746 -0.3715 -0.6378
vn -0.0240 -0.8470 -0.5310
vn 0.6178 -0.3530 -0.7027
vn 0.0987 -0.8819 -0.4610
vn 0.8073 -0.3990 -0.4349
vn -0.6940 -0.7078 0.1318
vn 0.2985 -0.9229 -0.2433
vn 0.8203 -0.5700 -0.0477
vn -0.5365 -0.8413 0.0662
vn -0.7786 -0.0032 0.6275
vn -0.5968 0.2529 0.7615
vn -0.5813 -0.7572 0.2979
vn 0.2691 -0.9305 0.2484
vn -0.4092 -0.7629 0.5005
vn -0.2869 0.7491 0.5971
vn -0.8538 0.0527 0.5179
vn -0.9058 -0.0027 0.4237
vn -0.6476 0.6926 0.3177
vn -0.5110 0.6970 0.5030
vn -0.2522 0.7366 0.6276
vn 0.0443 0.8015 0.5963
vn 0.1674 0.9734 0.1562
vn 0.4401 0.8737 0.2073
vn 0.6402 0.7647 0.0733
vn 0.0396 0.9987 0.0325
vn 0.8923 0.3584 -0.2746
vn 0.8203 -0.5699 -0.0478
vn 0.8589 0.4070 -0.3109
vn 0.6747 -0.3715 -0.6378
vn 0.8484 0.3738 -0.3748
vn 0.6178 -0.3530 -0.7026
vn 0.8519 0.2144 -0.4778
vn 0.0240 -0.8470 -0.5310
vn -0.6746 -0.3715 -0.6378
vn -0.6178 -0.3530 -0.7027
vn -0.0987 -0.8818 -0.4611
vn -0.8073 -0.3990 -0.4349
vn 0.6940 -0.7078 0.1318
vn -0.2985 -0.9229 -0.2433
vn -0.8210 -0.5693 -0.0437
vn 0.5365 -0.8413 0.0662
vn 0.7786 -0.0032 0.6275
vn 0.5968 0.2529 0.7615
vn 0.5813 -0.7572 0.2978
vn -0.2691 -0.9305 0.2484
vn 0.4100 -0.7631 0.4995
vn 0.3023 0.7527 0.5849
vn 0.8538 0.0527 0.5179
vn 0.9091 -0.0036 0.4166
vn 0.2522 0.7366 0.6276
vn -0.0443 0.8015 0.5963
vn 0.5110 0.6970 0.5030
vn 0.6494 0.6928 0.3135
vn -0.1674 0.9734 0.1562
vn -0.4401 0.8737 0.2073
vn -0.6402 0.7647 0.0733
vn -0.0392 0.9988 0.0305
vn -0.8484 0.3738 -0.3748
vn -0.8519 0.2144 -0.4778
vn -0.6178 -0.3530 -0.7026
vn -0.6747 -0.3715 -0.6378
vn -0.8589 0.4070 -0.3109
vn -0.8931 0.3589 -0.2713
vn -0.7266 -0.5903 -0.3515
vn -0.9378 -0.0099 -0.3470
vn -0.6002 -0.6706 -0.4359
vn -0.9593 0.1105 -0.2597
vn -0.7315 0.6817 0.0104
vn -0.7084 -0.6813 -0.1843
vn -0.5721 0.8092 0.1339
vn -0.9815 0.0025 -0.1912
vn -0.6054 -0.7882 -0.1108
vn 0.1462 0.7936 0.5906
vn -0.9588 -0.2338 -0.1611
vn -0.5813 -0.7929 -0.1826
vn -0.5307 0.8445 0.0722
vn 0.2918 0.8302 0.4750
vn -0.9556 -0.2611 -0.1364
vn -0.6718 0.7407 -0.0121
vn 0.3725 0.8926 0.2538
vn -0.8741 -0.4624 -0.1486
vn -0.1957 -0.9310 -0.3083
vn -0.8612 0.5073 0.0313
vn 0.2363 0.9613 0.1417
vn -0.8560 -0.5004 -0.1299
vn -0.4223 -0.8382 -0.3452
vn -0.9318 0.3249 0.1616
vn -0.0798 0.9700 0.2297
vn -0.9748 -0.2129 0.0668
vn -0.7974 -0.5703 -0.1974
vn -0.1022 0.3748 0.9215
vn -0.9320 0.2410 0.2706
vn -0.8039 0.3842 0.4540
vn 0.1176 0.7972 0.5921
vn -0.0787 0.8608 0.5028
vn -0.2062 0.9049 0.3724
vn 0.7354 0.6169 0.2803
vn 0.8862 0.4080 0.2195
vn 0.8289 0.4785 0.2897
vn 0.9989 0.0468 -0.0043
vn 0.4662 -0.7801 -0.4172
vn -0.7974 -0.5702 -0.1974
vn -0.4223 -0.8381 -0.3452
vn 0.9847 -0.1526 -0.0846
vn 0.6763 -0.6701 -0.3060
vn 0.9965 0.0432 0.0721
vn 0.7999 -0.5897 -0.1111
vn 0.3870 -0.9212 -0.0411
vn -0.6054 -0.7882 -0.1107
vn 0.9838 0.0847 0.1579
vn 0.7431 0.6342 0.2135
vn 0.8016 0.5577 0.2153
vn 0.9683 -0.0157 0.2492
vn 0.7813 0.5070 0.3642
vn 0.3318 -0.9342 0.1311
vn -0.7084 -0.6814 -0.1843
vn 0.9304 -0.1365 0.3402
vn 0.7288 0.3913 0.5620
vn 0.7802 0.1653 0.6033
vn 0.2103 -0.9764 0.0490
vn 0.8652 -0.3089 0.3950
vn 0.7830 -0.5718 0.2448
vn 0.1602 -0.9791 -0.1252
vn 0.1268 -0.9633 -0.2365
vn 0.7266 -0.5903 -0.3515
vn 0.6002 -0.6706 -0.4359
vn 0.9378 -0.0098 -0.3470
vn 0.9593 0.1105 -0.2597
vn 0.7084 -0.6813 -0.1843
vn 0.7315 0.6817 0.0104
vn 0.9815 0.0025 -0.1912
vn 0.6054 -0.7882 -0.1108
vn 0.5721 0.8092 0.1339
vn -0.1462 0.7936 0.5906
vn 0.9588 -0.2338 -0.1611
vn 0.5813 -0.7929 -0.1826
vn 0.5307 0.8445 0.0722
vn -0.2918 0.8302 0.4750
vn 0.9556 -0.2611 -0.1363
vn 0.6718 0.7407 -0.0121
vn -0.3725 0.8926 0.2538
vn 0.8741 -0.4624 -0.1486
vn 0.1957 -0.9310 -0.3083
vn 0.8612 0.5073 0.0313
vn 0.8560 -0.5004 -0.1299
vn 0.4223 -0.8382 -0.3452
vn 0.9318 0.3249 0.1616
vn -0.2363 0.9613 0.1417
vn 0.9748 -0.2129 0.0668
vn 0.7974 -0.5703 -0.1974
vn 0.1032 0.3744 0.9215
vn 0.9320 0.2410 0.2706
vn 0.8039 0.3842 0.4540
vn -0.1176 0.7972 0.5921
vn 0.0787 0.8608 0.5028
vn 0.0797 0.9700 0.2297
vn 0.2062 0.9049 0.3724
vn -0.7354 0.6170 0.2803
vn -0.8862 0.4080 0.2195
vn -0.7431 0.6342 0.2135
vn -0.8016 0.5577 0.2153
vn -0.9838 0.0847 0.1579
vn -0.7813 0.5070 0.3642
vn -0.9683 -0.0157 0.2492
vn -0.7288 0.3913 0.5620
vn -0.7802 0.1653 0.6033
vn -0.9304 -0.1365 0.3402
vn -0.8652 -0.3089 0.3950
vn -0.7830 -0.5718 0.2448
vn -0.3318 -0.9342 0.1311
vn -0.1602 -0.9791 -0.1252
vn -0.1268 -0.9633 -0.2365
vn -0.2103 -0.9764 0.0490
vn 0.7084 -0.6814 -0.1843
vn 0.6054 -0.7882 -0.1107
vn -0.3870 -0.9212 -0.0411
vn -0.8001 -0.5893 -0.1119
vn -0.9965 0.0432 0.0721
vn -0.6763 -0.6701 -0.3060
vn -0.4662 -0.7801 -0.4172
vn -0.9847 -0.1526 -0.0846
vn -0.9989 0.0468 -0.0043
vn -0.8289 0.4785 0.2897
vn -0.5244 -0.5660 0.6362
vn -0.0016 -0.9261 0.3773
vn -0.1655 -0.9684 0.1866
vn -0.8698 -0.4876 0.0757
vn -0.9261 0.1516 0.3455
vn -0.5173 -0.8514 -0.0864
vn -0.9403 0.3363 -0.0521
vn -0.8214 0.3876 0.4184
vn -0.8571 -0.4835 0.1778
vn -0.6510 -0.7590 -0.0140
vn -0.7112 0.6999 0.0663
vn -0.6585 0.0246 0.7522
vn -0.9277 0.3075 0.2118
vn -0.7662 -0.5686 0.2994
vn -0.7828 -0.6220 -0.0186
vn -0.9175 -0.0380 0.3959
vn -0.6918 0.6960 0.1923
vn -0.6178 0.7264 0.3012
vn -0.3534 -0.1749 0.9190
vn -0.8238 0.3345 0.4576
vn -0.6197 0.7558 0.2115
vn -0.6603 0.6761 0.3269
vn -0.7103 -0.0098 0.7039
vn -0.0190 -0.8358 0.5487
vn -0.6968 0.0325 0.7165
vn -0.1890 -0.7452 0.6395
vn 0.0000 -0.6281 0.7781
vn -0.5457 0.8026 0.2408
vn 0.0000 0.1250 0.9922
vn -0.5352 0.7233 0.4364
vn 0.0000 0.6924 0.7215
vn 0.6968 0.0325 0.7165
vn 0.1890 -0.7452 0.6395
vn 0.0190 -0.8358 0.5487
vn 0.7103 -0.0098 0.7039
vn 0.3534 -0.1749 0.9190
vn 0.6603 0.6761 0.3269
vn 0.5352 0.7233 0.4364
vn 0.6178 0.7264 0.3012
vn 0.6585 0.0246 0.7522
vn 0.5457 0.8026 0.2408
vn 0.7112 0.6999 0.0663
vn 0.8214 0.3876 0.4184
vn 0.6197 0.7558 0.2115
vn 0.6918 0.6960 0.1923
vn 0.9403 0.3363 -0.0521
vn 0.9261 0.1516 0.3455
vn 0.9277 0.3075 0.2118
vn 0.8238 0.3345 0.4576
vn 0.8698 -0.4876 0.0757
vn 0.5244 -0.5660 0.6362
vn 0.1655 -0.9684 0.1866
vn 0.0016 -0.9261 0.3773
vn 0.5173 -0.8514 -0.0864
vn 0.8571 -0.4835 0.1779
vn 0.6510 -0.7590 -0.0140
vn 0.9175 -0.0380 0.3959
vn 0.7662 -0.5686 0.2994
vn 0.7828 -0.6220 -0.0186
vn 0.6677 -0.3825 0.6386
vn 0.7614 -0.4860 0.4290
vn 0.8163 -0.5511 -0.1732
vn 0.6696 -0.1640 0.7244
vn 0.9452 -0.1491 0.2904
vn 0.8179 -0.4963 -0.2912
vn 0.7338 0.5423 0.4092
vn 0.9443 0.0237 0.3283
vn 0.5242 0.6665 0.5301
vn 0.9528 -0.1752 0.2481
vn 0.6458 -0.5934 -0.4804
vn 0.5755 0.0936 0.8125
vn 0.6072 0.2638 0.7495
vn 0.9250 -0.2561 0.2807
vn 0.5843 -0.5883 -0.5591
vn 0.6444 -0.7489 -0.1546
vn 0.5847 0.1501 0.7972
vn 0.2397 0.4233 0.8737
vn 0.4714 -0.4245 0.7730
vn 0.1517 0.1972 0.9686
vn 0.2062 -0.5267 0.8247
vn 0.2050 -0.3150 0.9267
vn 0.4352 -0.1372 0.8898
vn 0.0320 -0.5939 0.8039
vn 0.2305 -0.0454 0.9720
vn 0.1233 -0.3607 0.9245
vn 0.0000 -0.5697 0.8219
vn 0.2392 0.7245 0.6464
vn 0.0000 -0.2943 0.9557
vn -0.0000 0.2739 0.9618
vn -0.0000 -0.3363 0.9418
vn -0.0000 -0.1332 0.9911
vn -0.1233 -0.3607 0.9245
vn -0.2050 -0.3150 0.9267
vn 0.0000 0.2545 0.9671
vn -0.0320 -0.5939 0.8039
vn -0.1574 0.2122 0.9645
vn -0.1517 0.1972 0.9686
vn -0.0712 0.2422 0.9676
vn -0.6887 -0.2323 0.6868
vn -0.0666 -0.0245 0.9975
vn 0.6372 -0.0729 0.7673
vn 0.5303 -0.4465 0.7207
vn -0.0157 -0.9519 0.3059
vn -0.1564 -0.8791 -0.4502
vn -0.8068 -0.5881 -0.0573
vn -0.3499 -0.4985 0.7931
vn -0.9121 -0.2492 0.3256
vn -0.8428 -0.3468 -0.4116
vn -0.6509 -0.7544 -0.0853
vn 0.0000 -0.5727 0.8197
vn 0.0000 -0.9956 0.0937
vn 0.6509 -0.7544 -0.0853
vn 0.1574 0.2122 0.9645
vn 0.6888 -0.2323 0.6868
vn 0.9121 -0.2492 0.3256
vn 0.8428 -0.3468 -0.4116
vn 0.8068 -0.5881 -0.0573
vn 0.0712 0.2422 0.9676
vn 0.3499 -0.4985 0.7931
vn 0.0667 -0.0245 0.9975
vn 0.0157 -0.9519 0.3059
vn 0.1564 -0.8791 -0.4502
vn -0.6444 -0.7489 -0.1546
vn -0.5303 -0.4465 0.7207
vn -0.9250 -0.2561 0.2807
vn -0.5843 -0.5883 -0.5591
vn -0.6458 -0.5934 -0.4804
vn -0.6372 -0.0729 0.7673
vn -0.5847 0.1501 0.7973
vn -0.9528 -0.1752 0.2481
vn -0.8179 -0.4963 -0.2912
vn -0.2397 0.4233 0.8737
vn -0.6072 0.2638 0.7495
vn -0.9443 0.0237 0.3283
vn -0.5755 0.0936 0.8124
vn -0.9452 -0.1491 0.2904
vn -0.8162 -0.5511 -0.1732
vn -0.7614 -0.4860 0.4290
vn -0.4714 -0.4245 0.7730
vn -0.6677 -0.3825 0.6386
vn -0.2062 -0.5267 0.8247
vn -0.6696 -0.1640 0.7244
vn -0.7338 0.5423 0.4092
vn -0.4352 -0.1372 0.8898
vn -0.2305 -0.0454 0.9720
vn -0.5242 0.6665 0.5301
vn -0.3476 0.7851 0.5126
vn -0.2392 0.7245 0.6464
vn 0.0000 0.7339 0.6793
vn 0.0000 0.7532 0.6578
vn 0.3476 0.7851 0.5126
vn 0.9088 -0.2984 -0.2916
vn 0.2794 -0.4677 -0.8386
vn 0.2091 -0.2737 -0.9388
vn 0.7809 -0.6163 -0.1019
vn 0.3012 -0.8772 -0.3739
vn 0.8342 -0.3107 0.4555
vn 0.8842 -0.1266 0.4496
vn 0.6553 -0.7258 0.2092
vn 0.1059 -0.9606 -0.2571
vn 0.6688 0.0891 0.7380
vn 0.5775 0.1921 0.7935
vn 0.6779 -0.7200 0.1484
vn 0.1398 0.5622 0.8151
vn 0.0830 0.6695 0.7382
vn -0.6007 0.7344 0.3160
vn 0.6176 0.2005 0.7605
vn 0.8221 -0.3617 0.4397
vn -0.6905 0.6674 0.2790
vn 0.8180 -0.4038 0.4097
vn -0.1035 0.7253 0.6806
vn 0.6291 -0.7696 0.1093
vn -0.1608 -0.7806 -0.6040
vn 0.1408 -0.7742 -0.6171
vn 0.7504 0.2292 0.6199
vn 0.7965 -0.3009 0.5244
vn 0.7450 -0.6539 0.1322
vn 0.2537 -0.9069 -0.3363
vn 0.2438 0.7603 0.6020
vn 0.7870 -0.5983 0.1506
vn -0.0379 -0.9111 -0.4105
vn 0.8431 -0.2981 0.4476
vn 0.8272 -0.5238 0.2033
vn 0.3150 -0.8899 -0.3299
vn 0.8578 -0.1484 0.4920
vn 0.6476 0.1555 0.7459
vn 0.8083 -0.4976 0.3149
vn 0.1537 -0.8844 -0.4407
vn 0.7892 -0.0208 0.6138
vn 0.8408 -0.4945 0.2202
vn 0.0919 -0.9304 -0.3548
vn 0.6112 0.0407 0.7904
vn 0.8400 -0.5201 0.1548
vn -0.0024 -0.9852 -0.1713
vn 0.6887 0.1544 0.7084
vn 0.8665 0.1554 0.4743
vn 0.8492 -0.4947 0.1848
vn 0.0463 -0.9985 -0.0283
vn 0.8954 -0.4085 0.1775
vn -0.3352 0.1829 0.9242
vn 0.9083 0.1827 0.3762
vn 0.8309 0.4250 0.3591
vn 0.2458 0.8719 0.4236
vn 0.0499 0.9104 0.4106
vn -0.6040 0.7546 0.2565
vn 0.1812 0.8090 0.5591
vn -0.5777 0.7958 0.1814
vn -0.9063 0.4012 0.1327
vn -0.9221 -0.3853 -0.0356
vn -0.9383 0.3416 -0.0547
vn -0.8789 -0.4114 -0.2414
vn -0.0024 -0.9852 -0.1714
vn -0.5653 0.7943 0.2224
vn -0.9194 0.3668 -0.1419
vn -0.8323 -0.4003 -0.3834
vn -0.8066 -0.1984 -0.5568
vn 0.1537 -0.8844 -0.4408
vn -0.6473 0.7188 0.2537
vn -0.7128 -0.2789 -0.6435
vn 0.3150 -0.8899 -0.3300
vn -0.8830 0.4172 -0.2151
vn -0.0380 -0.9111 -0.4105
vn -0.0408 0.7536 0.6561
vn -0.2186 0.4809 0.8491
vn -0.8589 0.4843 0.1668
vn 0.1404 0.1714 0.9751
vn -0.9270 0.1353 0.3498
vn -0.8997 0.2307 -0.3706
vn -0.0169 -0.2364 0.9715
vn -0.8271 -0.2318 -0.5120
vn -0.7278 -0.3626 -0.5821
vn 0.1408 -0.7741 -0.6171
vn -0.9018 0.2037 -0.3811
vn -0.6791 -0.2025 -0.7056
vn -0.7845 0.5813 -0.2158
vn -0.6801 -0.4249 -0.5974
vn -0.7597 0.5136 -0.3987
vn -0.9391 0.1329 -0.3168
vn -0.9326 0.3590 0.0362
vn -0.6169 -0.5018 -0.6063
vn -0.8533 0.1154 -0.5086
vn -0.4216 -0.5115 -0.7487
vn -0.8234 0.1882 -0.5353
vn -0.3858 -0.1983 -0.9010
vn -0.4080 -0.1773 -0.8956
vn -0.7750 -0.0339 -0.6310
vn -0.7793 0.0786 -0.6216
vn -0.8404 0.1493 -0.5210
vn -0.8722 0.4266 -0.2395
vn -0.8936 0.4062 -0.1909
vn -0.8653 0.4968 -0.0658
vn -0.7136 0.6867 0.1389
vn -0.7476 0.5877 -0.3093
vn -0.4499 0.8904 0.0686
vn -0.7447 0.5665 -0.3528
vn 0.3662 0.8655 0.3418
vn -0.3649 0.9096 -0.1989
vn -0.9021 0.3896 -0.1858
vn -0.0629 0.9968 -0.0484
vn 0.7135 0.2644 0.6488
vn 0.5368 0.7223 0.4361
vn 0.3682 0.2802 0.8865
vn 0.3509 0.5529 0.7557
vn -0.0074 0.8515 0.5243
vn -0.2745 -0.0810 0.9582
vn -0.0347 0.5022 0.8641
vn -0.9560 0.2638 0.1285
vn -0.6017 0.3615 0.7123
vn -0.8254 0.0603 0.5614
vn -0.5098 0.7659 0.3917
vn 0.3018 0.8931 0.3336
vn -0.1305 0.9852 -0.1114
vn 0.7073 0.4483 0.5466
vn 0.5628 0.8142 0.1425
vn 0.7320 0.2769 0.6224
vn -0.0880 0.9606 -0.2636
vn 0.4877 0.8492 0.2024
vn 0.7460 0.1981 0.6358
vn -0.8498 0.4764 -0.2255
vn -0.2389 0.9519 -0.1920
vn -0.8914 -0.1257 0.4355
vn -0.9073 0.3853 -0.1686
vn -0.0997 0.9934 -0.0563
vn 0.4162 0.8560 0.3068
vn -0.7459 0.6238 0.2332
vn -0.9122 -0.3002 0.2787
vn 0.1081 0.4853 0.8676
vn -0.7867 -0.3920 0.4769
vn -0.1487 -0.5355 0.8313
vn -0.2314 -0.6006 0.7654
vn 0.6244 -0.0617 0.7787
vn -0.2794 -0.4677 -0.8386
vn -0.9088 -0.2985 -0.2916
vn -0.2091 -0.2737 -0.9388
vn -0.7809 -0.6163 -0.1019
vn -0.3012 -0.8772 -0.3739
vn -0.8342 -0.3107 0.4555
vn -0.8842 -0.1266 0.4496
vn -0.6553 -0.7258 0.2092
vn -0.1059 -0.9606 -0.2571
vn -0.6688 0.0891 0.7380
vn -0.5775 0.1921 0.7935
vn -0.8221 -0.3617 0.4397
vn -0.1398 0.5622 0.8151
vn -0.0830 0.6695 0.7382
vn -0.6176 0.2005 0.7605
vn 0.6002 0.7350 0.3155
vn -0.6779 -0.7200 0.1484
vn 0.6905 0.6674 0.2790
vn -0.6291 -0.7696 0.1093
vn 0.1608 -0.7806 -0.6040
vn -0.1408 -0.7741 -0.6171
vn -0.8180 -0.4038 0.4097
vn -0.7450 -0.6539 0.1322
vn -0.2537 -0.9069 -0.3363
vn -0.7965 -0.3009 0.5244
vn -0.7504 0.2292 0.6199
vn -0.7870 -0.5983 0.1506
vn 0.0379 -0.9111 -0.4105
vn -0.8431 -0.2981 0.4476
vn -0.8272 -0.5238 0.2033
vn -0.3150 -0.8899 -0.3299
vn -0.8578 -0.1484 0.4920
vn -0.6476 0.1555 0.7459
vn -0.8083 -0.4976 0.3149
vn -0.1537 -0.8844 -0.4407
vn -0.7892 -0.0208 0.6138
vn -0.8408 -0.4945 0.2202
vn -0.0919 -0.9304 -0.3548
vn -0.6112 0.0408 0.7904
vn -0.8400 -0.5201 0.1548
vn 0.0024 -0.9852 -0.1713
vn -0.6887 0.1544 0.7084
vn -0.8492 -0.4947 0.1848
vn -0.0463 -0.9985 -0.0283
vn -0.8665 0.1554 0.4743
vn -0.8954 -0.4085 0.1775
vn 0.3352 0.1829 0.9242
vn -0.9084 0.1827 0.3762
vn -0.8309 0.4250 0.3591
vn -0.2458 0.8719 0.4236
vn -0.0498 0.9104 0.4106
vn 0.6040 0.7546 0.2565
vn -0.1812 0.8090 0.5591
vn 0.5777 0.7958 0.1814
vn 0.9063 0.4012 0.1327
vn 0.9221 -0.3853 -0.0356
vn -0.0464 -0.9985 -0.0283
vn 0.9383 0.3416 -0.0547
vn 0.8789 -0.4114 -0.2414
vn 0.0024 -0.9852 -0.1714
vn 0.5653 0.7944 0.2224
vn 0.9194 0.3668 -0.1419
vn 0.8323 -0.4003 -0.3834
vn -0.0919 -0.9304 -0.3549
vn 0.0408 0.7536 0.6561
vn 0.8066 -0.1984 -0.5568
vn -0.1537 -0.8844 -0.4408
vn 0.6473 0.7188 0.2537
vn 0.8830 0.4172 -0.2151
vn 0.7128 -0.2789 -0.6435
vn -0.3150 -0.8899 -0.3300
vn 0.0380 -0.9111 -0.4105
vn 0.8589 0.4843 0.1668
vn 0.8271 -0.2318 -0.5120
vn 0.8997 0.2307 -0.3705
vn 0.7277 -0.3626 -0.5822
vn 0.9018 0.2037 -0.3811
vn 0.6791 -0.2026 -0.7055
vn 0.6801 -0.4249 -0.5974
vn 0.9391 0.1329 -0.3168
vn 0.6169 -0.5017 -0.6063
vn 0.8533 0.1154 -0.5086
vn 0.4216 -0.5115 -0.7487
vn 0.3858 -0.1983 -0.9010
vn 0.4080 -0.1773 -0.8956
vn 0.7750 -0.0339 -0.6310
vn 0.7793 0.0786 -0.6216
vn 0.8404 0.1493 -0.5210
vn 0.8234 0.1882 -0.5353
vn 0.8722 0.4266 -0.2395
vn 0.8936 0.4062 -0.1909
vn 0.8654 0.4968 -0.0659
vn 0.7476 0.5877 -0.3093
vn 0.7136 0.6867 0.1389
vn 0.1035 0.7253 0.6806
vn 0.4499 0.8904 0.0686
vn 0.7447 0.5665 -0.3528
vn -0.2438 0.7603 0.6020
vn -0.3662 0.8655 0.3418
vn 0.3649 0.9096 -0.1989
vn 0.9021 0.3896 -0.1858
vn -0.7135 0.2644 0.6488
vn 0.0629 0.9968 -0.0484
vn -0.5368 0.7223 0.4361
vn -0.3682 0.2802 0.8865
vn -0.3510 0.5529 0.7557
vn 0.0074 0.8515 0.5243
vn 0.2745 -0.0810 0.9582
vn 0.0347 0.5022 0.8641
vn 0.9560 0.2638 0.1285
vn 0.6017 0.3615 0.7123
vn 0.8254 0.0603 0.5614
vn 0.9326 0.3590 0.0362
vn 0.5098 0.7659 0.3917
vn 0.7845 0.5813 -0.2158
vn -0.3018 0.8931 0.3336
vn 0.1305 0.9852 -0.1114
vn 0.7597 0.5136 -0.3987
vn -0.7073 0.4483 0.5466
vn -0.5628 0.8142 0.1425
vn -0.7320 0.2769 0.6225
vn 0.0880 0.9606 -0.2636
vn -0.4877 0.8492 0.2024
vn -0.1404 0.1714 0.9751
vn 0.8498 0.4764 -0.2255
vn 0.2186 0.4809 0.8491
vn 0.9270 0.1353 0.3498
vn 0.0169 -0.2364 0.9715
vn 0.8914 -0.1257 0.4355
vn -0.7460 0.1981 0.6358
vn 0.1488 -0.5355 0.8313
vn 0.9080 0.3926 -0.1465
vn 0.9122 -0.3002 0.2787
vn 0.8170 -0.2466 0.5213
vn -0.6244 -0.0617 0.7787
vn 0.2282 -0.5191 0.8237
vn 0.7952 0.5749 0.1926
vn 0.2765 0.4862 0.8290
vn -0.2860 0.9102 0.2996
vn 0.2258 0.9742 -0.0058
vn 0.2389 0.9519 -0.1920
vn -0.4032 -0.5742 -0.7125
vn -0.2466 -0.7304 0.6369
vn -0.9595 -0.2295 0.1632
vn -0.1064 -0.8172 0.5665
vn -0.1819 -0.7750 -0.6052
vn -0.5626 0.0662 0.8241
vn 0.2341 -0.9382 0.2548
vn 0.0338 -0.5639 -0.8252
vn 0.5817 -0.7557 -0.3010
vn 0.0122 -0.3064 0.9518
vn 0.4879 -0.5332 0.6911
vn 0.7218 -0.6366 0.2716
vn 0.6590 -0.5830 -0.4752
vn 0.6610 -0.7298 -0.1746
vn -0.0375 -0.1653 0.9855
vn 0.4076 -0.5071 0.7594
vn 0.5274 -0.7226 0.4469
vn 0.2844 -0.9538 -0.0968
vn 0.1283 -0.5174 0.8461
vn 0.1925 -0.8563 0.4793
vn -0.1338 -0.9842 0.1160
vn -0.1895 -0.0266 0.9815
vn -0.0254 -0.8288 0.5590
vn 0.0521 -0.5620 0.8255
vn -0.2277 -0.7691 0.5972
vn -0.4769 -0.8780 0.0421
vn 0.1595 -0.5420 0.8251
vn -0.0112 -0.0163 0.9998
vn -0.3010 -0.7610 0.5747
vn -0.4013 -0.9138 -0.0630
vn 0.1324 -0.4865 0.8636
vn 0.1447 -0.6691 0.7290
vn 0.3703 -0.9246 0.0892
vn 0.9580 -0.2808 0.0586
vn 0.6490 -0.3872 0.6549
vn 0.9556 -0.2579 0.1423
vn 0.6188 -0.3464 0.7050
vn 0.7559 -0.6280 0.1848
vn 0.3560 -0.5986 0.7176
vn 0.2572 -0.9467 0.1941
vn 0.1755 -0.0571 0.9828
vn 0.0847 -0.7124 0.6967
vn 0.2170 -0.9341 0.2835
vn 0.0109 -0.0429 0.9990
vn 0.1928 0.6007 0.7759
vn 0.1780 0.6435 0.7444
vn -0.1951 -0.0789 0.9776
vn 0.1246 -0.6051 0.7863
vn 0.4415 -0.5261 0.7269
vn 0.5661 -0.7828 0.2583
vn 0.7921 -0.5951 0.1358
vn 0.6126 -0.3251 0.7205
vn -0.1586 -0.0594 0.9856
vn 0.1579 0.1096 0.9814
vn 0.3756 0.1573 0.9133
vn -0.2218 0.5838 0.7810
vn -0.4934 0.4904 0.7184
vn -0.6525 0.7106 0.2632
vn -0.4622 0.4177 0.7822
vn -0.2440 0.6155 0.7494
vn -0.7265 0.6712 0.1473
vn -0.6957 0.6822 0.2250
vn -0.7518 0.5090 -0.4193
vn -0.7442 0.5676 -0.3521
vn -0.3941 0.2905 -0.8720
vn -0.3331 0.1301 -0.9339
vn 0.2062 -0.1324 -0.9695
vn -0.6985 0.4331 -0.5696
vn 0.1078 -0.4108 -0.9053
vn 0.5907 -0.4681 -0.6572
vn -0.4396 0.0540 -0.8966
vn -0.4576 0.6032 -0.6532
vn 0.4662 -0.7956 -0.3869
vn 0.7921 -0.5950 0.1358
vn 0.1110 -0.9018 -0.4176
vn -0.0964 -0.4868 -0.8682
vn 0.2966 -0.8696 -0.3948
vn -0.3212 0.0687 -0.9445
vn 0.0806 -0.3138 -0.9461
vn 0.4578 -0.5993 -0.6567
vn 0.7449 -0.4750 -0.4685
vn -0.0388 0.2547 -0.9662
vn -0.0222 -0.2646 -0.9641
vn -0.0599 -0.6031 -0.7954
vn 0.4508 -0.5215 -0.7245
vn -0.2081 -0.7883 -0.5790
vn -0.4354 -0.7894 -0.4328
vn -0.2878 -0.6165 -0.7328
vn -0.2095 -0.8826 -0.4209
vn 0.1606 -0.6651 -0.7293
vn -0.3903 -0.0228 -0.9204
vn 0.4375 -0.4648 -0.7698
vn -0.2556 -0.2169 -0.9421
vn -0.0209 -0.0843 -0.9962
vn 0.2374 -0.2886 -0.9276
vn 0.5816 -0.7557 -0.3010
vn 0.0338 -0.5638 -0.8252
vn -0.2139 -0.0315 -0.9763
vn -0.1819 -0.7751 -0.6051
vn -0.4710 0.1476 -0.8697
vn -0.4856 0.2756 -0.8296
vn -0.8727 0.3748 -0.3128
vn -0.5672 0.2859 -0.7724
vn -0.7937 0.5615 -0.2339
vn -0.6629 0.3407 0.6667
vn -0.6859 0.4294 0.5875
vn -0.8407 0.5084 -0.1865
vn -0.2963 0.3463 0.8901
vn -0.8482 0.3864 0.3622
vn -0.6986 0.3022 -0.6486
vn -0.9148 0.3023 -0.2678
vn -0.9931 0.1120 -0.0358
vn -0.7718 0.1715 -0.6123
vn -0.5606 0.4373 0.7032
vn -0.8453 0.5027 -0.1812
vn 0.0231 0.6747 0.7377
vn -0.0709 0.9725 0.2219
vn -0.3439 0.6280 -0.6981
vn 0.2595 0.9657 -0.0128
vn -0.3027 0.4011 -0.8646
vn 0.0824 0.7684 -0.6347
vn 0.3150 0.9487 0.0278
vn 0.1175 0.7369 -0.6657
vn -0.0018 0.3471 -0.9378
vn 0.0671 0.9931 0.0959
vn -0.0199 0.7433 -0.6686
vn -0.3446 0.9387 -0.0056
vn 0.2466 -0.7304 0.6369
vn 0.4032 -0.5742 -0.7125
vn 0.9595 -0.2295 0.1632
vn 0.1064 -0.8172 0.5665
vn 0.1819 -0.7750 -0.6052
vn 0.5626 0.0662 0.8241
vn -0.2341 -0.9382 0.2548
vn -0.0338 -0.5639 -0.8252
vn -0.5817 -0.7557 -0.3010
vn -0.0122 -0.3064 0.9518
vn -0.4880 -0.5332 0.6911
vn -0.7218 -0.6366 0.2716
vn -0.6590 -0.5830 -0.4752
vn -0.6610 -0.7298 -0.1746
vn 0.0375 -0.1653 0.9855
vn -0.4076 -0.5071 0.7594
vn -0.5274 -0.7226 0.4469
vn -0.2844 -0.9538 -0.0968
vn -0.1282 -0.5174 0.8461
vn -0.1925 -0.8563 0.4793
vn 0.1338 -0.9842 0.1160
vn 0.1895 -0.0266 0.9815
vn 0.0254 -0.8288 0.5590
vn 0.6630 0.3407 0.6667
vn -0.0521 -0.5620 0.8255
vn 0.0112 -0.0163 0.9998
vn 0.2277 -0.7691 0.5972
vn 0.4769 -0.8780 0.0421
vn -0.1595 -0.5420 0.8251
vn 0.3010 -0.7610 0.5747
vn 0.4013 -0.9138 -0.0630
vn -0.1324 -0.4865 0.8636
vn -0.1447 -0.6691 0.7290
vn -0.3703 -0.9246 0.0892
vn -0.9580 -0.2808 0.0586
vn -0.6490 -0.3872 0.6549
vn -0.9556 -0.2579 0.1423
vn -0.6188 -0.3464 0.7050
vn -0.7559 -0.6280 0.1848
vn -0.3560 -0.5986 0.7176
vn -0.2572 -0.9467 0.1941
vn -0.1755 -0.0571 0.9828
vn -0.0843 -0.7131 0.6960
vn -0.2170 -0.9341 0.2835
vn -0.0109 -0.0429 0.9990
vn -0.1246 -0.6051 0.7863
vn 0.1951 -0.0789 0.9776
vn -0.4415 -0.5261 0.7269
vn -0.5661 -0.7828 0.2583
vn -0.7921 -0.5951 0.1358
vn -0.6126 -0.3251 0.7205
vn 0.1586 -0.0594 0.9856
vn -0.1579 0.1096 0.9814
vn -0.3756 0.1573 0.9133
vn 0.2218 0.5838 0.7810
vn 0.4934 0.4904 0.7184
vn 0.6525 0.7106 0.2633
vn 0.4622 0.4177 0.7822
vn 0.2440 0.6155 0.7494
vn 0.7265 0.6712 0.1473
vn 0.6957 0.6822 0.2250
vn 0.7518 0.5090 -0.4192
vn 0.7442 0.5676 -0.3521
vn 0.3941 0.2905 -0.8720
vn 0.3331 0.1301 -0.9339
vn -0.2062 -0.1324 -0.9695
vn 0.6985 0.4331 -0.5696
vn -0.1078 -0.4108 -0.9053
vn -0.5907 -0.4681 -0.6572
vn 0.4396 0.0540 -0.8966
vn 0.4576 0.6032 -0.6532
vn -0.4662 -0.7956 -0.3869
vn -0.7921 -0.5950 0.1358
vn -0.1110 -0.9018 -0.4176
vn 0.0964 -0.4868 -0.8682
vn -0.2966 -0.8696 -0.3948
vn 0.3212 0.0687 -0.9445
vn -0.0806 -0.3138 -0.9461
vn -0.4578 -0.5993 -0.6567
vn -0.7449 -0.4750 -0.4685
vn 0.0388 0.2547 -0.9662
vn 0.0222 -0.2646 -0.9641
vn 0.0599 -0.6031 -0.7954
vn -0.4508 -0.5215 -0.7245
vn 0.2081 -0.7883 -0.5790
vn 0.4354 -0.7894 -0.4328
vn 0.2878 -0.6165 -0.7328
vn 0.2095 -0.8826 -0.4209
vn -0.1606 -0.6651 -0.7293
vn -0.4375 -0.4648 -0.7698
vn 0.2556 -0.2169 -0.9421
vn -0.2374 -0.2886 -0.9276
vn -0.0338 -0.5638 -0.8252
vn 0.0209 -0.0843 -0.9962
vn 0.2139 -0.0315 -0.9763
vn 0.1819 -0.7751 -0.6051
vn 0.4710 0.1476 -0.8697
vn 0.4856 0.2756 -0.8296
vn 0.8728 0.3748 -0.3128
vn 0.7937 0.5615 -0.2339
vn 0.5672 0.2858 -0.7724
vn 0.6859 0.4294 0.5875
vn 0.8407 0.5084 -0.1865
vn 0.3903 -0.0228 -0.9204
vn 0.2963 0.3463 0.8901
vn 0.0018 0.3471 -0.9378
vn 0.6986 0.3022 -0.6486
vn 0.3027 0.4011 -0.8646
vn 0.0199 0.7433 -0.6686
vn -0.1175 0.7369 -0.6657
vn 0.3446 0.9387 -0.0056
vn -0.0671 0.9931 0.0959
vn -0.1780 0.6435 0.7444
vn -0.3150 0.9487 0.0278
vn -0.1928 0.6007 0.7759
vn -0.0824 0.7684 -0.6347
vn -0.2595 0.9657 -0.0128
vn 0.3439 0.6280 -0.6981
vn -0.0231 0.6747 0.7377
vn 0.0710 0.9725 0.2219
vn 0.7718 0.1715 -0.6123
vn 0.5606 0.4373 0.7032
vn 0.8453 0.5027 -0.1812
vn 0.8482 0.3864 0.3622
vn 0.9931 0.1120 -0.0358
vn 0.9148 0.3022 -0.2678
vn 0.5968 -0.7495 0.2864
vn 0.4265 -0.9022 -0.0647
vn 0.5589 -0.7411 0.3720
vn 0.7896 -0.5154 0.3332
vn 0.6800 -0.7319 0.0432
vn 0.4571 -0.7187 0.5239
vn 0.2225 -0.8504 0.4767
vn 0.1706 -0.7784 0.6042
vn 0.7858 -0.5782 0.2197
vn 0.8383 -0.4878 -0.2434
vn 0.8865 -0.4254 0.1820
vn 0.7469 -0.4008 0.5306
vn 0.8015 -0.5413 0.2543
vn 0.3843 -0.7616 0.5219
vn 0.2100 -0.6643 0.7173
vn 0.6239 -0.5810 0.5227
vn 0.7013 -0.3995 0.5904
vn 0.7840 -0.5447 0.2977
vn 0.6015 -0.5986 0.5291
vn 0.7672 -0.4955 0.4074
vn 0.6362 -0.5458 0.5453
vn 0.7266 -0.6497 0.2237
vn 0.7903 -0.4913 0.3662
vn 0.6740 -0.6752 0.2998
vn 0.7339 -0.6642 0.1424
vn 0.6683 -0.5645 0.4845
vn 0.6912 -0.5477 0.4714
vn 0.7407 -0.6539 0.1543
vn 0.6979 -0.6538 0.2924
vn 0.6448 -0.7022 0.3018
vn 0.7452 -0.6586 0.1048
vn 0.7421 -0.6656 0.0794
vn 0.8095 -0.5681 0.1483
vn 0.7668 -0.6295 0.1253
vn 0.7476 -0.6600 0.0742
vn 0.7426 -0.6636 0.0901
vn 0.7004 -0.6930 0.1709
vn 0.5979 -0.7531 0.2747
vn 0.5914 -0.7838 0.1893
vn 0.5999 -0.7901 0.1261
vn 0.7200 -0.6299 0.2913
vn 0.5478 -0.7679 0.3321
vn 0.6627 -0.7017 0.2617
vn 0.4815 -0.8249 0.2962
vn 0.4286 -0.8471 0.3143
vn 0.5706 -0.8108 0.1304
vn 0.3405 -0.7785 0.5272
vn 0.1966 -0.8521 0.4850
vn 0.2717 -0.9451 0.1815
vn 0.3739 -0.7474 0.5491
vn 0.4833 -0.8131 0.3245
vn 0.0070 -0.9495 0.3138
vn 0.7320 -0.6499 0.2047
vn 0.1266 -0.9917 0.0225
vn 0.0703 -0.8195 0.5688
vn 0.4654 -0.7859 0.4072
vn 0.6610 -0.6788 0.3198
vn 0.7942 -0.5131 0.3256
vn 0.5130 -0.8188 0.2578
vn 0.5951 -0.7565 0.2711
vn 0.5316 -0.7823 0.3247
vn 0.0909 -0.9560 0.2788
vn 0.2987 -0.9536 0.0365
vn 0.3187 -0.9353 -0.1538
vn -0.0000 -0.9985 -0.0551
vn 0.0287 -0.8079 0.5886
vn -0.0000 -0.9778 0.2095
vn -0.1244 -0.8743 0.4692
vn 0.0000 -0.8808 0.4734
vn 0.0000 -0.8554 0.5179
vn 0.0000 -0.9969 0.0789
vn -0.0287 -0.8079 0.5886
vn -0.0909 -0.9560 0.2788
vn 0.1244 -0.8743 0.4692
vn -0.0703 -0.8195 0.5688
vn -0.0070 -0.9495 0.3138
vn -0.4654 -0.7859 0.4072
vn -0.1966 -0.8521 0.4850
vn -0.4833 -0.8131 0.3245
vn -0.5316 -0.7823 0.3247
vn -0.2717 -0.9451 0.1815
vn -0.7942 -0.5130 0.3256
vn -0.1266 -0.9917 0.0225
vn -0.7320 -0.6499 0.2048
vn -0.5951 -0.7565 0.2711
vn -0.6610 -0.6788 0.3198
vn -0.5706 -0.8108 0.1304
vn -0.2987 -0.9536 0.0365
vn -0.5130 -0.8188 0.2578
vn -0.5477 -0.7679 0.3321
vn -0.3187 -0.9353 -0.1538
vn -0.0000 -0.9769 -0.2138
vn -0.5999 -0.7901 0.1261
vn -0.2517 -0.9653 -0.0702
vn -0.5261 -0.8503 -0.0162
vn 0.2517 -0.9653 -0.0702
vn -0.0000 -0.9945 -0.1048
vn 0.5261 -0.8503 -0.0162
vn 0.1876 -0.9822 0.0054
vn 0.6646 -0.7472 0.0006
vn 0.4529 -0.8845 0.1118
vn 0.6326 -0.7600 0.1492
vn 0.7260 -0.6801 0.1018
vn 0.5660 -0.7808 -0.2645
vn 0.5566 -0.6850 -0.4700
vn 0.5147 -0.8095 -0.2826
vn 0.3521 -0.7584 -0.5485
vn 0.6586 -0.5599 -0.5027
vn 0.6020 -0.7880 -0.1290
vn 0.2318 -0.9285 -0.2902
vn 0.6776 -0.7347 -0.0313
vn 0.4988 -0.8654 -0.0476
vn 0.4180 -0.8960 -0.1502
vn 0.5908 -0.7676 -0.2487
vn 0.5832 -0.8063 -0.0988
vn 0.6678 -0.7439 0.0266
vn 0.6110 -0.7853 -0.1000
vn 0.5525 -0.8181 -0.1596
vn 0.4515 -0.8826 -0.1307
vn 0.5263 -0.8284 -0.1918
vn 0.6192 -0.7700 -0.1539
vn 0.6039 -0.7963 -0.0346
vn 0.2053 -0.9692 -0.1363
vn 0.0063 -0.9931 0.1169
vn 0.5258 -0.7629 -0.3761
vn 0.1872 -0.9588 -0.2137
vn -0.0611 -0.9552 0.2895
vn 0.6828 -0.6823 -0.2614
vn 0.2541 -0.9408 -0.2244
vn 0.0492 -0.9645 0.2596
vn 0.5626 -0.6261 -0.5399
vn 0.0000 -0.9998 -0.0179
vn 0.0000 -0.9926 0.1217
vn -0.0492 -0.9645 0.2596
vn 0.4198 -0.6616 -0.6213
vn 0.0000 -0.7611 -0.6486
vn -0.2541 -0.9408 -0.2244
vn 0.0611 -0.9552 0.2895
vn 0.0000 -0.7627 -0.6468
vn -0.1872 -0.9588 -0.2137
vn -0.0063 -0.9931 0.1169
vn -0.4198 -0.6616 -0.6213
vn -0.2053 -0.9692 -0.1364
vn -0.5263 -0.8284 -0.1918
vn -0.5626 -0.6261 -0.5399
vn -0.4515 -0.8826 -0.1308
vn -0.6110 -0.7853 -0.1000
vn -0.5258 -0.7629 -0.3761
vn -0.5832 -0.8063 -0.0988
vn -0.6678 -0.7439 0.0266
vn -0.6776 -0.7347 -0.0313
vn -0.4125 -0.6823 -0.6036
vn -0.5772 -0.6230 -0.5279
vn 0.0000 -0.8564 -0.5162
vn -0.3079 -0.8258 -0.4724
vn -0.5922 -0.7265 -0.3486
vn 0.4125 -0.6823 -0.6036
vn -0.4888 -0.7838 -0.3830
vn 0.5772 -0.6230 -0.5279
vn 0.3079 -0.8258 -0.4724
vn 0.0000 -0.9390 -0.3440
vn 0.5922 -0.7265 -0.3486
vn 0.4888 -0.7838 -0.3830
vn 0.2780 -0.9244 -0.2612
vn 0.4887 -0.8186 -0.3017
vn -0.2780 -0.9244 -0.2612
vn 0.6198 -0.7737 -0.1315
vn 0.2892 -0.9369 -0.1965
vn 0.0000 -0.9880 -0.1544
vn 0.6672 -0.7431 0.0513
vn 0.5714 -0.8182 -0.0637
vn 0.7295 -0.6778 -0.0917
vn 0.6885 -0.7016 -0.1838
vn 0.1866 -0.9748 -0.1220
vn 0.2158 -0.9747 -0.0575
vn -0.0000 -0.9957 -0.0923
vn 0.0000 -0.9997 0.0232
vn 0.0000 -0.9998 -0.0181
vn -0.1866 -0.9748 -0.1220
vn -0.1876 -0.9822 0.0054
vn -0.2158 -0.9747 -0.0575
vn -0.4529 -0.8845 0.1118
vn -0.5147 -0.8095 -0.2826
vn -0.5714 -0.8182 -0.0637
vn -0.2891 -0.9369 -0.1965
vn -0.6885 -0.7016 -0.1838
vn -0.4887 -0.8186 -0.3017
vn -0.6198 -0.7737 -0.1315
vn -0.6828 -0.6823 -0.2614
vn -0.6672 -0.7431 0.0513
vn -0.6192 -0.7700 -0.1539
vn -0.6039 -0.7963 -0.0346
vn -0.5525 -0.8181 -0.1596
vn -0.5908 -0.7676 -0.2487
vn -0.4180 -0.8960 -0.1502
vn -0.6020 -0.7880 -0.1290
vn -0.7476 -0.6600 0.0742
vn -0.4988 -0.8654 -0.0476
vn -0.2317 -0.9285 -0.2902
vn -0.7668 -0.6295 0.1253
vn -0.7420 -0.6656 0.0794
vn -0.5660 -0.7808 -0.2645
vn -0.3520 -0.7584 -0.5485
vn -0.7295 -0.6778 -0.0917
vn -0.6586 -0.5599 -0.5027
vn -0.5566 -0.6850 -0.4700
vn -0.6326 -0.7600 0.1492
vn -0.7260 -0.6801 0.1018
vn -0.6646 -0.7472 0.0006
vn -0.7426 -0.6636 0.0901
vn -0.7004 -0.6930 0.1709
vn -0.7452 -0.6586 0.1048
vn -0.7338 -0.6643 0.1424
vn -0.8095 -0.5681 0.1483
vn -0.7407 -0.6539 0.1543
vn -0.6740 -0.6752 0.2998
vn -0.7672 -0.4955 0.4074
vn -0.6979 -0.6538 0.2924
vn -0.6015 -0.5986 0.5291
vn -0.7013 -0.3995 0.5904
vn -0.6683 -0.5645 0.4845
vn -0.5979 -0.7531 0.2747
vn -0.6448 -0.7022 0.3018
vn -0.5914 -0.7838 0.1893
vn -0.6912 -0.5477 0.4714
vn -0.6362 -0.5458 0.5453
vn -0.6239 -0.5810 0.5227
vn -0.7469 -0.4008 0.5306
vn -0.7903 -0.4913 0.3661
vn -0.7858 -0.5782 0.2197
vn -0.8865 -0.4254 0.1820
vn -0.8383 -0.4878 -0.2434
vn -0.6800 -0.7319 0.0432
vn -0.7840 -0.5447 0.2977
vn -0.7896 -0.5154 0.3332
vn -0.5968 -0.7495 0.2864
vn -0.8015 -0.5413 0.2542
vn -0.5589 -0.7411 0.3720
vn -0.4265 -0.9022 -0.0647
vn -0.4571 -0.7187 0.5239
vn -0.2225 -0.8504 0.4767
vn -0.1706 -0.7784 0.6042
vn -0.3843 -0.7616 0.5219
vn -0.2100 -0.6643 0.7173
vn -0.7266 -0.6497 0.2237
vn -0.3405 -0.7785 0.5272
vn -0.6627 -0.7017 0.2617
vn -0.4286 -0.8471 0.3143
vn -0.7200 -0.6299 0.2913
vn -0.4815 -0.8249 0.2962
vn -0.3739 -0.7474 0.5491
vn -0.5341 -0.4642 0.7066
vn -0.2325 -0.9084 0.3474
vn -0.7469 -0.3450 0.5685
vn -0.5952 -0.7811 0.1887
vn -0.7863 -0.6163 0.0430
vn -0.6847 -0.5604 0.4660
vn -0.3267 -0.8724 0.3636
vn 0.0000 -0.9373 0.3484
vn -0.0000 -0.9541 0.2995
vn 0.0000 -0.9998 0.0217
vn 0.2325 -0.9084 0.3474
vn 0.3267 -0.8724 0.3636
vn 0.7863 -0.6163 0.0430
vn 0.5341 -0.4642 0.7066
vn 0.6847 -0.5604 0.4660
vn 0.7469 -0.3450 0.5685
vn 0.5951 -0.7812 0.1887
vn 0.1191 -0.9747 0.1894
vn 0.3987 -0.9165 0.0320
vn 0.5193 -0.7955 0.3122
vn 0.0737 -0.9853 -0.1541
vn 0.1864 -0.9825 -0.0058
vn 0.0654 -0.9962 -0.0578
vn 0.0924 -0.9940 -0.0577
vn -0.3352 -0.8851 -0.3230
vn -0.0639 -0.9136 -0.4016
vn -0.6249 -0.6965 -0.3527
vn -0.6510 -0.7589 -0.0140
vn -0.3420 -0.7173 -0.6071
vn -0.7195 -0.6774 -0.1529
vn -0.4462 -0.7559 -0.4792
vn -0.6599 -0.7216 -0.2095
vn -0.8162 -0.5511 -0.1733
vn -0.4349 -0.8738 -0.2176
vn -0.3649 -0.7711 -0.5218
vn -0.1019 -0.9651 -0.2411
vn 0.1876 -0.6939 -0.6952
vn 0.2503 -0.5880 -0.7692
vn 0.8068 -0.5881 -0.0574
vn 0.1564 -0.8792 -0.4501
vn 0.0000 -0.9924 -0.1232
vn 0.1019 -0.9651 -0.2411
vn -0.0000 -0.9027 -0.4304
vn 0.4349 -0.8738 -0.2176
vn 0.0000 -0.7629 -0.6465
vn 0.4462 -0.7559 -0.4792
vn 0.0000 -0.7505 -0.6609
vn 0.3420 -0.7173 -0.6071
vn 0.0000 -0.9521 -0.3059
vn 0.0639 -0.9136 -0.4016
vn 0.0000 -0.9959 0.0904
vn -0.0000 -0.9729 0.2313
vn -0.1191 -0.9747 0.1894
vn -0.0924 -0.9940 -0.0577
vn -0.3987 -0.9165 0.0320
vn -0.5193 -0.7955 0.3122
vn -0.0737 -0.9853 -0.1541
vn -0.1864 -0.9825 -0.0058
vn -0.0654 -0.9962 -0.0578
vn 0.3352 -0.8851 -0.3230
vn 0.6249 -0.6965 -0.3527
vn 0.7195 -0.6774 -0.1529
vn 0.6599 -0.7216 -0.2095
vn 0.8162 -0.5511 -0.1733
vn 0.3649 -0.7711 -0.5218
vn -0.1876 -0.6939 -0.6952
vn -0.2503 -0.5880 -0.7692
vn -0.8068 -0.5881 -0.0574
vn -0.1564 -0.8792 -0.4501
vn 0.1190 -0.9747 0.1894
vn 0.4280 -0.8812 0.2007
vn -0.0000 -0.9780 0.2087
vn 0.3955 -0.8054 0.4414
vn -0.0000 -0.8568 0.5157
vn 0.4470 -0.8833 0.1412
vn 0.3651 -0.5749 0.7323
vn -0.0000 -0.4843 0.8749
vn -0.0000 -0.5993 0.8005
vn 0.3244 -0.8337 0.4468
vn 0.2131 -0.8779 0.4288
vn 0.0000 -0.9992 0.0400
vn 0.2776 -0.6973 0.6609
vn -0.0785 -0.9735 0.2150
vn 0.0858 -0.9938 -0.0709
vn 0.0982 -0.9619 0.2553
vn -0.0000 -0.9172 0.3985
vn -0.4315 -0.8838 -0.1808
vn -0.0111 -0.7014 0.7127
vn 0.0000 -0.6383 0.7698
vn -0.0835 -0.9846 0.1533
vn -0.2556 -0.8538 0.4535
vn -0.0498 -0.7868 0.6152
vn -0.0000 -0.8572 0.5150
vn -0.5546 -0.8024 -0.2205
vn -0.4423 -0.8953 -0.0535
vn -0.4582 -0.8888 0.0090
vn -0.4706 -0.8749 -0.1146
vn -0.5588 -0.7412 0.3720
vn -0.5647 -0.8155 -0.1267
vn -0.4266 -0.9021 -0.0648
vn -0.5463 -0.8177 -0.1815
vn -0.2004 -0.9450 -0.2586
vn -0.4089 -0.8325 -0.3738
vn -0.4202 -0.9025 -0.0946
vn 0.0372 -0.9941 -0.1018
vn 0.1591 -0.9304 -0.3303
vn -0.1819 -0.9439 0.2755
vn -0.3831 -0.8707 0.3085
vn -0.1010 -0.9516 0.2903
vn -0.1149 -0.9305 0.3477
vn 0.3533 -0.8870 0.2973
vn -0.4095 -0.8504 0.3303
vn -0.1779 -0.9002 0.3976
vn 0.4063 -0.8422 0.3543
vn 0.3987 -0.9165 0.0319
vn -0.0794 -0.9491 0.3049
vn 0.1520 -0.9816 0.1159
vn 0.1865 -0.9824 -0.0058
vn -0.0017 -0.9261 0.3773
vn -0.2187 -0.9543 0.2035
vn -0.1140 -0.9629 0.2444
vn -0.0877 -0.7832 0.6155
vn -0.5244 -0.5660 0.6361
vn -0.3049 -0.9079 0.2876
vn -0.2045 -0.9557 0.2118
vn -0.0281 -0.4932 0.8695
vn -0.9261 0.1516 0.3454
vn 0.1131 -0.7917 0.6003
vn -0.0446 -0.5056 0.8616
vn -0.8214 0.3875 0.4184
vn 0.5055 -0.6535 0.5633
vn -0.0752 -0.7651 0.6395
vn 0.5216 -0.6593 0.5415
vn -0.3123 -0.5846 0.7488
vn -0.0748 -0.4672 0.8810
vn -0.6269 -0.6356 0.4505
vn -0.7067 -0.2491 0.6622
vn -0.7690 -0.5720 0.2854
vn -0.8832 -0.3010 0.3596
vn -0.6346 -0.7190 0.2833
vn -0.9149 -0.2992 0.2709
vn -0.2704 -0.8899 0.3675
vn -0.7976 -0.4822 0.3624
vn -0.9603 -0.1497 0.2353
vn -0.9194 -0.1585 0.3600
vn -0.6369 -0.6583 0.4012
vn -0.8837 -0.3091 0.3514
vn 0.0432 -0.9966 0.0695
vn -0.4934 -0.8304 0.2588
vn -0.8437 -0.4679 0.2632
vn -0.3632 -0.9272 -0.0917
vn 0.1215 -0.9459 -0.3009
vn 0.2113 -0.9150 -0.3437
vn -0.1114 -0.9570 -0.2679
vn -0.7387 -0.6663 0.1019
vn -0.0999 -0.9911 -0.0881
vn -0.4697 -0.8823 0.0316
vn -0.2708 -0.9279 -0.2561
vn -0.6155 -0.5920 -0.5202
vn -0.8544 -0.2687 -0.4447
vn -0.1830 -0.9124 -0.3662
vn -0.3476 -0.6080 -0.7138
vn -0.3839 -0.1651 -0.9085
vn -0.8113 0.1307 -0.5699
vn -0.6844 -0.7268 -0.0582
vn -0.1574 0.0633 -0.9855
vn -0.5789 0.2273 -0.7831
vn -0.3165 -0.1685 -0.9335
vn -0.5362 -0.7640 -0.3588
vn -0.7281 -0.3395 -0.5955
vn -0.5571 0.0338 -0.8298
vn -0.1292 -0.0350 -0.9910
vn -0.7492 0.2278 -0.6219
vn -0.3338 0.0304 -0.9421
vn -0.9313 0.0348 -0.3625
vn -0.2655 -0.1587 -0.9510
vn -0.9535 -0.2922 -0.0735
vn -0.8641 0.2731 -0.4227
vn -0.8437 -0.5229 -0.1215
vn -0.4685 0.0609 -0.8813
vn -0.8680 -0.4936 0.0539
vn -0.9744 -0.1591 0.1588
vn -0.9971 0.0464 0.0598
vn -0.9413 -0.2090 0.2650
vn -0.9349 -0.2257 0.2739
vn -0.9582 -0.1626 0.2353
vn -0.9204 -0.2008 0.3354
vn -0.9465 -0.1609 0.2797
vn -0.9759 0.1361 0.1708
vn -0.9067 -0.2134 0.3638
vn -0.9307 -0.1438 0.3362
vn -0.9749 0.1398 0.1733
vn -0.9651 0.1451 0.2181
vn -0.9196 -0.1285 0.3712
vn -0.9480 0.1413 0.2851
vn -0.8318 0.5499 0.0756
vn -0.9351 -0.1846 0.3025
vn -0.8249 0.5592 0.0825
vn -0.9546 -0.1221 0.2717
vn -0.9396 -0.0426 0.3397
vn -0.8800 -0.0213 0.4745
vn -0.5147 -0.2139 0.8303
vn -0.9084 0.0133 0.4179
vn 0.1495 -0.5133 0.8451
vn -0.7448 -0.0514 0.6653
vn 0.3283 -0.6991 0.6352
vn -0.0769 -0.2522 0.9646
vn -0.0837 -0.4667 0.8804
vn -0.2537 -0.6476 0.7185
vn 0.0622 -0.8697 0.4896
vn -0.3535 -0.1749 0.9189
vn 0.1002 -0.7175 0.6893
vn -0.3031 -0.5327 0.7902
vn -0.0739 -0.7494 0.6580
vn 0.0000 -0.8564 0.5163
vn -0.2923 -0.8648 0.4083
vn -0.0000 -0.9638 0.2668
vn -0.4134 -0.5421 0.7316
vn -0.3791 -0.7971 0.4701
vn 0.0000 -0.8376 0.5463
vn 0.0000 -0.4677 0.8839
vn -0.7001 -0.4894 0.5199
vn -0.6563 -0.6411 0.3979
vn -0.4966 -0.5160 0.6979
vn 0.0000 -0.0280 0.9996
vn -0.7605 -0.5280 0.3779
vn -0.6027 -0.5543 0.5740
vn -0.4323 -0.4901 0.7569
vn -0.7619 -0.2645 0.5912
vn -0.7856 -0.2108 0.5817
vn -0.2791 -0.1950 0.9403
vn -0.4795 0.0486 0.8762
vn -0.6230 0.4103 0.6660
vn -0.4994 0.3444 0.7950
vn -0.0000 0.3362 0.9418
vn -0.6469 0.3841 0.6588
vn -0.0000 0.3390 0.9408
vn -0.6761 0.1421 0.7230
vn -0.7746 0.2553 0.5787
vn 0.0000 0.1541 0.9881
vn 0.0000 0.1277 0.9918
vn -0.5698 0.4764 0.6696
vn -0.4820 0.0965 0.8708
vn 0.0000 -0.5171 0.8559
vn -0.4032 0.3099 0.8610
vn -0.0391 0.1041 0.9938
vn -0.1166 0.1559 0.9809
vn -0.4418 -0.5153 0.7344
vn -0.4299 -0.6931 0.5787
vn 0.0000 -0.7391 0.6736
vn -0.3495 -0.3855 0.8539
vn -0.5085 0.0291 0.8606
vn -0.4942 -0.7427 0.4518
vn 0.0000 -0.8256 0.5642
vn -0.6053 -0.5003 0.6192
vn -0.4540 -0.7653 0.4563
vn 0.0000 -0.8529 0.5221
vn -0.6174 -0.6290 0.4723
vn -0.6538 -0.6351 0.4114
vn -0.4485 -0.8027 0.3930
vn 0.0000 -0.9100 0.4147
vn -0.6377 -0.6784 0.3649
vn -0.4466 -0.8437 0.2978
vn 0.0000 -0.9463 0.3232
vn -0.6262 -0.7298 0.2744
vn -0.4462 -0.8610 0.2441
vn 0.0000 -0.9642 0.2652
vn -0.6235 -0.7450 0.2372
vn -0.4361 -0.8732 0.2177
vn 0.0000 -0.9681 0.2504
vn -0.6403 -0.7394 0.2079
vn -0.3931 -0.8989 0.1933
vn -0.0000 -0.9717 0.2363
vn -0.6446 -0.7465 0.1651
vn -0.2482 -0.9555 0.1594
vn -0.0000 -0.9765 0.2154
vn -0.0000 -0.9914 0.1312
vn -0.6308 -0.7656 0.1266
vn -0.1426 -0.9846 0.1007
vn -0.0000 -0.9957 0.0924
vn -0.6191 -0.7775 0.1109
vn -0.0659 -0.9941 0.0863
vn -0.0000 -0.9996 0.0265
vn -0.5574 -0.8223 0.1147
vn -0.1316 -0.9910 0.0253
vn 0.0000 -0.9989 -0.0460
vn -0.2334 -0.9723 -0.0104
vn -0.0000 -0.9992 -0.0393
vn -0.6012 -0.7945 0.0851
vn -0.2819 -0.9590 -0.0282
vn -0.0000 -0.9960 -0.0898
vn -0.6327 -0.7727 0.0515
vn -0.9416 -0.3074 0.1376
vn -0.3129 -0.9463 -0.0817
vn -0.9307 -0.3423 0.1289
vn -0.6297 -0.7768 0.0094
vn -0.9340 -0.3413 0.1060
vn -0.3379 -0.9407 -0.0294
vn 0.0000 -0.9947 0.1026
vn -0.6660 -0.7457 -0.0192
vn -0.7010 -0.6867 0.1926
vn -0.0000 0.0563 0.9984
vn -0.9283 -0.3656 0.0674
vn -0.9223 -0.3669 0.1215
vn -0.9113 -0.4075 0.0588
vn -0.9380 0.0647 0.3405
vn -0.9847 0.0796 0.1553
vn -0.6622 0.6548 0.3642
vn -0.9750 0.1619 0.1525
vn -0.7665 0.6052 0.2150
vn -0.9679 0.1884 0.1664
vn -0.6865 0.6937 0.2179
vn -0.9549 0.2580 0.1469
vn -0.6368 0.7512 0.1736
vn 0.0000 0.9609 0.2769
vn 0.0000 0.9732 0.2301
vn -0.0000 0.8804 0.4743
vn 0.6622 0.6548 0.3642
vn 0.6865 0.6937 0.2179
vn 0.7665 0.6052 0.2150
vn 0.9380 0.0647 0.3405
vn 0.9846 0.0797 0.1553
vn 0.9750 0.1619 0.1525
vn 0.7010 -0.6867 0.1926
vn 0.9223 -0.3668 0.1215
vn 0.3379 -0.9407 -0.0294
vn 0.6660 -0.7457 -0.0192
vn 0.9113 -0.4076 0.0587
vn 0.9283 -0.3656 0.0674
vn 0.3128 -0.9463 -0.0817
vn 0.6297 -0.7768 0.0094
vn 0.2819 -0.9590 -0.0282
vn 0.0000 -0.9992 -0.0392
vn 0.9340 -0.3413 0.1060
vn 0.6326 -0.7728 0.0514
vn 0.2335 -0.9723 -0.0104
vn 0.9679 0.1884 0.1664
vn 0.9307 -0.3423 0.1289
vn 0.6012 -0.7945 0.0851
vn 0.1316 -0.9910 0.0253
vn 0.9416 -0.3074 0.1376
vn 0.0659 -0.9941 0.0863
vn 0.5573 -0.8223 0.1147
vn 0.1426 -0.9846 0.1007
vn 0.6190 -0.7775 0.1109
vn 0.2482 -0.9555 0.1594
vn 0.9549 -0.2670 0.1303
vn 0.3931 -0.8989 0.1933
vn 0.6308 -0.7656 0.1266
vn 0.4360 -0.8732 0.2177
vn -0.0000 -0.9642 0.2653
vn 0.6446 -0.7465 0.1651
vn 0.9574 -0.2597 0.1260
vn 0.4462 -0.8610 0.2441
vn 0.6403 -0.7394 0.2079
vn 0.4466 -0.8437 0.2978
vn 0.6235 -0.7450 0.2372
vn 0.4485 -0.8027 0.3930
vn 0.6262 -0.7298 0.2744
vn 0.4540 -0.7653 0.4563
vn 0.6377 -0.6784 0.3649
vn 0.4942 -0.7427 0.4518
vn 0.6538 -0.6351 0.4114
vn 0.4299 -0.6931 0.5787
vn 0.6174 -0.6290 0.4723
vn 0.9254 -0.3004 0.2309
vn 0.4418 -0.5153 0.7344
vn 0.9137 -0.3485 0.2091
vn 0.9363 -0.2550 0.2417
vn 0.9127 -0.3629 0.1876
vn 0.9695 0.2449 0.0029
vn 0.9224 -0.3383 0.1864
vn 0.9461 0.3239 -0.0010
vn 0.9344 -0.3134 0.1691
vn 0.9020 0.4315 0.0177
vn 0.9085 0.4154 0.0462
vn 0.9610 -0.2413 0.1350
vn 0.9127 0.4056 0.0490
vn 0.9250 0.3649 0.1056
vn 0.8909 0.4501 0.0607
vn 0.4761 0.8761 -0.0764
vn 0.9268 0.3568 0.1174
vn 0.4894 0.8708 -0.0471
vn 0.5128 0.8573 0.0453
vn 0.5143 0.8524 0.0945
vn 0.9390 0.3187 0.1290
vn 0.5353 0.8385 0.1017
vn 0.9549 0.2580 0.1469
vn 0.5720 0.8131 0.1082
vn 0.6368 0.7512 0.1737
vn 0.0000 0.9910 0.1339
vn -0.0000 0.9971 0.0765
vn -0.5720 0.8131 0.1082
vn -0.0000 0.9960 0.0892
vn -0.5353 0.8385 0.1017
vn -0.9390 0.3187 0.1290
vn 0.0000 0.9969 0.0792
vn -0.9549 -0.2669 0.1303
vn -0.9268 0.3568 0.1174
vn -0.9574 -0.2597 0.1260
vn -0.5143 0.8524 0.0945
vn -0.9250 0.3649 0.1056
vn -0.9610 -0.2413 0.1350
vn -0.5128 0.8573 0.0453
vn -0.8909 0.4501 0.0607
vn -0.9344 -0.3134 0.1692
vn -0.9128 0.4056 0.0490
vn -0.4894 0.8708 -0.0471
vn -0.0000 1.0000 -0.0031
vn -0.0000 0.9962 -0.0872
vn -0.4761 0.8761 -0.0764
vn 0.0000 0.9936 -0.1133
vn -0.9085 0.4154 0.0462
vn -0.4675 0.8798 -0.0859
vn 0.4675 0.8798 -0.0859
vn 0.0000 0.9923 -0.1235
vn 0.4264 0.8987 -0.1022
vn 0.5007 0.8525 -0.1500
vn -0.0000 0.9884 -0.1517
vn -0.4264 0.8987 -0.1022
vn -0.9020 0.4315 0.0177
vn -0.5007 0.8526 -0.1499
vn -0.0000 0.9771 -0.2127
vn 0.5634 0.8035 -0.1925
vn -0.5634 0.8035 -0.1925
vn 0.9520 0.3047 -0.0304
vn -0.0000 0.9699 -0.2436
vn 0.5542 0.8073 -0.2026
vn 0.9510 0.3078 0.0294
vn 0.9293 -0.1751 0.3252
vn 0.5715 0.8004 -0.1811
vn 0.6053 -0.5003 0.6192
vn 0.9280 0.3531 0.1190
vn 0.8926 -0.0604 0.4467
vn 0.3495 -0.3855 0.8539
vn 0.8831 0.4333 0.1800
vn 0.4820 0.0965 0.8708
vn 0.8575 0.0759 0.5089
vn 0.5085 0.0291 0.8606
vn 0.7746 0.2553 0.5787
vn 0.4032 0.3099 0.8610
vn 0.6469 0.3840 0.6588
vn 0.5698 0.4764 0.6696
vn 0.1166 0.1559 0.9809
vn 0.4994 0.3444 0.7950
vn 0.6230 0.4103 0.6660
vn 0.4794 0.0486 0.8762
vn 0.4974 -0.5161 0.6973
vn 0.7856 -0.2108 0.5817
vn 0.3791 -0.7971 0.4701
vn 0.7605 -0.5280 0.3779
vn 0.7619 -0.2645 0.5912
vn 0.2923 -0.8648 0.4083
vn 0.6563 -0.6411 0.3979
vn 0.7001 -0.4894 0.5199
vn 0.6027 -0.5543 0.5740
vn 0.0739 -0.7494 0.6580
vn 0.3031 -0.5327 0.7902
vn -0.1002 -0.7175 0.6893
vn 0.4134 -0.5421 0.7315
vn -0.0622 -0.8697 0.4896
vn 0.4322 -0.4901 0.7569
vn 0.0752 -0.7651 0.6395
vn 0.2537 -0.6476 0.7185
vn 0.0446 -0.5056 0.8616
vn 0.9261 0.1516 0.3454
vn -0.3283 -0.6991 0.6352
vn 0.0837 -0.4667 0.8804
vn -0.5216 -0.6593 0.5415
vn -0.1495 -0.5133 0.8451
vn 0.2791 -0.1949 0.9403
vn -0.5055 -0.6535 0.5634
vn 0.6852 -0.0629 0.7257
vn 0.0769 -0.2522 0.9646
vn 0.0567 -0.1746 0.9830
vn 0.6761 0.1421 0.7230
vn 0.3486 -0.1268 0.9287
vn 0.0391 0.1041 0.9938
vn -0.1611 -0.1497 0.9755
vn 0.2219 0.1349 0.9657
vn 0.7313 0.1896 0.6552
vn 0.6171 0.0132 0.7868
vn 0.8475 0.1748 0.5012
vn 0.8375 0.1384 0.5286
vn 0.8506 0.4819 0.2104
vn 0.8419 0.0943 0.5313
vn 0.8324 0.4825 0.2725
vn 0.8725 0.1526 0.4642
vn 0.8967 0.0419 0.4407
vn 0.9044 -0.0425 0.4245
vn 0.8469 0.0492 0.5295
vn 0.7448 -0.0514 0.6653
vn 0.9084 0.0133 0.4178
vn 0.9396 -0.0426 0.3397
vn 0.8800 -0.0213 0.4745
vn 0.5147 -0.2139 0.8303
vn 0.9546 -0.1221 0.2717
vn 0.0748 -0.4672 0.8810
vn 0.7067 -0.2491 0.6622
vn 0.3123 -0.5846 0.7488
vn 0.8832 -0.3010 0.3596
vn 0.9351 -0.1845 0.3025
vn 0.9603 -0.1497 0.2353
vn 0.6269 -0.6356 0.4505
vn 0.9196 -0.1285 0.3713
vn -0.1131 -0.7917 0.6003
vn 0.9067 -0.2135 0.3638
vn 0.0281 -0.4932 0.8695
vn 0.5244 -0.5660 0.6361
vn 0.0877 -0.7832 0.6155
vn 0.0017 -0.9261 0.3773
vn 0.3050 -0.9079 0.2876
vn 0.1140 -0.9629 0.2444
vn -0.1520 -0.9816 0.1159
vn -0.3987 -0.9165 0.0319
vn 0.2187 -0.9543 0.2035
vn -0.4063 -0.8422 0.3543
vn 0.0794 -0.9491 0.3049
vn 0.1779 -0.9002 0.3976
vn -0.1190 -0.9747 0.1894
vn -0.3533 -0.8870 0.2973
vn -0.4280 -0.8812 0.2007
vn -0.4470 -0.8833 0.1412
vn 0.1010 -0.9516 0.2903
vn -0.3955 -0.8054 0.4414
vn -0.3244 -0.8337 0.4469
vn -0.3651 -0.5749 0.7323
vn -0.2131 -0.8779 0.4288
vn -0.2776 -0.6973 0.6609
vn 0.0785 -0.9735 0.2150
vn -0.0858 -0.9938 -0.0709
vn -0.0982 -0.9619 0.2553
vn 0.1819 -0.9439 0.2755
vn 0.0111 -0.7013 0.7128
vn 0.3831 -0.8707 0.3085
vn 0.0498 -0.7868 0.6152
vn 0.2556 -0.8538 0.4535
vn 0.0835 -0.9846 0.1533
vn 0.5546 -0.8024 -0.2205
vn 0.4315 -0.8838 -0.1808
vn 0.4422 -0.8953 -0.0535
vn 0.5463 -0.8177 -0.1815
vn 0.4202 -0.9025 -0.0946
vn 0.4089 -0.8325 -0.3738
vn -0.0372 -0.9941 -0.1018
vn 0.2004 -0.9450 -0.2586
vn 0.5647 -0.8155 -0.1267
vn 0.4706 -0.8749 -0.1146
vn 0.4266 -0.9021 -0.0648
vn 0.5588 -0.7412 0.3720
vn 0.4582 -0.8888 0.0090
vn 0.5952 -0.7811 0.1887
vn -0.1591 -0.9304 -0.3303
vn 0.0999 -0.9911 -0.0882
vn -0.0432 -0.9966 0.0695
vn 0.4697 -0.8823 0.0316
vn -0.2113 -0.9150 -0.3437
vn 0.6155 -0.5920 -0.5202
vn 0.8544 -0.2687 -0.4447
vn 0.2708 -0.9279 -0.2561
vn 0.3839 -0.1651 -0.9085
vn 0.8113 0.1307 -0.5699
vn 0.3476 -0.6080 -0.7138
vn 0.1830 -0.9124 -0.3662
vn 0.1574 0.0633 -0.9855
vn 0.5789 0.2273 -0.7831
vn 0.3165 -0.1685 -0.9335
vn 0.1292 -0.0350 -0.9910
vn 0.7493 0.2277 -0.6219
vn 0.5571 0.0338 -0.8298
vn 0.2655 -0.1587 -0.9510
vn 0.3338 0.0304 -0.9421
vn 0.7281 -0.3395 -0.5955
vn 0.9313 0.0348 -0.3625
vn 0.5362 -0.7640 -0.3588
vn 0.9535 -0.2922 -0.0735
vn 0.8641 0.2731 -0.4227
vn 0.9971 0.0464 0.0598
vn 0.8437 -0.5229 -0.1216
vn 0.4685 0.0609 -0.8813
vn 0.9744 -0.1591 0.1588
vn 0.8680 -0.4936 0.0539
vn 0.6844 -0.7268 -0.0582
vn 0.9413 -0.2090 0.2650
vn 0.1114 -0.9570 -0.2679
vn 0.7387 -0.6663 0.1019
vn -0.1215 -0.9459 -0.3009
vn 0.3632 -0.9272 -0.0917
vn 0.8437 -0.4679 0.2632
vn 0.4934 -0.8304 0.2588
vn 0.2704 -0.8899 0.3675
vn 0.6369 -0.6583 0.4012
vn 0.9349 -0.2256 0.2740
vn 0.8837 -0.3091 0.3514
vn 0.7976 -0.4822 0.3623
vn 0.9582 -0.1626 0.2353
vn 0.9204 -0.2008 0.3354
vn 0.9759 0.1361 0.1708
vn 0.9465 -0.1609 0.2797
vn 0.9749 0.1398 0.1733
vn 0.9194 -0.1585 0.3600
vn 0.9307 -0.1438 0.3362
vn 0.9149 -0.2992 0.2709
vn 0.6346 -0.7190 0.2833
vn 0.7690 -0.5720 0.2854
vn 0.2045 -0.9557 0.2118
vn 0.1149 -0.9305 0.3477
vn 0.4095 -0.8504 0.3303
vn 0.9651 0.1451 0.2181
vn 0.9480 0.1413 0.2851
vn 0.8318 0.5499 0.0756
vn 0.9119 0.1454 0.3839
vn 0.8249 0.5592 0.0825
vn 0.8215 0.5449 0.1677
vn 0.5031 0.8640 -0.0207
vn 0.4941 0.8688 0.0322
vn 0.5023 0.8642 -0.0283
vn 0.5168 0.8552 -0.0391
vn 0.5250 0.8399 -0.1379
vn -0.0000 0.9987 -0.0514
vn 0.5551 0.8097 -0.1905
vn -0.0000 0.9818 -0.1898
vn 0.0000 0.9519 -0.3064
vn 0.0000 0.9570 -0.2902
vn 0.0000 0.9669 -0.2552
vn -0.5551 0.8097 -0.1905
vn -0.5542 0.8073 -0.2026
vn -0.5715 0.8004 -0.1811
vn -0.5250 0.8399 -0.1379
vn -0.9280 0.3531 0.1190
vn -0.5023 0.8642 -0.0283
vn -0.8831 0.4333 0.1800
vn -0.8506 0.4819 0.2104
vn -0.4941 0.8688 0.0322
vn -0.8324 0.4825 0.2725
vn -0.8575 0.0758 0.5089
vn -0.0000 0.9992 -0.0388
vn -0.0000 0.9981 -0.0614
vn -0.5031 0.8640 -0.0207
vn -0.8216 0.5449 0.1677
vn -0.5168 0.8552 -0.0391
vn -0.9119 0.1454 0.3839
vn -0.0000 0.9976 -0.0689
vn -0.9044 -0.0425 0.4246
vn -0.8725 0.1526 0.4642
vn -0.8475 0.1748 0.5012
vn -0.8419 0.0943 0.5313
vn -0.8967 0.0417 0.4407
vn -0.7313 0.1896 0.6552
vn -0.8469 0.0492 0.5295
vn -0.8375 0.1384 0.5286
vn -0.6171 0.0132 0.7868
vn -0.2219 0.1349 0.9657
vn 0.1612 -0.1497 0.9755
vn -0.3486 -0.1268 0.9286
vn -0.0567 -0.1746 0.9830
vn -0.6852 -0.0629 0.7257
vn -0.8926 -0.0604 0.4467
vn -0.9293 -0.1751 0.3252
vn -0.9510 0.3078 0.0294
vn -0.9363 -0.2550 0.2417
vn -0.9519 0.3047 -0.0305
vn -0.9254 -0.3004 0.2309
vn -0.9695 0.2449 0.0029
vn -0.9137 -0.3485 0.2091
vn -0.9461 0.3239 -0.0010
vn -0.9127 -0.3629 0.1876
vn -0.9224 -0.3383 0.1864
vn -0.5905 -0.0528 -0.8053
vn -0.7996 0.4447 -0.4035
vn -0.5688 0.4026 -0.7172
vn -0.5671 -0.0277 -0.8232
vn -0.4178 -0.1389 -0.8978
vn -0.2185 0.2416 -0.9454
vn -0.7853 0.4639 -0.4101
vn -0.1603 -0.2018 -0.9662
vn 0.0000 0.0191 -0.9998
vn -0.5601 -0.0007 -0.8284
vn -0.8103 0.3653 -0.4582
vn -0.3281 0.2635 -0.9071
vn -0.6862 0.5213 -0.5073
vn -0.0000 -0.1780 -0.9840
vn -0.0000 0.0714 -0.9974
vn 0.1603 -0.2018 -0.9662
vn 0.2185 0.2416 -0.9454
vn -0.0000 0.6671 -0.7450
vn 0.4178 -0.1389 -0.8978
vn 0.5688 0.4026 -0.7172
vn 0.3281 0.2635 -0.9071
vn 0.5601 -0.0007 -0.8284
vn 0.5905 -0.0528 -0.8053
vn 0.7996 0.4447 -0.4035
vn 0.5671 -0.0277 -0.8232
vn 0.7853 0.4639 -0.4101
vn 0.8103 0.3653 -0.4583
vn 0.6862 0.5213 -0.5073
vn 0.9024 0.4213 0.0903
vn 0.3776 0.7030 -0.6026
vn 0.8775 0.4306 0.2112
vn 0.4089 0.9111 -0.0517
vn 0.8390 0.5255 0.1410
vn 0.7197 0.6534 0.2348
vn 0.7852 0.6157 0.0660
vn 0.5350 0.8442 0.0333
vn 0.7292 0.6761 0.1056
vn 0.6158 0.7658 0.1853
vn 0.5740 0.7496 0.3296
vn 0.7015 0.7127 -0.0033
vn 0.4044 0.7930 0.4557
vn 0.3713 0.8821 0.2898
vn 0.1308 0.8805 0.4556
vn 0.0000 0.9998 0.0214
vn 0.0959 0.8332 0.5446
vn 0.0000 0.9686 0.2485
vn -0.5350 0.8442 0.0333
vn -0.3713 0.8821 0.2898
vn -0.8390 0.5255 0.1410
vn -0.6158 0.7658 0.1853
vn -0.8776 0.4305 0.2111
vn -0.7197 0.6534 0.2348
vn -0.9024 0.4213 0.0903
vn -0.7852 0.6157 0.0660
vn -0.7292 0.6761 0.1056
vn -0.5740 0.7496 0.3295
vn -0.7015 0.7127 -0.0033
vn -0.4044 0.7930 0.4557
vn -0.4089 0.9111 -0.0517
vn -0.3776 0.7030 -0.6026
vn -0.0000 0.9816 -0.1912
vn -0.1308 0.8805 0.4556
vn 0.0000 0.8393 0.5437
vn -0.0959 0.8332 0.5446
vn 0.0135 0.7552 0.6554
vn -0.0000 0.8915 0.4530
vn 0.0000 0.7576 0.6527
vn -0.0135 0.7552 0.6553
vn 0.4674 -0.7119 -0.5242
vn 0.5614 -0.6985 -0.4438
vn 0.9994 -0.0271 -0.0231
vn 0.9697 0.2379 0.0556
vn 0.8159 -0.4541 -0.3580
vn 0.3417 0.7415 0.5774
vn 0.1271 0.8354 0.5348
vn 0.9781 0.0777 0.1932
vn -0.6279 0.5610 0.5395
vn -0.5930 0.6034 0.5332
vn -0.9639 0.0284 0.2649
vn 0.5772 0.5219 0.6281
vn -0.9820 -0.1381 0.1288
vn -0.6309 -0.7420 -0.2269
vn -0.6958 0.4603 0.5513
vn -0.4083 -0.7992 -0.4411
vn 0.4673 -0.7119 -0.5242
vn -0.9852 -0.1629 -0.0540
vn -0.1242 -0.7415 -0.6594
vn 0.6906 -0.5707 -0.4443
vn -0.6613 -0.4895 -0.5684
vn -0.7775 -0.4733 -0.4142
vn -0.9655 0.0988 0.2408
vn -0.8492 0.2488 0.4658
vn 0.0657 0.3265 0.9429
vn 0.9864 -0.1018 0.1288
vn -0.5019 -0.8296 -0.2448
vn -0.3678 -0.7203 0.5881
vn -0.7799 -0.4575 0.4271
vn -0.8800 -0.3313 0.3402
vn 0.1544 -0.9492 0.2741
vn -0.7038 -0.5962 -0.3864
vn -0.9537 -0.2767 0.1182
vn 0.1768 -0.8727 -0.4551
vn 0.6033 -0.7955 -0.0567
vn -0.1297 -0.6068 -0.7842
vn -0.6373 -0.5160 -0.5724
vn -0.5479 -0.6586 -0.5158
vn -0.9217 -0.3150 0.2262
vn 0.3702 -0.7954 -0.4799
vn 0.3236 -0.5412 0.7762
vn -0.2366 -0.7590 -0.6066
vn -0.7729 -0.6224 -0.1238
vn -0.7962 0.3130 0.5178
vn -0.9505 0.2108 0.2281
vn -0.1265 -0.8390 -0.5292
vn -0.3645 -0.9082 -0.2055
vn -0.7670 -0.6314 -0.1137
vn -0.9507 0.3004 0.0764
vn -0.9567 0.2756 -0.0941
vn -0.6947 -0.7167 0.0605
vn -0.9523 0.2976 -0.0681
vn -0.4352 -0.9003 0.0046
vn -0.5153 -0.8498 -0.1110
vn -0.6466 -0.7205 0.2506
vn -0.4029 -0.8842 0.2365
vn -0.8107 -0.5257 0.2579
vn -0.9097 0.3903 -0.1415
vn -0.3807 -0.8285 0.4107
vn -0.8674 -0.4246 0.2594
vn -0.9224 0.3398 -0.1836
vn -0.4098 -0.7825 0.4688
vn -0.8842 -0.3701 0.2851
vn -0.9456 0.2668 -0.1860
vn -0.9999 0.0020 -0.0122
vn -0.4441 -0.7127 0.5430
vn -0.7476 -0.5004 0.4368
vn -0.9507 -0.2077 0.2302
vn -0.4959 -0.6259 0.6020
vn -0.6228 -0.4796 0.6182
vn -0.9818 -0.0877 0.1686
vn -0.4840 -0.5977 0.6391
vn -0.6878 -0.3074 0.6576
vn -0.4619 -0.4428 0.7685
vn -0.8140 -0.1294 0.5663
vn -0.9975 -0.0541 0.0463
vn -0.9594 -0.0810 0.2703
vn -0.4283 -0.2210 0.8762
vn -0.5735 0.0006 0.8192
vn -0.9256 -0.1223 0.3582
vn -0.8480 -0.2888 0.4444
vn -0.6030 -0.3733 0.7050
vn -0.4142 -0.3456 0.8420
vn -0.4574 -0.0983 0.8838
vn -0.2857 -0.6609 0.6940
vn -0.4828 -0.2987 0.8232
vn -0.4935 -0.4181 0.7627
vn -0.5331 -0.1283 0.8363
vn -0.5201 -0.4808 0.7059
vn -0.5214 -0.3885 0.7598
vn -0.6377 -0.0255 0.7698
vn -0.5382 -0.6443 0.5433
vn -0.5738 -0.3151 0.7559
vn -0.5490 -0.5417 0.6366
vn -0.8026 -0.0480 0.5945
vn -0.6390 -0.7002 0.3186
vn -0.7199 -0.3490 0.5999
vn -0.9312 -0.0968 0.3515
vn -0.7972 -0.5762 0.1802
vn -0.8254 -0.3878 0.4102
vn -0.9675 -0.1695 0.1875
vn -0.9746 -0.2170 0.0547
vn -0.4206 -0.9063 0.0406
vn -0.8753 -0.3934 0.2811
vn -0.9612 -0.2716 -0.0484
vn -0.3071 -0.9515 -0.0208
vn -0.9410 -0.2993 0.1579
vn -0.9674 -0.2532 -0.0100
vn -0.9288 -0.3173 -0.1914
vn -0.1661 -0.9843 0.0597
vn -0.9647 -0.2266 -0.1344
vn -0.9314 -0.3264 -0.1609
vn -0.4320 -0.8038 0.4089
vn -0.9469 -0.1950 0.2557
vn -0.0061 -0.5633 0.8262
vn -0.2747 -0.2040 0.9396
vn -0.9740 -0.1697 0.1503
vn -0.9486 -0.2767 -0.1535
vn -0.8846 -0.4654 -0.0308
vn -0.3402 0.0741 0.9374
vn -0.6754 -0.2773 0.6833
vn -0.7563 -0.6358 -0.1540
vn -0.6661 -0.7269 -0.1668
vn -0.1055 -0.9830 -0.1501
vn -0.2370 -0.9271 -0.2904
vn -0.8031 -0.5941 -0.0459
vn -0.5728 -0.8191 0.0299
vn -0.8147 -0.5731 0.0884
vn -0.5706 -0.7927 0.2145
vn -0.7464 -0.5902 0.3075
vn -0.4977 -0.7717 0.3959
vn -0.7181 -0.5705 0.3985
vn -0.4786 -0.7405 0.4718
vn -0.6330 -0.6025 0.4861
vn -0.4496 -0.7026 0.5516
vn 0.3678 -0.7203 0.5881
vn 0.5019 -0.8296 -0.2448
vn 0.7799 -0.4575 0.4271
vn 0.8800 -0.3313 0.3402
vn -0.1544 -0.9492 0.2742
vn 0.7038 -0.5962 -0.3864
vn 0.9537 -0.2766 0.1182
vn -0.1768 -0.8727 -0.4551
vn 0.6373 -0.5160 -0.5724
vn -0.6033 -0.7955 -0.0568
vn -0.5350 -0.6310 0.5618
vn -0.3236 -0.5411 0.7762
vn 0.1297 -0.6068 -0.7842
vn -0.3702 -0.7954 -0.4799
vn 0.5479 -0.6586 -0.5158
vn 0.1055 -0.9830 -0.1501
vn 0.9217 -0.3150 0.2263
vn 0.6245 0.3325 0.7067
vn 0.7962 0.3130 0.5178
vn 0.7729 -0.6224 -0.1238
vn 0.9505 0.2108 0.2281
vn 0.2366 -0.7590 -0.6066
vn 0.1264 -0.8390 -0.5292
vn 0.3645 -0.9082 -0.2056
vn 0.7670 -0.6315 -0.1137
vn 0.9507 0.3004 0.0764
vn 0.9567 0.2756 -0.0941
vn 0.2370 -0.9271 -0.2903
vn 0.6947 -0.7167 0.0605
vn 0.9523 0.2976 -0.0681
vn 0.4352 -0.9003 0.0046
vn 0.5153 -0.8498 -0.1110
vn 0.3906 -0.8898 0.2360
vn 0.6661 -0.7269 -0.1668
vn 0.6754 -0.2773 0.6833
vn 0.7563 -0.6358 -0.1540
vn 0.8846 -0.4654 -0.0308
vn 0.3402 0.0741 0.9374
vn 0.2747 -0.2040 0.9396
vn 0.5692 -0.8220 0.0174
vn 0.9740 -0.1697 0.1503
vn 0.8031 -0.5941 -0.0459
vn 0.9486 -0.2767 -0.1535
vn 0.9469 -0.1950 0.2557
vn 0.0061 -0.5633 0.8262
vn 0.4320 -0.8038 0.4090
vn 0.9647 -0.2266 -0.1344
vn 0.9314 -0.3264 -0.1609
vn 0.1661 -0.9843 0.0597
vn 0.9288 -0.3173 -0.1914
vn 0.3071 -0.9514 -0.0208
vn 0.9612 -0.2716 -0.0484
vn 0.4206 -0.9064 0.0406
vn 0.9674 -0.2532 -0.0100
vn 0.9746 -0.2170 0.0547
vn 0.7972 -0.5762 0.1802
vn 0.8191 -0.5678 0.0813
vn 0.9410 -0.2993 0.1579
vn 0.9665 -0.1729 0.1896
vn 0.5633 -0.7988 0.2112
vn 0.7489 -0.5851 0.3111
vn 0.4894 -0.7723 0.4050
vn 0.7181 -0.5705 0.3985
vn 0.8782 -0.3789 0.2919
vn 0.4801 -0.7393 0.4722
vn 0.6461 -0.5857 0.4894
vn 0.8337 -0.3755 0.4049
vn 0.9307 -0.1043 0.3506
vn 0.6390 -0.7002 0.3186
vn 0.7256 -0.3555 0.5892
vn 0.8027 -0.0480 0.5945
vn 0.5382 -0.6443 0.5433
vn 0.5603 -0.5386 0.6293
vn 0.5738 -0.3151 0.7559
vn 0.6377 -0.0255 0.7698
vn 0.5201 -0.4808 0.7059
vn 0.5331 -0.1283 0.8363
vn 0.4828 -0.2987 0.8232
vn 0.5214 -0.3885 0.7598
vn 0.4934 -0.4181 0.7627
vn 0.4574 -0.0984 0.8838
vn 0.2857 -0.6609 0.6940
vn 0.4142 -0.3456 0.8420
vn 0.4868 -0.5964 0.6382
vn 0.4619 -0.4428 0.7685
vn 0.5735 0.0006 0.8192
vn 0.6030 -0.3733 0.7050
vn 0.8480 -0.2887 0.4444
vn 0.9256 -0.1223 0.3582
vn 0.9594 -0.0810 0.2703
vn 0.4283 -0.2209 0.8762
vn 0.8140 -0.1294 0.5663
vn 0.9975 -0.0541 0.0463
vn 0.9818 -0.0877 0.1686
vn 0.6878 -0.3074 0.6576
vn 0.6228 -0.4796 0.6182
vn 0.9507 -0.2077 0.2302
vn 0.4958 -0.6259 0.6020
vn 0.7476 -0.5004 0.4368
vn 0.9999 0.0019 -0.0122
vn 0.8841 -0.3702 0.2851
vn 0.9456 0.2668 -0.1860
vn 0.9224 0.3398 -0.1836
vn 0.4494 -0.7112 0.5406
vn 0.8674 -0.4246 0.2594
vn 0.9098 0.3903 -0.1415
vn 0.4596 -0.6974 0.5500
vn 0.4132 -0.7800 0.4699
vn 0.8106 -0.5257 0.2579
vn 0.3807 -0.8285 0.4107
vn 0.6466 -0.7205 0.2506
vn -0.9994 -0.0271 -0.0231
vn -0.5614 -0.6985 -0.4438
vn -0.4674 -0.7119 -0.5242
vn -0.9697 0.2379 0.0556
vn -0.8159 -0.4541 -0.3580
vn -0.3417 0.7415 0.5774
vn -0.1271 0.8354 0.5348
vn -0.9781 0.0777 0.1932
vn 0.6279 0.5610 0.5395
vn 0.5930 0.6034 0.5332
vn 0.9639 0.0284 0.2649
vn -0.5772 0.5218 0.6281
vn 0.6958 0.4603 0.5513
vn 0.9820 -0.1381 0.1288
vn 0.6308 -0.7420 -0.2269
vn -0.9923 -0.0781 0.0960
vn -0.5655 -0.5965 -0.5696
vn 0.4806 -0.7201 -0.5005
vn -0.0596 0.5210 0.8515
vn 0.8404 0.3246 0.4339
vn 0.9852 -0.1629 -0.0540
vn 0.9891 0.0947 0.1131
vn 0.6613 -0.4894 -0.5685
vn 0.0075 -0.6659 -0.7460
vn -0.5655 -0.5966 -0.5695
vn 0.1053 -0.7341 -0.6708
vn 0.4083 -0.7992 -0.4411
vn 0.6033 -0.7955 -0.0566
vn 0.5350 -0.6310 0.5618
vn 0.3236 -0.5412 0.7761
vn 0.1139 -0.4923 0.8629
vn 0.4743 -0.2772 0.8356
vn -0.3884 -0.2121 0.8968
vn -0.8800 -0.3314 0.3402
vn 0.2217 0.0620 0.9731
vn -0.5822 0.0457 0.8117
vn -0.9537 -0.2766 0.1182
vn 0.0088 0.4556 0.8902
vn -0.6245 0.3325 0.7067
vn 0.4083 0.5737 0.7100
vn 0.0377 0.7195 0.6935
vn -0.2509 0.7591 0.6006
vn -0.2704 0.9056 0.3268
vn -0.9508 0.3004 0.0763
vn 0.2610 0.9006 0.3477
vn -0.2849 0.9547 0.0857
vn -0.9567 0.2756 -0.0940
vn 0.3339 0.9418 -0.0383
vn -0.1195 0.9824 -0.1436
vn -0.1209 0.9551 -0.2704
vn -0.9098 0.3902 -0.1415
vn 0.3254 0.7135 0.6206
vn -0.3112 0.8723 -0.3772
vn 0.0038 0.4666 0.8845
vn 0.6054 0.7922 0.0769
vn 0.6253 0.7068 0.3307
vn 0.3836 0.5981 0.7036
vn -0.3402 0.0740 0.9374
vn 0.6013 0.3768 0.7046
vn 0.8053 0.4865 0.3389
vn 0.8580 0.4892 0.1565
vn 0.6954 -0.0062 0.7186
vn 0.9003 0.1856 0.3938
vn 0.6439 -0.3455 0.6827
vn 0.8813 -0.1270 0.4553
vn 0.9456 0.2635 0.1909
vn 0.9642 0.0280 0.2637
vn 0.8711 -0.2671 0.4121
vn 0.5900 -0.6444 0.4865
vn -0.4321 -0.8038 0.4090
vn -0.1660 -0.9843 0.0597
vn 0.9249 -0.2636 0.2741
vn 0.7134 -0.6623 0.2289
vn 0.6583 -0.7502 0.0623
vn -0.3071 -0.9514 -0.0208
vn 0.9454 -0.3094 0.1022
vn 0.9806 0.0702 0.1830
vn 0.5946 -0.8040 -0.0050
vn 0.9592 0.2714 0.0798
vn 0.4741 -0.8795 -0.0406
vn 0.8791 -0.4726 -0.0619
vn 0.4398 -0.8954 -0.0693
vn -0.5381 -0.6443 0.5434
vn 0.8609 -0.4783 -0.1731
vn 0.2956 -0.9545 -0.0384
vn 0.8050 -0.5356 -0.2550
vn 0.9634 -0.1511 -0.2213
vn 0.1713 -0.9826 -0.0712
vn 0.7153 -0.4780 -0.5098
vn 0.1258 -0.9905 -0.0559
vn 0.9022 -0.1723 -0.3953
vn 0.2723 -0.8942 -0.3553
vn 0.9962 -0.0351 -0.0798
vn -0.0383 -0.9991 -0.0173
vn 0.9927 0.0882 0.0820
vn 0.9637 0.2525 -0.0867
vn 0.9443 0.1991 -0.2620
vn 0.8875 0.1740 -0.4268
vn 0.8641 0.5032 0.0025
vn 0.5989 0.7934 -0.1089
vn 0.8344 0.5186 -0.1868
vn 0.3180 0.9194 -0.2314
vn 0.5375 0.7953 -0.2804
vn 0.2622 0.8912 -0.3701
vn 0.5542 0.7019 -0.4475
vn 0.8357 0.4151 -0.3596
vn 0.2703 0.8326 -0.4835
vn 0.5106 0.6357 -0.5789
vn 0.7561 0.4053 -0.5139
vn -0.3568 0.8044 -0.4750
vn 0.2160 0.7671 -0.6041
vn -0.4428 0.7146 -0.5416
vn -0.6556 0.5480 -0.5194
vn -0.9999 0.0019 -0.0122
vn 0.1224 0.7349 -0.6671
vn 0.4805 0.5813 -0.6567
vn 0.0769 0.6416 -0.7632
vn -0.8009 0.3591 -0.4791
vn -0.9507 -0.2077 0.2301
vn 0.6487 0.4099 -0.6413
vn 0.4820 0.4904 -0.7261
vn -0.0161 0.4737 -0.8805
vn -0.8105 0.2463 -0.5314
vn 0.4394 0.2613 -0.8595
vn -0.7529 0.0638 -0.6551
vn -0.9975 -0.0541 0.0464
vn 0.0779 0.2002 -0.9767
vn -0.8034 -0.1992 -0.5611
vn -0.0325 -0.1000 -0.9945
vn -0.8406 -0.3498 -0.4136
vn -0.1339 -0.3342 -0.9329
vn 0.4147 -0.2432 -0.8768
vn -0.1358 -0.5477 -0.8256
vn -0.7364 -0.6201 -0.2706
vn 0.0528 -0.7538 -0.6550
vn -0.5425 -0.8289 0.1364
vn 0.3291 -0.6921 -0.6424
vn 0.4109 -0.5961 -0.6898
vn 0.4642 -0.1506 -0.8728
vn 0.4650 -0.5735 -0.6744
vn 0.5510 0.2603 -0.7929
vn 0.5530 -0.1828 -0.8129
vn 0.5879 -0.4643 -0.6624
vn 0.6565 -0.0626 -0.7517
vn 0.7907 -0.0890 -0.6057
vn 0.7447 0.2023 -0.6360
vn -0.9202 0.3629 0.1471
vn -0.8374 -0.1604 0.5225
vn -0.7935 -0.1797 0.5814
vn -0.3004 0.7698 0.5632
vn -0.8522 0.5232 -0.0044
vn -0.9037 -0.0437 0.4259
vn -0.4693 0.7976 -0.3789
vn -0.7917 0.6109 -0.0017
vn -0.3412 0.8625 -0.3738
vn -0.8586 0.4935 0.1387
vn -0.8301 -0.3405 0.4416
vn -0.8704 -0.3510 0.3453
vn -0.4089 0.8848 -0.2236
vn -0.9280 0.2975 0.2245
vn -0.8984 -0.2212 0.3794
vn -0.4891 0.8713 -0.0398
vn -0.8516 0.3904 0.3498
vn -0.6636 0.7394 0.1136
vn -0.1976 0.3139 0.9287
vn -0.0697 -0.9865 0.1484
vn 0.8269 -0.3675 0.4256
vn -0.5607 0.7331 0.3849
vn 0.0913 0.9945 -0.0513
vn -0.0408 0.9944 0.0974
vn 0.1681 0.9612 -0.2189
vn 0.8651 0.4970 -0.0676
vn 0.1923 0.8936 -0.4055
vn 0.8023 0.5743 -0.1627
vn 0.6990 0.6533 -0.2908
vn 0.2139 0.8345 -0.5077
vn 0.7269 0.5571 -0.4016
vn 0.9849 0.0678 -0.1593
vn 0.0797 0.8205 -0.5661
vn 0.7229 0.5199 -0.4551
vn 0.9824 -0.1734 -0.0694
vn 0.7554 0.4761 -0.4501
vn 0.9775 -0.2108 0.0052
vn 0.9533 -0.2603 0.1530
vn 0.4332 -0.6427 0.6319
vn 0.4911 -0.6841 0.5392
vn -0.2946 -0.5744 0.7637
vn -0.8374 -0.1603 0.5225
vn -0.2717 -0.6675 0.6933
vn 0.4842 -0.7631 0.4280
vn -0.3152 -0.7229 0.6149
vn 0.6362 -0.7354 0.2333
vn -0.1638 -0.8857 0.4343
vn -0.2122 -0.9306 0.2983
vn 0.4615 -0.8774 0.1311
vn 0.9690 -0.2260 -0.1002
vn 0.5343 -0.8452 -0.0149
vn -0.2688 -0.9414 0.2040
vn -0.0698 -0.9864 0.1485
vn 0.0761 -0.9929 -0.0917
vn -0.0121 -0.9838 -0.1790
vn 0.9552 -0.2712 -0.1184
vn 0.6169 -0.7757 -0.1334
vn 0.1917 -0.9570 -0.2176
vn 0.0203 -0.9676 -0.2515
vn 0.2995 -0.9212 -0.2485
vn 0.6497 -0.7376 -0.1839
vn 0.6867 -0.7116 -0.1487
vn 0.9701 -0.2266 -0.0867
vn 0.9543 -0.2926 -0.0607
vn 0.9601 -0.2797 -0.0015
vn 0.9415 0.3366 0.0191
vn 0.9473 0.3069 0.0924
vn 0.9021 0.4192 0.1022
vn 0.3751 0.8960 0.2376
vn 0.6013 0.7846 0.1511
vn 0.5752 0.8095 0.1179
vn 0.1834 0.9729 0.1405
vn 0.0080 0.9623 0.2717
vn -0.2755 0.8677 0.4138
vn 0.0643 0.7565 0.6508
vn -0.0093 0.8927 0.4506
vn 0.0157 0.9689 0.2469
vn 0.0110 0.9790 0.2035
vn -0.1302 0.9831 0.1284
vn 0.0276 0.9598 0.2794
vn 0.2924 0.8526 0.4331
vn 0.7877 0.3743 0.4893
vn 0.5761 0.6864 0.4439
vn 0.9251 0.3020 0.2300
vn 0.8189 -0.4736 0.3243
vn 0.7659 0.6174 0.1794
vn 0.2357 0.9301 0.2816
vn 0.9276 0.3066 0.2135
vn 0.7805 -0.4561 0.4276
vn 0.8354 -0.2518 0.4886
vn 0.7376 0.6696 0.0875
vn 0.2244 0.9744 0.0131
vn 0.8691 0.4855 0.0949
vn 0.5814 0.8073 -0.1016
vn 0.0659 0.9892 -0.1310
vn 0.8945 0.4402 0.0784
vn 0.7958 -0.2298 0.5603
vn 0.4965 0.8173 -0.2922
vn 0.9302 0.3003 0.2110
vn 0.7362 -0.2447 0.6310
vn 0.2592 0.5799 0.7723
vn 0.6563 0.7172 -0.2343
vn 0.0545 0.8480 -0.5272
vn -0.0337 0.9416 -0.3349
vn -0.0115 0.8743 -0.4853
vn -0.6173 0.6107 -0.4959
vn -0.6129 0.6778 -0.4061
vn -0.6764 0.6927 -0.2504
vn -0.6807 0.5471 -0.4871
vn -0.9898 -0.1377 0.0359
vn -0.9912 -0.0741 -0.1093
vn -0.9905 -0.0773 -0.1136
vn -0.6912 0.7097 -0.1364
vn -0.9896 0.0317 -0.1405
vn -0.6182 -0.7289 0.2941
vn -0.7248 0.6889 0.0089
vn -0.9838 -0.1478 -0.1018
vn -0.7591 -0.6432 0.1003
vn -0.3973 0.8783 0.2661
vn -0.5701 0.8087 0.1448
vn -0.5538 0.8268 0.0991
vn -0.8985 0.4345 0.0620
vn -0.9404 0.3298 0.0829
vn -0.9739 -0.2237 -0.0388
vn -0.9507 0.3095 0.0177
vn -0.9621 -0.2655 -0.0619
vn -0.7113 -0.6858 -0.1540
vn -0.9787 -0.1833 -0.0921
vn -0.9533 -0.2884 -0.0897
vn -0.6530 -0.7351 -0.1823
vn -0.2616 -0.9352 -0.2388
vn -0.6568 -0.7403 -0.1434
vn -0.1968 -0.9553 -0.2205
vn -0.1581 -0.9775 -0.1394
vn -0.6848 -0.7232 -0.0895
vn -0.0080 -0.9965 0.0828
vn -0.5701 -0.8196 0.0564
vn 0.1761 -0.9507 0.2551
vn 0.0614 -0.9098 0.4104
vn 0.0757 -0.8147 0.5749
vn -0.5833 -0.6781 0.4472
vn 0.1535 -0.6964 0.7010
vn -0.4474 -0.6477 0.6167
vn 0.1716 -0.6158 0.7690
vn 0.8800 -0.3314 0.3402
vn 0.3884 -0.2121 0.8968
vn 0.5822 0.0457 0.8117
vn 0.9537 -0.2765 0.1181
vn 0.6244 0.3325 0.7067
vn -0.1139 -0.4923 0.8629
vn -0.1544 -0.9492 0.2741
vn -0.2217 0.0620 0.9731
vn -0.4743 -0.2772 0.8356
vn -0.3236 -0.5412 0.7761
vn -0.0088 0.4556 0.8902
vn -0.4083 0.5737 0.7100
vn -0.0377 0.7195 0.6935
vn 0.2510 0.7591 0.6006
vn -0.2508 0.9003 0.3559
vn 0.2704 0.9056 0.3268
vn 0.9506 0.2107 0.2281
vn 0.9508 0.3004 0.0763
vn 0.2849 0.9547 0.0857
vn 0.9567 0.2756 -0.0940
vn -0.3213 0.9461 -0.0415
vn 0.1195 0.9824 -0.1436
vn 0.1210 0.9551 -0.2704
vn 0.9098 0.3902 -0.1415
vn 0.3112 0.8723 -0.3772
vn -0.3107 0.9199 -0.2392
vn 0.3567 0.8044 -0.4750
vn -0.2645 0.8907 -0.3698
vn -0.2727 0.8311 -0.4847
vn 0.4428 0.7146 -0.5416
vn -0.2187 0.7672 -0.6030
vn 0.6556 0.5480 -0.5194
vn -0.1224 0.7349 -0.6671
vn 0.8010 0.3591 -0.4791
vn 0.9507 -0.2077 0.2301
vn -0.0769 0.6416 -0.7632
vn -0.4818 0.5799 -0.6570
vn 0.8105 0.2463 -0.5314
vn 0.0161 0.4737 -0.8805
vn 0.7529 0.0638 -0.6551
vn -0.0779 0.2002 -0.9767
vn -0.4820 0.4904 -0.7261
vn -0.4394 0.2613 -0.8595
vn 0.0326 -0.1000 -0.9945
vn 0.8034 -0.1992 -0.5611
vn -0.4147 -0.2432 -0.8768
vn 0.1339 -0.3342 -0.9329
vn 0.8406 -0.3498 -0.4136
vn 0.1358 -0.5477 -0.8256
vn 0.7364 -0.6201 -0.2706
vn 0.8480 -0.2888 0.4444
vn -0.0528 -0.7538 -0.6550
vn 0.5425 -0.8289 0.1365
vn 0.0383 -0.9991 -0.0173
vn -0.3291 -0.6921 -0.6424
vn -0.2723 -0.8942 -0.3553
vn -0.1258 -0.9905 -0.0559
vn -0.4109 -0.5961 -0.6898
vn -0.1713 -0.9826 -0.0712
vn -0.4650 -0.5735 -0.6744
vn -0.4642 -0.1506 -0.8728
vn -0.5530 -0.1828 -0.8129
vn -0.5510 0.2603 -0.7929
vn -0.5879 -0.4643 -0.6624
vn -0.6565 -0.0625 -0.7517
vn -0.7153 -0.4780 -0.5098
vn -0.2956 -0.9545 -0.0384
vn 0.5381 -0.6443 0.5434
vn -0.7907 -0.0891 -0.6057
vn -0.4398 -0.8954 -0.0693
vn 0.6389 -0.7002 0.3186
vn -0.8050 -0.5356 -0.2550
vn -0.9018 -0.1749 -0.3951
vn -0.7450 0.2008 -0.6361
vn -0.6524 0.3961 -0.6461
vn -0.8934 0.1398 -0.4270
vn -0.7760 0.3680 -0.5123
vn -0.5185 0.6302 -0.5779
vn -0.9632 -0.1533 -0.2209
vn -0.5618 0.6959 -0.4473
vn -0.8535 0.3906 -0.3450
vn -0.9537 0.1682 -0.2495
vn -0.5393 0.7914 -0.2877
vn -0.8645 0.4736 -0.1683
vn -0.5840 0.8003 -0.1360
vn -0.9723 0.2140 -0.0937
vn -0.5926 0.7994 0.0985
vn -0.8493 0.5278 0.0092
vn -0.9627 0.2588 0.0790
vn -0.8608 0.4767 0.1782
vn -0.3156 0.7053 0.6348
vn -0.6234 0.7021 0.3442
vn -0.0038 0.4666 0.8845
vn -0.3836 0.5981 0.7036
vn 0.3402 0.0740 0.9374
vn -0.8053 0.4865 0.3389
vn -0.6013 0.3768 0.7046
vn -0.9456 0.2634 0.1908
vn -0.9003 0.1856 0.3938
vn -0.6954 -0.0062 0.7186
vn -0.6439 -0.3455 0.6827
vn -0.8813 -0.1270 0.4553
vn -0.9642 0.0280 0.2637
vn -0.8711 -0.2671 0.4121
vn -0.5900 -0.6444 0.4865
vn 0.4321 -0.8038 0.4090
vn 0.1660 -0.9843 0.0597
vn -0.9249 -0.2636 0.2741
vn -0.9806 0.0701 0.1830
vn -0.7134 -0.6623 0.2289
vn -0.9928 0.0869 0.0829
vn -0.9454 -0.3094 0.1022
vn -0.9961 -0.0372 -0.0794
vn -0.6583 -0.7502 0.0623
vn -0.8791 -0.4726 -0.0619
vn -0.5946 -0.8040 -0.0050
vn 0.4206 -0.9063 0.0406
vn -0.8609 -0.4783 -0.1731
vn -0.4741 -0.8795 -0.0406
vn -0.7493 0.2277 -0.6219
vn -0.9031 0.4142 0.1131
vn -0.8113 0.1306 -0.5699
vn -0.8122 0.5754 0.0962
vn -0.7997 0.4447 -0.4035
vn -0.9757 0.0248 0.2178
vn -0.8443 0.4266 0.3244
vn -0.7208 0.6870 -0.0927
vn -0.5688 0.4027 -0.7172
vn -0.9309 -0.3610 0.0552
vn -0.8865 -0.4253 0.1820
vn -0.9289 -0.0451 0.3675
vn -0.8036 -0.3391 0.4891
vn -0.8628 0.4324 0.2618
vn -0.7783 -0.2339 0.5827
vn -0.9212 -0.0263 0.3881
vn -0.8767 -0.1324 0.4625
vn -0.9287 0.1089 0.3544
vn -0.9286 -0.3002 0.2180
vn -0.7338 -0.6642 0.1424
vn -0.9685 0.1074 0.2246
vn -0.8777 0.3822 0.2890
vn -0.9191 0.3127 0.2399
vn -0.9948 -0.0180 0.0999
vn -0.8686 -0.4869 0.0918
vn -0.7420 -0.6657 0.0793
vn -0.9674 0.2339 0.0970
vn -0.8107 -0.5836 0.0473
vn -0.9976 -0.0503 0.0478
vn -0.8494 -0.5253 0.0506
vn -0.9979 -0.0655 -0.0015
vn -0.9191 -0.3920 -0.0388
vn -0.8575 -0.4803 -0.1844
vn -0.9936 -0.0242 -0.1102
vn -0.9758 0.2023 -0.0833
vn -0.6621 -0.7192 -0.2105
vn -0.0063 -0.9931 0.1170
vn -0.9562 -0.1122 -0.2703
vn -0.9407 0.2599 -0.2181
vn -0.9706 0.2407 -0.0093
vn -0.8756 0.4403 -0.1988
vn -0.8556 0.5177 -0.0052
vn -0.8355 0.5316 -0.1390
vn -0.8409 0.5261 0.1264
vn -0.6509 0.7420 -0.1606
vn -0.7645 0.5484 0.3388
vn -0.6813 0.7308 -0.0427
vn -0.6127 0.7409 0.2750
vn -0.7453 0.6169 0.2528
vn -0.5573 0.7662 0.3199
vn -0.7660 0.6214 0.1648
vn -0.6226 0.7711 0.1330
vn -0.4968 0.8378 -0.2265
vn -0.4075 0.9006 0.1512
vn -0.2405 0.8772 -0.4156
vn -0.2185 0.2416 -0.9455
vn -0.2231 0.9671 0.1223
vn -0.3348 0.8801 0.3366
vn -0.2089 0.9440 0.2555
vn -0.4365 0.8856 0.1590
vn -0.1749 0.9800 0.0950
vn -0.4535 0.8714 -0.1871
vn -0.2078 0.9536 -0.2177
vn -0.4632 0.8589 -0.2186
vn -0.6620 0.7217 -0.2021
vn 0.0000 0.9991 0.0430
vn -0.6684 0.6801 -0.3011
vn -0.0000 0.9614 0.2750
vn -0.8364 0.4396 -0.3274
vn -0.0000 0.9953 0.0971
vn -0.8122 0.4099 -0.4150
vn -0.0000 0.7897 -0.6134
vn 0.2185 0.2416 -0.9455
vn 0.2405 0.8772 -0.4156
vn 0.5688 0.4027 -0.7172
vn 0.2231 0.9671 0.1223
vn 0.4968 0.8378 -0.2265
vn 0.2089 0.9440 0.2555
vn 0.4075 0.9006 0.1512
vn 0.7208 0.6870 -0.0927
vn 0.7997 0.4447 -0.4035
vn 0.6226 0.7711 0.1330
vn 0.8122 0.5754 0.0962
vn 0.7660 0.6214 0.1647
vn 0.9031 0.4142 0.1131
vn 0.8113 0.1306 -0.5699
vn 0.8443 0.4266 0.3244
vn 0.9757 0.0248 0.2178
vn 0.8628 0.4324 0.2618
vn 0.9309 -0.3610 0.0552
vn 0.8866 -0.4253 0.1820
vn 0.9289 -0.0451 0.3677
vn 0.8036 -0.3391 0.4891
vn 0.9212 -0.0263 0.3881
vn 0.7783 -0.2339 0.5827
vn 0.8946 0.3752 0.2427
vn 0.8767 -0.1324 0.4625
vn 0.9366 0.1248 0.3273
vn 0.9286 -0.3002 0.2180
vn 0.7338 -0.6642 0.1424
vn 0.9607 0.1474 0.2350
vn 0.9175 0.3428 0.2019
vn 0.8686 -0.4869 0.0918
vn 0.7420 -0.6657 0.0793
vn 0.9948 -0.0180 0.0999
vn 0.8107 -0.5836 0.0473
vn 0.9976 -0.0505 0.0479
vn 0.9481 0.2954 0.1177
vn 0.8494 -0.5253 0.0506
vn 0.6678 -0.7439 0.0265
vn 0.9979 -0.0655 -0.0015
vn 0.9191 -0.3920 -0.0388
vn 0.8575 -0.4803 -0.1844
vn 0.9936 -0.0242 -0.1102
vn 0.6621 -0.7192 -0.2105
vn 0.0063 -0.9931 0.1170
vn 0.9535 -0.0764 -0.2917
vn 0.9580 0.2610 -0.1185
vn 0.9226 0.3127 -0.2259
vn 0.9514 0.3079 0.0048
vn 0.8581 0.5087 -0.0692
vn 0.8549 0.5187 -0.0023
vn 0.8602 0.4981 0.1092
vn 0.6791 0.7231 -0.1262
vn 0.7968 0.5389 0.2733
vn 0.7015 0.7107 -0.0531
vn 0.6414 0.7220 0.2596
vn 0.7453 0.6169 0.2528
vn 0.5573 0.7662 0.3199
vn 0.3348 0.8801 0.3366
vn 0.4266 0.8982 0.1062
vn 0.2077 0.9748 0.0809
vn 0.4559 0.8710 -0.1829
vn 0.2569 0.9477 -0.1894
vn 0.4772 0.8623 -0.1696
vn -0.0000 0.9824 -0.1870
vn 0.2994 0.9329 -0.2000
vn 0.6915 0.7047 -0.1587
vn 0.4736 0.8236 -0.3122
vn 0.8562 0.4677 -0.2196
vn 0.6401 0.6999 -0.3168
vn 0.8504 0.3967 -0.3456
vn 0.6866 0.5912 -0.4231
vn 0.4269 0.8007 -0.4203
vn 0.3185 0.8380 -0.4431
vn 0.0280 0.9846 -0.1728
vn 0.3100 0.8359 -0.4530
vn -0.3143 0.9379 -0.1469
vn 0.1297 0.8577 -0.4976
vn -0.3256 0.8383 -0.4373
vn -0.4913 0.7947 -0.3565
vn -0.0270 0.8137 -0.5807
vn -0.3467 0.8033 -0.4842
vn -0.4343 0.8222 -0.3679
vn -0.6385 0.6385 -0.4297
vn -0.3970 0.7775 -0.4877
vn -0.6665 0.5266 -0.5277
vn -0.4876 0.6410 -0.5927
vn -0.1901 0.8100 -0.5548
vn -0.3012 0.7599 -0.5761
vn 0.0000 0.7714 -0.6364
vn 0.1901 0.8100 -0.5548
vn -0.0000 0.8715 -0.4905
vn 0.3970 0.7775 -0.4877
vn 0.3012 0.7599 -0.5761
vn 0.4876 0.6410 -0.5927
vn 0.6909 0.5327 -0.4889
vn 0.4546 0.6988 -0.5523
vn 0.8052 0.4615 -0.3724
vn 0.6611 0.5530 -0.5070
vn 0.8818 0.2958 -0.3674
vn 0.7889 0.3726 -0.4886
vn 0.8761 0.1468 -0.4593
vn 0.8409 -0.3715 -0.3936
vn 0.3515 -0.9326 -0.0819
vn 0.7646 -0.4757 -0.4349
vn -0.0393 -0.9777 0.2063
vn -0.0610 -0.9552 0.2895
vn 0.4844 -0.6643 -0.5693
vn 0.7772 -0.1059 -0.6202
vn 0.1254 -0.9745 -0.1862
vn 0.6820 0.3391 -0.6480
vn 0.5514 -0.0129 -0.8341
vn 0.5990 0.4288 -0.6762
vn 0.4518 0.3319 -0.8281
vn 0.3733 0.0090 -0.9277
vn 0.4140 0.5088 -0.7548
vn 0.3276 0.4514 -0.8300
vn 0.2947 0.4777 -0.8277
vn 0.2370 0.4890 -0.8395
vn 0.2929 0.4874 -0.8226
vn 0.2884 0.7491 -0.5963
vn -0.0000 0.4634 -0.8861
vn -0.0000 0.7689 -0.6394
vn -0.0000 0.5798 -0.8147
vn -0.2884 0.7491 -0.5963
vn -0.2929 0.4874 -0.8226
vn -0.4520 0.7006 -0.5522
vn -0.2370 0.4890 -0.8395
vn -0.6834 0.5708 -0.4551
vn -0.3048 0.5137 -0.8020
vn -0.5489 0.4923 -0.6755
vn -0.7661 0.4816 -0.4256
vn -0.8679 0.3631 -0.3390
vn -0.8762 0.2107 -0.4335
vn -0.7030 0.3134 -0.6384
vn -0.2645 0.4501 -0.8529
vn -0.4306 0.2810 -0.8577
vn -0.7477 -0.1555 -0.6456
vn -0.8168 -0.4577 -0.3512
vn -0.3515 -0.9326 -0.0819
vn -0.6919 -0.5938 -0.4107
vn 0.0393 -0.9777 0.2063
vn 0.0610 -0.9552 0.2895
vn -0.4844 -0.6643 -0.5693
vn -0.1254 -0.9745 -0.1862
vn -0.5330 -0.0953 -0.8407
vn -0.0000 -0.8847 -0.4661
vn -0.3323 -0.4134 -0.8477
vn -0.0000 -0.4379 -0.8990
vn -0.3733 0.0090 -0.9277
vn 0.3323 -0.4134 -0.8477
vn 0.0000 0.2536 -0.9673
vn -0.2947 0.4777 -0.8276
vn 0.0000 0.5879 -0.8089
usemtl Skin3_Mat_body
s 1
f 1/1/1 2/2/2 3/3/3
f 1/1/1 3/3/3 4/4/4
f 5/5/5 1/1/1 4/4/4
f 6/6/6 4/4/4 3/3/3
f 4/4/4 7/7/7 5/5/5
f 8/8/8 5/5/5 7/7/7
f 4/4/4 6/6/6 9/9/9
f 9/9/9 7/7/7 4/4/4
f 8/8/8 7/7/7 10/10/10
f 10/10/10 11/11/11 8/8/8
f 6/6/6 12/12/12 9/9/9
f 12/12/12 6/6/6 13/13/13
f 14/14/14 12/12/12 13/13/13
f 11/11/11 10/10/10 15/15/15
f 15/15/15 16/16/16 11/11/11
f 12/12/12 14/14/14 17/17/17
f 18/18/18 17/17/17 14/14/14
f 16/16/16 15/15/15 19/19/19
f 19/19/19 20/20/20 16/16/16
f 10/10/10 21/21/21 15/15/15
f 21/21/21 19/19/19 15/15/15
f 7/7/7 21/21/21 10/10/10
f 20/20/20 19/19/19 22/22/22
f 7/7/7 9/9/9 23/23/23
f 23/23/23 21/21/21 7/7/7
f 19/19/19 24/24/24 22/22/22
f 19/19/19 21/21/21 24/24/24
f 9/9/9 25/25/25 23/23/23
f 12/12/12 25/25/25 9/9/9
f 17/17/17 25/25/25 12/12/12
f 26/26/26 23/23/23 25/25/25
f 23/23/23 26/26/26 21/21/21
f 27/27/27 26/26/26 25/25/25
f 25/25/25 17/17/17 27/27/27
f 28/28/28 27/27/27 17/17/17
f 17/17/17 18/18/18 28/28/28
f 29/29/29 28/28/28 18/18/18
f 21/21/21 30/30/30 24/24/24
f 30/30/30 21/21/21 26/26/26
f 31/31/31 30/30/30 26/26/26
f 26/26/26 27/27/27 31/31/31
f 32/32/32 31/31/31 27/27/27
f 28/28/28 32/32/32 27/27/27
f 28/28/28 29/29/29 33/33/33
f 33/33/33 32/32/32 28/28/28
f 33/33/33 29/29/29 34/34/34
f 35/35/35 34/34/34 29/29/29
f 32/32/32 33/33/33 36/36/36
f 35/35/35 37/37/37 34/34/34
f 37/37/37 35/35/35 38/38/38
f 39/39/39 37/37/37 38/38/38
f 40/40/40 33/33/33 34/34/34
f 33/33/33 40/40/40 36/36/36
f 34/34/34 37/37/37 41/41/41
f 34/34/34 41/41/41 40/40/40
f 41/41/41 42/42/42 40/40/40
f 42/42/42 36/36/36 40/40/40
f 36/36/36 43/43/43 32/32/32
f 31/31/31 32/32/32 43/43/43
f 36/36/36 44/44/44 43/43/43
f 36/36/36 42/42/42 44/44/44
f 30/30/30 31/31/31 45/45/45
f 43/43/43 45/45/45 31/31/31
f 46/46/46 43/43/43 44/44/44
f 45/45/45 47/47/47 30/30/30
f 47/47/47 24/24/24 30/30/30
f 43/43/43 46/46/46 48/48/48
f 45/45/45 43/43/43 48/48/48
f 48/48/48 49/49/49 45/45/45
f 47/47/47 45/45/45 49/49/49
f 24/24/24 50/50/50 22/22/22
f 24/24/24 47/47/47 50/50/50
f 49/49/49 51/51/51 47/47/47
f 51/51/51 50/50/50 47/47/47
f 49/49/49 48/48/48 52/52/52
f 53/53/53 20/20/20 22/22/22
f 22/22/22 50/50/50 53/53/53
f 20/20/20 53/53/53 54/54/54
f 53/53/53 55/55/55 54/54/54
f 53/53/53 50/50/50 56/56/56
f 50/50/50 51/51/51 56/56/56
f 53/53/53 56/56/56 57/57/57
f 55/55/55 53/53/53 57/57/57
f 57/57/57 58/58/58 55/55/55
f 59/59/59 56/56/56 51/51/51
f 58/58/58 57/57/57 60/60/60
f 60/60/60 61/61/61 58/58/58
f 62/62/62 60/60/60 57/57/57
f 56/56/56 59/59/59 62/62/62
f 57/57/57 56/56/56 62/62/62
f 61/61/61 60/60/60 63/63/63
f 63/63/63 64/64/64 61/61/61
f 62/62/62 65/65/65 60/60/60
f 60/60/60 65/65/65 63/63/63
f 64/64/64 63/63/63 66/66/66
f 66/66/66 67/67/67 64/64/64
f 63/63/63 68/68/68 66/66/66
f 68/68/68 63/63/63 65/65/65
f 69/69/69 62/62/62 59/59/59
f 62/62/62 69/69/69 65/65/65
f 70/70/70 68/68/68 65/65/65
f 69/69/69 70/70/70 65/65/65
f 71/71/71 66/66/66 68/68/68
f 66/66/66 71/71/71 72/72/72
f 67/67/67 66/66/66 72/72/72
f 72/72/72 73/73/73 67/67/67
f 74/74/74 68/68/68 70/70/70
f 68/68/68 74/74/74 71/71/71
f 75/75/75 72/72/72 71/71/71
f 74/74/74 75/75/75 71/71/71
f 72/72/72 75/75/75 76/76/76
f 73/73/73 72/72/72 76/76/76
f 77/77/77 73/73/73 76/76/76
f 78/78/78 76/76/76 75/75/75
f 76/76/76 79/79/79 77/77/77
f 76/76/76 78/78/78 79/79/79
f 79/79/79 80/80/80 77/77/77
f 77/77/77 80/80/80 81/81/81
f 82/82/82 79/79/79 78/78/78
f 79/79/79 82/82/82 80/80/80
f 82/82/82 83/83/83 80/80/80
f 80/80/80 83/83/83 81/81/81
f 84/84/84 81/81/81 83/83/83
f 83/83/83 85/85/85 84/84/84
f 85/85/85 83/83/83 86/86/86
f 86/86/86 83/83/83 87/87/87
f 82/82/82 87/87/87 83/83/83
f 88/88/88 82/82/82 78/78/78
f 86/86/86 87/87/87 89/89/89
f 90/90/90 78/78/78 75/75/75
f 78/78/78 90/90/90 88/88/88
f 75/75/75 74/74/74 90/90/90
f 86/86/86 89/89/89 91/91/91
f 91/91/91 92/92/92 86/86/86
f 89/89/89 93/93/93 91/91/91
f 93/93/93 89/89/89 87/87/87
f 94/94/94 87/87/87 82/82/82
f 87/87/87 94/94/94 93/93/93
f 82/82/82 88/88/88 94/94/94
f 94/94/94 95/95/95 93/93/93
f 95/95/95 91/91/91 93/93/93
f 91/91/91 95/95/95 96/96/96
f 92/92/92 91/91/91 96/96/96
f 96/96/96 97/97/97 92/92/92
f 95/95/95 94/94/94 98/98/98
f 99/99/99 97/97/97 96/96/96
f 97/97/97 99/99/99 100/100/81
f 96/96/96 101/101/100 99/99/99
f 98/98/98 101/101/100 95/95/95
f 101/101/100 96/96/96 95/95/95
f 102/102/101 100/100/81 99/99/99
f 101/101/100 102/102/101 99/99/99
f 100/100/81 102/102/101 103/103/102
f 101/101/100 98/98/98 104/104/103
f 105/105/104 103/103/102 102/102/101
f 103/103/102 105/105/104 106/106/105
f 105/105/104 107/107/67 106/106/105
f 101/101/100 108/108/106 102/102/101
f 104/104/103 108/108/106 101/101/100
f 105/105/104 109/109/107 107/107/67
f 109/109/107 110/110/108 107/107/67
f 111/111/109 109/109/107 105/105/104
f 108/108/106 111/111/109 102/102/101
f 105/105/104 102/102/101 111/111/109
f 110/110/108 109/109/107 112/112/110
f 108/108/106 104/104/103 113/113/111
f 113/113/111 111/111/109 108/108/106
f 104/104/103 114/114/112 113/113/111
f 94/94/94 114/114/112 98/98/98
f 114/114/112 94/94/94 88/88/88
f 114/114/112 104/104/103 98/98/98
f 88/88/88 115/115/113 114/114/112
f 115/115/113 113/113/111 114/114/112
f 115/115/113 88/88/88 90/90/90
f 113/113/111 116/116/114 111/111/109
f 113/113/111 115/115/113 116/116/114
f 117/117/115 116/116/114 115/115/113
f 90/90/90 74/74/74 117/117/115
f 117/117/115 115/115/113 90/90/90
f 116/116/114 118/118/116 111/111/109
f 116/116/114 117/117/115 118/118/116
f 119/119/117 111/111/109 118/118/116
f 119/119/117 112/112/110 109/109/107
f 111/111/109 119/119/117 109/109/107
f 120/120/118 117/117/115 74/74/74
f 120/120/118 118/118/116 117/117/115
f 121/121/119 119/119/117 118/118/116
f 74/74/74 122/122/120 120/120/118
f 122/122/120 74/74/74 70/70/70
f 118/118/116 123/123/121 121/121/119
f 118/118/116 120/120/118 123/123/121
f 124/124/122 123/123/121 120/120/118
f 122/122/120 124/124/122 120/120/118
f 125/125/123 70/70/70 69/69/69
f 70/70/70 125/125/123 122/122/120
f 122/122/120 126/126/124 124/124/122
f 122/122/120 127/127/125 126/126/124
f 127/127/125 122/122/120 125/125/123
f 125/125/123 128/128/126 127/127/125
f 128/128/126 125/125/123 69/69/69
f 127/127/125 128/128/126 129/129/127
f 129/129/127 126/126/124 127/127/125
f 126/126/124 130/130/128 124/124/122
f 129/129/127 130/130/128 126/126/124
f 123/123/121 124/124/122 131/131/129
f 124/124/122 130/130/128 131/131/129
f 132/132/130 131/131/129 130/130/128
f 130/130/128 129/129/127 132/132/130
f 133/133/131 121/121/119 123/123/121
f 131/131/129 133/133/131 123/123/121
f 131/131/129 132/132/130 134/134/132
f 133/133/131 131/131/129 134/134/132
f 128/128/126 135/135/133 129/129/127
f 132/132/130 129/129/127 135/135/133
f 136/136/134 132/132/130 135/135/133
f 134/134/132 136/136/134 133/133/131
f 136/136/134 134/134/132 132/132/130
f 135/135/133 128/128/126 137/137/135
f 136/136/134 135/135/133 137/137/135
f 138/138/136 121/121/119 133/133/131
f 133/133/131 136/136/134 138/138/136
f 139/139/137 136/136/134 137/137/135
f 136/136/134 139/139/137 140/140/138
f 140/140/138 138/138/136 136/136/134
f 141/141/139 121/121/119 138/138/136
f 140/140/138 141/141/139 138/138/136
f 119/119/117 121/121/119 142/142/140
f 142/142/140 112/112/110 119/119/117
f 141/141/139 112/112/110 142/142/140
f 121/121/119 141/141/139 142/142/140
f 112/112/110 141/141/139 143/143/141
f 112/112/110 143/143/141 110/110/108
f 144/144/61 110/110/108 143/143/141
f 145/145/142 143/143/141 141/141/139
f 141/141/139 140/140/138 145/145/142
f 143/143/141 145/145/142 146/146/143
f 143/143/141 146/146/143 144/144/61
f 147/147/58 144/144/61 146/146/143
f 148/148/144 145/145/142 140/140/138
f 139/139/137 148/148/144 140/140/138
f 145/145/142 148/148/144 149/149/145
f 149/149/145 146/146/143 145/145/142
f 146/146/143 149/149/145 150/150/146
f 150/150/146 147/147/58 146/146/143
f 147/147/58 150/150/146 151/151/55
f 150/150/146 152/152/147 151/151/55
f 153/153/148 150/150/146 149/149/145
f 153/153/148 154/154/149 150/150/146
f 152/152/147 150/150/146 154/154/149
f 155/155/150 152/152/147 154/154/149
f 152/152/147 155/155/150 156/156/151
f 157/157/152 154/154/149 153/153/148
f 154/154/149 157/157/152 155/155/150
f 158/158/153 149/149/145 148/148/144
f 149/149/145 158/158/153 153/153/148
f 159/159/154 153/153/148 158/158/153
f 153/153/148 159/159/154 157/157/152
f 160/160/155 156/156/151 155/155/150
f 156/156/151 160/160/155 161/161/156
f 162/162/157 155/155/150 157/157/152
f 162/162/157 160/160/155 155/155/150
f 160/160/155 162/162/157 163/163/158
f 161/161/156 160/160/155 163/163/158
f 161/161/156 163/163/158 164/164/11
f 162/162/157 165/165/159 163/163/158
f 164/164/11 163/163/158 165/165/159
f 164/164/11 165/165/159 166/166/160
f 167/167/161 157/157/152 159/159/154
f 167/167/161 162/162/157 157/157/152
f 162/162/157 168/168/162 165/165/159
f 167/167/161 168/168/162 162/162/157
f 168/168/162 167/167/161 41/41/41
f 37/37/37 168/168/162 41/41/41
f 165/165/159 169/169/163 166/166/160
f 168/168/162 169/169/163 165/165/159
f 170/170/5 166/166/160 169/169/163
f 169/169/163 171/171/164 170/170/5
f 171/171/164 172/172/165 173/173/166
f 172/172/165 171/171/164 174/174/167
f 171/171/164 169/169/163 174/174/167
f 39/39/39 172/172/165 174/174/167
f 39/39/39 175/175/168 37/37/37
f 168/168/162 37/37/37 175/175/168
f 175/175/168 169/169/163 168/168/162
f 175/175/168 39/39/39 174/174/167
f 169/169/163 175/175/168 174/174/167
f 176/176/169 167/167/161 159/159/154
f 42/42/42 41/41/41 176/176/169
f 41/41/41 167/167/161 176/176/169
f 176/176/169 159/159/154 177/177/170
f 177/177/170 42/42/42 176/176/169
f 158/158/153 177/177/170 159/159/154
f 178/178/171 44/44/44 42/42/42
f 44/44/44 178/178/171 46/46/46
f 42/42/42 177/177/170 178/178/171
f 178/178/171 179/179/172 46/46/46
f 177/177/170 179/179/172 178/178/171
f 177/177/170 158/158/153 180/180/173
f 179/179/172 177/177/170 180/180/173
f 158/158/153 148/148/144 181/181/174
f 148/148/144 139/139/137 181/181/174
f 180/180/173 158/158/153 181/181/174
f 182/182/175 180/180/173 181/181/174
f 180/180/173 182/182/175 179/179/172
f 179/179/172 183/183/176 46/46/46
f 182/182/175 183/183/176 179/179/172
f 183/183/176 48/48/48 46/46/46
f 48/48/48 183/183/176 52/52/52
f 184/184/177 181/181/174 139/139/137
f 181/181/174 184/184/177 182/182/175
f 182/182/175 184/184/177 185/185/178
f 183/183/176 182/182/175 185/185/178
f 183/183/176 186/186/179 52/52/52
f 186/186/179 183/183/176 185/185/178
f 49/49/49 52/52/52 186/186/179
f 185/185/178 184/184/177 187/187/180
f 188/188/181 51/51/51 49/49/49
f 188/188/181 59/59/59 51/51/51
f 186/186/179 188/188/181 49/49/49
f 185/185/178 189/189/182 186/186/179
f 188/188/181 186/186/179 189/189/182
f 189/189/182 185/185/178 187/187/180
f 189/189/182 190/190/183 188/188/181
f 190/190/183 69/69/69 59/59/59
f 190/190/183 128/128/126 69/69/69
f 59/59/59 188/188/181 190/190/183
f 190/190/183 189/189/182 191/191/184
f 187/187/180 184/184/177 191/191/184
f 189/189/182 187/187/180 191/191/184
f 192/192/185 128/128/126 190/190/183
f 192/192/185 190/190/183 191/191/184
f 192/192/185 191/191/184 184/184/177
f 139/139/137 192/192/185 184/184/177
f 137/137/135 128/128/126 192/192/185
f 192/192/185 139/139/137 137/137/135
f 193/193/186 194/194/187 195/195/188
f 194/194/187 193/193/186 196/196/189
f 193/193/186 197/197/190 196/196/189
f 196/196/189 198/198/191 194/194/187
f 199/199/192 196/196/189 197/197/190
f 197/197/190 200/200/193 199/199/192
f 196/196/189 199/199/192 201/201/194
f 198/198/191 196/196/189 201/201/194
f 202/202/195 198/198/191 201/201/194
f 198/198/191 202/202/195 203/203/196
f 203/203/196 202/202/195 204/204/197
f 205/205/198 199/199/192 200/200/193
f 205/205/198 200/200/193 206/206/199
f 207/207/200 204/204/197 202/202/195
f 204/204/197 207/207/200 208/208/201
f 206/206/199 209/209/202 205/205/198
f 209/209/202 206/206/199 210/210/203
f 211/211/204 205/205/198 209/209/202
f 211/211/204 199/199/192 205/205/198
f 212/212/205 211/211/204 209/209/202
f 210/210/203 212/212/205 209/209/202
f 212/212/205 210/210/203 213/213/206
f 214/214/207 201/201/194 199/199/192
f 199/199/192 211/211/204 214/214/207
f 213/213/206 215/215/208 212/212/205
f 201/201/194 214/214/207 216/216/209
f 216/216/209 202/202/195 201/201/194
f 216/216/209 207/207/200 202/202/195
f 217/217/210 214/214/207 211/211/204
f 214/214/207 217/217/210 216/216/209
f 217/217/210 218/218/211 216/216/209
f 207/207/200 216/216/209 218/218/211
f 207/207/200 218/218/211 219/219/212
f 219/219/212 208/208/201 207/207/200
f 220/220/213 208/208/201 219/219/212
f 218/218/211 217/217/210 221/221/214
f 221/221/214 222/222/215 218/218/211
f 222/222/215 219/219/212 218/218/211
f 223/223/216 219/219/212 222/222/215
f 223/223/216 220/220/213 219/219/212
f 221/221/214 217/217/210 224/224/217
f 217/217/210 211/211/204 224/224/217
f 225/225/218 220/220/213 223/223/216
f 220/220/213 225/225/218 226/226/219
f 212/212/205 227/227/220 211/211/204
f 227/227/220 212/212/205 215/215/208
f 211/211/204 227/227/220 224/224/217
f 227/227/220 228/228/221 224/224/217
f 215/215/208 229/229/222 227/227/220
f 228/228/221 227/227/220 229/229/222
f 221/221/214 224/224/217 230/230/223
f 230/230/223 224/224/217 228/228/221
f 215/215/208 213/213/206 231/231/224
f 229/229/222 215/215/208 231/231/224
f 213/213/206 232/232/225 231/231/224
f 232/232/225 233/233/226 231/231/224
f 233/233/226 234/234/227 231/231/224
f 235/235/228 234/234/227 233/233/226
f 236/236/229 231/231/224 234/234/227
f 231/231/224 236/236/229 229/229/222
f 234/234/227 235/235/228 237/237/230
f 235/235/228 238/238/231 237/237/230
f 234/234/227 239/239/232 236/236/229
f 239/239/232 234/234/227 237/237/230
f 229/229/222 240/240/233 228/228/221
f 240/240/233 229/229/222 236/236/229
f 236/236/229 241/241/234 240/240/233
f 241/241/234 236/236/229 239/239/232
f 240/240/233 242/242/235 228/228/221
f 242/242/235 230/230/223 228/228/221
f 242/242/235 240/240/233 243/243/236
f 241/241/234 243/243/236 240/240/233
f 239/239/232 244/244/237 241/241/234
f 230/230/223 242/242/235 245/245/238
f 237/237/230 246/246/239 239/239/232
f 244/244/237 239/239/232 246/246/239
f 244/244/237 247/247/240 241/241/234
f 243/243/236 241/241/234 247/247/240
f 238/238/231 248/248/241 237/237/230
f 246/246/239 237/237/230 248/248/241
f 238/238/231 249/249/242 248/248/241
f 249/249/242 250/250/243 248/248/241
f 249/249/242 251/251/244 250/250/243
f 248/248/241 252/252/245 246/246/239
f 252/252/245 248/248/241 250/250/243
f 251/251/244 253/253/246 250/250/243
f 254/254/247 253/253/246 251/251/244
f 255/255/248 250/250/243 253/253/246
f 250/250/243 255/255/248 252/252/245
f 256/256/249 244/244/237 246/246/239
f 246/246/239 252/252/245 256/256/249
f 257/257/250 252/252/245 255/255/248
f 252/252/245 257/257/250 256/256/249
f 258/258/251 257/257/250 255/255/248
f 253/253/246 258/258/251 255/255/248
f 258/258/251 253/253/246 259/259/252
f 253/253/246 254/254/247 259/259/252
f 260/260/253 259/259/252 254/254/247
f 261/261/254 258/258/251 259/259/252
f 261/261/254 259/259/252 262/262/255
f 259/259/252 260/260/253 262/262/255
f 263/263/256 262/262/255 260/260/253
f 260/260/253 264/264/257 263/263/256
f 265/265/258 262/262/255 263/263/256
f 262/262/255 265/265/258 261/261/254
f 263/263/256 264/264/257 266/266/259
f 263/263/256 266/266/259 265/265/258
f 264/264/257 267/267/260 266/266/259
f 268/268/261 266/266/259 267/267/260
f 266/266/259 268/268/261 269/269/262
f 270/270/263 269/269/262 268/268/261
f 269/269/262 271/271/264 266/266/259
f 271/271/264 265/265/258 266/266/259
f 271/271/264 269/269/262 272/272/265
f 269/269/262 270/270/263 272/272/265
f 273/273/266 271/271/264 272/272/265
f 270/270/263 273/273/266 272/272/265
f 274/274/267 271/271/264 273/273/266
f 271/271/264 274/274/267 265/265/258
f 270/270/263 275/275/268 273/273/266
f 275/275/268 274/274/267 273/273/266
f 275/275/268 270/270/263 276/276/269
f 270/270/263 277/277/270 276/276/269
f 278/278/271 276/276/269 277/277/270
f 278/278/271 279/279/272 276/276/269
f 279/279/272 278/278/271 280/280/257
f 281/281/273 275/275/268 276/276/269
f 281/281/273 276/276/269 279/279/272
f 279/279/272 282/282/274 281/281/273
f 280/280/257 282/282/274 279/279/272
f 282/282/274 280/280/257 283/283/275
f 274/274/267 275/275/268 284/284/276
f 281/281/273 284/284/276 275/275/268
f 283/283/275 285/285/277 282/282/274
f 285/285/277 283/283/275 286/286/278
f 287/287/244 285/285/277 286/286/278
f 288/288/279 281/281/273 282/282/274
f 289/289/280 285/285/277 287/287/244
f 290/290/281 289/289/280 287/287/244
f 291/291/282 282/282/274 285/285/277
f 285/285/277 289/289/280 291/291/282
f 282/282/274 291/291/282 288/288/279
f 284/284/276 281/281/273 292/292/283
f 288/288/279 292/292/283 281/281/273
f 288/288/279 291/291/282 293/293/284
f 292/292/283 288/288/279 293/293/284
f 292/292/283 294/294/285 284/284/276
f 294/294/285 292/292/283 293/293/284
f 294/294/285 274/274/267 284/284/276
f 274/274/267 295/295/286 265/265/258
f 261/261/254 265/265/258 295/295/286
f 274/274/267 294/294/285 295/295/286
f 296/296/287 295/295/286 294/294/285
f 293/293/284 296/296/287 294/294/285
f 295/295/286 297/297/288 261/261/254
f 295/295/286 296/296/287 297/297/288
f 258/258/251 261/261/254 297/297/288
f 257/257/250 258/258/251 297/297/288
f 293/293/284 291/291/282 298/298/289
f 296/296/287 293/293/284 298/298/289
f 298/298/289 299/299/290 296/296/287
f 297/297/288 299/299/290 257/257/250
f 296/296/287 299/299/290 297/297/288
f 291/291/282 300/300/291 298/298/289
f 299/299/290 298/298/289 300/300/291
f 301/301/292 299/299/290 300/300/291
f 301/301/292 257/257/250 299/299/290
f 302/302/293 256/256/249 257/257/250
f 257/257/250 301/301/292 302/302/293
f 303/303/294 291/291/282 289/289/280
f 300/300/291 291/291/282 303/303/294
f 256/256/249 302/302/293 304/304/295
f 304/304/295 244/244/237 256/256/249
f 289/289/280 290/290/281 305/305/296
f 305/305/296 303/303/294 289/289/280
f 247/247/240 244/244/237 306/306/297
f 244/244/237 304/304/295 306/306/297
f 307/307/298 304/304/295 302/302/293
f 307/307/298 306/306/297 304/304/295
f 307/307/298 302/302/293 308/308/299
f 308/308/299 309/309/300 307/307/298
f 306/306/297 307/307/298 309/309/300
f 310/310/301 302/302/293 301/301/292
f 302/302/293 310/310/301 308/308/299
f 309/309/300 308/308/299 311/311/302
f 311/311/302 308/308/299 310/310/301
f 300/300/291 312/312/303 301/301/292
f 310/310/301 301/301/292 312/312/303
f 312/312/303 313/313/304 310/310/301
f 313/313/304 311/311/302 310/310/301
f 306/306/297 309/309/300 314/314/305
f 311/311/302 314/314/305 309/309/300
f 315/315/306 311/311/302 313/313/304
f 311/311/302 315/315/306 314/314/305
f 315/315/306 313/313/304 316/316/307
f 306/306/297 314/314/305 317/317/308
f 316/316/307 318/318/309 315/315/306
f 314/314/305 318/318/309 317/317/308
f 318/318/309 314/314/305 315/315/306
f 313/313/304 319/319/310 316/316/307
f 319/319/310 318/318/309 316/316/307
f 319/319/310 313/313/304 312/312/303
f 306/306/297 320/320/311 247/247/240
f 320/320/311 306/306/297 317/317/308
f 321/321/312 312/312/303 300/300/291
f 303/303/294 321/321/312 300/300/291
f 312/312/303 321/321/312 319/319/310
f 322/322/313 319/319/310 321/321/312
f 319/319/310 322/322/313 318/318/309
f 303/303/294 305/305/296 323/323/314
f 321/321/312 303/303/294 323/323/314
f 305/305/296 324/324/315 323/323/314
f 321/321/312 324/324/315 322/322/313
f 324/324/315 321/321/312 323/323/314
f 324/324/315 305/305/296 325/325/316
f 290/290/281 325/325/316 305/305/296
f 325/325/316 290/290/281 326/326/231
f 327/327/317 318/318/309 322/322/313
f 327/327/317 322/322/313 324/324/315
f 327/327/317 324/324/315 328/328/318
f 325/325/316 328/328/318 324/324/315
f 326/326/231 329/329/319 325/325/316
f 328/328/318 325/325/316 329/329/319
f 329/329/319 326/326/231 330/330/228
f 328/328/318 331/331/320 327/327/317
f 330/330/228 332/332/321 329/329/319
f 332/332/321 330/330/228 333/333/226
f 329/329/319 334/334/322 328/328/318
f 334/334/322 329/329/319 332/332/321
f 331/331/320 328/328/318 334/334/322
f 335/335/323 332/332/321 333/333/226
f 318/318/309 327/327/317 336/336/324
f 336/336/324 317/317/308 318/318/309
f 317/317/308 336/336/324 320/320/311
f 331/331/320 336/336/324 327/327/317
f 332/332/321 335/335/323 337/337/325
f 338/338/326 320/320/311 336/336/324
f 332/332/321 339/339/327 334/334/322
f 339/339/327 332/332/321 337/337/325
f 340/340/328 337/337/325 335/335/323
f 340/340/328 335/335/323 341/341/329
f 342/342/330 337/337/325 340/340/328
f 337/337/325 342/342/330 339/339/327
f 343/343/331 334/334/322 339/339/327
f 334/334/322 343/343/331 331/331/320
f 339/339/327 344/344/332 343/343/331
f 344/344/332 339/339/327 342/342/330
f 343/343/331 345/345/333 331/331/320
f 345/345/333 338/338/326 336/336/324
f 336/336/324 331/331/320 345/345/333
f 343/343/331 346/346/334 345/345/333
f 338/338/326 345/345/333 347/347/335
f 346/346/334 347/347/335 345/345/333
f 348/348/336 343/343/331 344/344/332
f 343/343/331 348/348/336 346/346/334
f 348/348/336 349/349/337 346/346/334
f 346/346/334 349/349/337 347/347/335
f 350/350/338 338/338/326 347/347/335
f 347/347/335 351/351/339 350/350/338
f 351/351/339 347/347/335 349/349/337
f 348/348/336 352/352/340 349/349/337
f 338/338/326 350/350/338 353/353/341
f 354/354/342 349/349/337 352/352/340
f 349/349/337 354/354/342 351/351/339
f 245/245/238 351/351/339 354/354/342
f 355/355/343 247/247/240 320/320/311
f 353/353/341 355/355/343 338/338/326
f 320/320/311 338/338/326 355/355/343
f 355/355/343 353/353/341 356/356/344
f 350/350/338 356/356/344 353/353/341
f 356/356/344 243/243/236 247/247/240
f 247/247/240 355/355/343 356/356/344
f 350/350/338 351/351/339 357/357/345
f 357/357/345 242/242/235 243/243/236
f 243/243/236 356/356/344 357/357/345
f 350/350/338 357/357/345 356/356/344
f 245/245/238 242/242/235 358/358/346
f 351/351/339 245/245/238 358/358/346
f 242/242/235 357/357/345 358/358/346
f 351/351/339 358/358/346 357/357/345
f 354/354/342 359/359/347 245/245/238
f 359/359/347 230/230/223 245/245/238
f 230/230/223 359/359/347 221/221/214
f 222/222/215 221/221/214 359/359/347
f 352/352/340 360/360/348 354/354/342
f 359/359/347 354/354/342 360/360/348
f 359/359/347 361/361/349 222/222/215
f 361/361/349 359/359/347 360/360/348
f 361/361/349 223/223/216 222/222/215
f 362/362/350 361/361/349 360/360/348
f 348/348/336 362/362/350 352/352/340
f 360/360/348 352/352/340 362/362/350
f 363/363/351 223/223/216 361/361/349
f 361/361/349 362/362/350 363/363/351
f 363/363/351 225/225/218 223/223/216
f 344/344/332 364/364/352 348/348/336
f 362/362/350 348/348/336 364/364/352
f 362/362/350 364/364/352 365/365/353
f 365/365/353 225/225/218 363/363/351
f 363/363/351 362/362/350 365/365/353
f 364/364/352 344/344/332 366/366/354
f 366/366/354 365/365/353 364/364/352
f 342/342/330 366/366/354 344/344/332
f 367/367/355 226/226/219 225/225/218
f 225/225/218 365/365/353 367/367/355
f 226/226/219 367/367/355 368/368/356
f 367/367/355 369/369/357 368/368/356
f 370/370/358 367/367/355 365/365/353
f 365/365/353 366/366/354 370/370/358
f 366/366/354 342/342/330 371/371/359
f 371/371/359 370/370/358 366/366/354
f 340/340/328 371/371/359 342/342/330
f 369/369/357 367/367/355 372/372/360
f 367/367/355 370/370/358 372/372/360
f 341/341/329 373/373/361 340/340/328
f 371/371/359 340/340/328 373/373/361
f 373/373/361 341/341/329 374/374/362
f 371/371/359 373/373/361 375/375/363
f 374/374/362 375/375/363 373/373/361
f 374/374/362 376/376/199 375/375/363
f 376/376/199 377/377/364 375/375/363
f 377/377/364 370/370/358 371/371/359
f 377/377/364 371/371/359 375/375/363
f 377/377/364 376/376/199 378/378/193
f 378/378/193 379/379/365 377/377/364
f 379/379/365 372/372/360 370/370/358
f 370/370/358 377/377/364 379/379/365
f 379/379/365 378/378/193 380/380/190
f 380/380/190 381/381/366 379/379/365
f 372/372/360 379/379/365 382/382/367
f 379/379/365 381/381/366 382/382/367
f 369/369/357 372/372/360 382/382/367
f 381/381/366 383/383/368 382/382/367
f 382/382/367 383/383/368 369/369/357
f 383/383/368 381/381/366 384/384/369
f 385/385/370 386/386/371 387/387/372
f 386/386/371 385/385/370 388/388/373
f 385/385/370 389/389/374 388/388/373
f 388/388/373 390/390/375 386/386/371
f 391/391/376 388/388/373 389/389/374
f 392/392/377 391/391/376 389/389/374
f 388/388/373 391/391/376 393/393/378
f 390/390/375 388/388/373 393/393/378
f 390/390/375 393/393/378 394/394/379
f 390/390/375 394/394/379 395/395/380
f 396/396/381 393/393/378 391/391/376
f 393/393/378 396/396/381 394/394/379
f 397/397/382 396/396/381 391/391/376
f 397/397/382 391/391/376 392/392/377
f 398/398/383 396/396/381 397/397/382
f 392/392/377 398/398/383 397/397/382
f 392/392/377 399/399/384 398/398/383
f 400/400/385 396/396/381 398/398/383
f 400/400/385 394/394/379 396/396/381
f 401/401/386 400/400/385 398/398/383
f 399/399/384 401/401/386 398/398/383
f 402/402/387 400/400/385 401/401/386
f 399/399/384 402/402/387 401/401/386
f 403/403/388 394/394/379 400/400/385
f 400/400/385 402/402/387 403/403/388
f 394/394/379 403/403/388 404/404/389
f 395/395/380 394/394/379 404/404/389
f 404/404/389 405/405/390 395/395/380
f 406/406/391 404/404/389 403/403/388
f 403/403/388 402/402/387 406/406/391
f 404/404/389 406/406/391 407/407/392
f 407/407/392 405/405/390 404/404/389
f 405/405/390 407/407/392 408/408/393
f 399/399/384 409/409/394 402/402/387
f 409/409/394 406/406/391 402/402/387
f 410/410/395 406/406/391 409/409/394
f 409/409/394 399/399/384 410/410/395
f 410/410/395 399/399/384 411/411/396
f 411/411/396 412/412/374 410/410/395
f 406/406/391 410/410/395 413/413/397
f 412/412/374 413/413/397 410/410/395
f 413/413/397 407/407/392 406/406/391
f 414/414/398 413/413/397 412/412/374
f 413/413/397 414/414/398 415/415/399
f 415/415/399 408/408/393 407/407/392
f 407/407/392 413/413/397 415/415/399
f 416/416/400 415/415/399 414/414/398
f 408/408/393 415/415/399 417/417/401
f 415/415/399 416/416/400 417/417/401
f 418/418/402 419/419/403 420/420/404
f 419/419/403 418/418/402 421/421/405
f 422/422/406 419/419/403 421/421/405
f 423/423/407 421/421/405 418/418/402
f 422/422/406 421/421/405 424/424/408
f 425/425/409 422/422/406 424/424/408
f 424/424/408 421/421/405 426/426/410
f 421/421/405 423/423/407 426/426/410
f 423/423/407 427/427/411 426/426/410
f 428/428/412 427/427/411 423/423/407
f 429/429/413 426/426/410 427/427/411
f 424/424/408 426/426/410 429/429/413
f 425/425/409 424/424/408 430/430/414
f 430/430/414 424/424/408 429/429/413
f 430/430/414 429/429/413 431/431/415
f 431/431/415 425/425/409 430/430/414
f 431/431/415 432/432/416 425/425/409
f 427/427/411 433/433/417 429/429/413
f 433/433/417 431/431/415 429/429/413
f 432/432/416 431/431/415 434/434/418
f 431/431/415 433/433/417 434/434/418
f 428/428/412 435/435/419 427/427/411
f 435/435/419 428/428/412 436/436/420
f 437/437/421 427/427/411 435/435/419
f 427/427/411 437/437/421 433/433/417
f 433/433/417 438/438/422 434/434/418
f 438/438/422 433/433/417 437/437/421
f 438/438/422 432/432/416 434/434/418
f 439/439/423 438/438/422 437/437/421
f 435/435/419 439/439/423 437/437/421
f 439/439/423 435/435/419 440/440/424
f 435/435/419 436/436/420 440/440/424
f 441/441/425 440/440/424 436/436/420
f 438/438/422 439/439/423 442/442/426
f 438/438/422 442/442/426 432/432/416
f 440/440/424 441/441/425 443/443/427
f 444/444/428 443/443/427 441/441/425
f 445/445/429 443/443/427 444/444/428
f 443/443/427 445/445/429 446/446/430
f 447/447/431 440/440/424 443/443/427
f 447/447/431 443/443/427 446/446/430
f 440/440/424 447/447/431 439/439/423
f 446/446/430 448/448/406 447/447/431
f 448/448/406 449/449/432 447/447/431
f 439/439/423 449/449/432 442/442/426
f 432/432/416 442/442/426 449/449/432
f 449/449/432 439/439/423 447/447/431
f 449/449/432 448/448/406 450/450/409
f 449/449/432 450/450/409 432/432/416
f 451/451/433 452/452/434 453/453/435
f 452/452/434 451/451/433 454/454/436
f 454/454/436 455/455/437 452/452/434
f 456/456/438 454/454/436 451/451/433
f 455/455/437 454/454/436 457/457/439
f 454/454/436 456/456/438 458/458/440
f 458/458/440 457/457/439 454/454/436
f 459/459/441 458/458/440 456/456/438
f 457/457/439 460/460/442 455/455/437
f 461/461/443 458/458/440 459/459/441
f 462/462/444 461/461/443 459/459/441
f 461/461/443 463/463/445 458/458/440
f 457/457/439 458/458/440 463/463/445
f 460/460/442 457/457/439 464/464/446
f 463/463/445 464/464/446 457/457/439
f 465/465/447 461/461/443 462/462/444
f 465/465/447 466/466/448 461/461/443
f 466/466/448 463/463/445 461/461/443
f 466/466/448 467/467/449 463/463/445
f 464/464/446 463/463/445 467/467/449
f 462/462/444 468/468/450 465/465/447
f 468/468/450 462/462/444 469/469/451
f 468/468/450 470/470/452 465/465/447
f 470/470/452 466/466/448 465/465/447
f 470/470/452 471/471/453 466/466/448
f 471/471/453 467/467/449 466/466/448
f 469/469/451 472/472/454 468/468/450
f 472/472/454 469/469/451 473/473/455
f 474/474/456 470/470/452 468/468/450
f 472/472/454 474/474/456 468/468/450
f 474/474/456 475/475/457 470/470/452
f 475/475/457 471/471/453 470/470/452
f 473/473/455 476/476/458 472/472/454
f 476/476/458 473/473/455 477/477/459
f 478/478/460 476/476/458 477/477/459
f 472/472/454 476/476/458 479/479/461
f 474/474/456 472/472/454 479/479/461
f 479/479/461 476/476/458 480/480/462
f 480/480/462 476/476/458 478/478/460
f 480/480/462 478/478/460 481/481/463
f 479/479/461 480/480/462 481/481/463
f 482/482/464 474/474/456 479/479/461
f 479/479/461 481/481/463 482/482/464
f 483/483/465 475/475/457 474/474/456
f 474/474/456 482/482/464 483/483/465
f 484/484/466 475/475/457 483/483/465
f 484/484/466 483/483/465 482/482/464
f 485/485/467 484/484/466 482/482/464
f 482/482/464 481/481/463 485/485/467
f 481/481/463 478/478/460 486/486/468
f 486/486/468 485/485/467 481/481/463
f 487/487/469 485/485/467 486/486/468
f 487/487/469 486/486/468 478/478/460
f 488/488/470 487/487/469 478/478/460
f 488/488/470 478/478/460 489/489/471
f 489/489/471 490/490/472 488/488/470
f 485/485/467 487/487/469 491/491/473
f 488/488/470 491/491/473 487/487/469
f 491/491/473 488/488/470 492/492/474
f 488/488/470 490/490/472 492/492/474
f 490/490/472 493/493/451 492/492/474
f 491/491/473 494/494/475 485/485/467
f 492/492/474 494/494/475 491/491/473
f 484/484/466 485/485/467 494/494/475
f 494/494/475 492/492/474 495/495/476
f 493/493/451 495/495/476 492/492/474
f 493/493/451 496/496/477 495/495/476
f 496/496/477 493/493/451 497/497/444
f 497/497/444 498/498/478 496/496/477
f 495/495/476 499/499/479 494/494/475
f 494/494/475 499/499/479 484/484/466
f 499/499/479 495/495/476 496/496/477
f 475/475/457 484/484/466 500/500/480
f 500/500/480 471/471/453 475/475/457
f 500/500/480 484/484/466 499/499/479
f 499/499/479 501/501/481 500/500/480
f 501/501/481 467/467/449 471/471/453
f 471/471/453 500/500/480 501/501/481
f 496/496/477 502/502/482 499/499/479
f 501/501/481 499/499/479 502/502/482
f 502/502/482 503/503/483 501/501/481
f 503/503/483 464/464/446 467/467/449
f 467/467/449 501/501/481 503/503/483
f 498/498/478 504/504/484 496/496/477
f 502/502/482 496/496/477 504/504/484
f 498/498/478 505/505/485 504/504/484
f 504/504/484 506/506/486 502/502/482
f 503/503/483 502/502/482 506/506/486
f 506/506/486 507/507/487 503/503/483
f 507/507/487 460/460/442 464/464/446
f 464/464/446 503/503/483 507/507/487
f 460/460/442 507/507/487 508/508/488
f 505/505/485 509/509/489 504/504/484
f 506/506/486 504/504/484 509/509/489
f 510/510/433 509/509/489 505/505/485
f 511/511/490 508/508/488 507/507/487
f 511/511/490 506/506/486 509/509/489
f 507/507/487 506/506/486 511/511/490
f 508/508/488 511/511/490 512/512/491
f 509/509/489 510/510/433 513/513/492
f 509/509/489 513/513/492 511/511/490
f 513/513/492 512/512/491 511/511/490
f 510/510/433 514/514/435 513/513/492
f 515/515/493 513/513/492 514/514/435
f 512/512/491 513/513/492 515/515/493
f 516/516/494 517/517/495 518/518/496
f 516/516/494 518/518/496 519/519/497
f 519/519/497 520/520/498 516/516/494
f 519/519/497 518/518/496 521/521/499
f 520/520/498 519/519/497 522/522/500
f 522/522/500 523/523/501 520/520/498
f 524/524/502 522/522/500 519/519/497
f 519/519/497 521/521/499 524/524/502
f 524/524/502 521/521/499 525/525/503
f 523/523/501 522/522/500 526/526/504
f 526/526/504 527/527/505 523/523/501
f 526/526/504 522/522/500 528/528/506
f 522/522/500 524/524/502 528/528/506
f 529/529/507 528/528/506 524/524/502
f 524/524/502 525/525/503 529/529/507
f 527/527/505 526/526/504 530/530/508
f 526/526/504 528/528/506 531/531/509
f 530/530/508 526/526/504 531/531/509
f 531/531/509 528/528/506 532/532/510
f 528/528/506 529/529/507 532/532/510
f 533/533/511 527/527/505 530/530/508
f 527/527/505 533/533/511 534/534/512
f 533/533/511 530/530/508 535/535/513
f 530/530/508 531/531/509 535/535/513
f 536/536/514 534/534/512 533/533/511
f 534/534/512 536/536/514 537/537/515
f 536/536/514 533/533/511 538/538/516
f 535/535/513 538/538/516 533/533/511
f 531/531/509 532/532/510 539/539/517
f 535/535/513 531/531/509 539/539/517
f 540/540/518 537/537/515 536/536/514
f 537/537/515 540/540/518 541/541/519
f 540/540/518 542/542/520 541/541/519
f 538/538/516 543/543/521 536/536/514
f 540/540/518 536/536/514 543/543/521
f 543/543/521 544/544/522 540/540/518
f 544/544/522 542/542/520 540/540/518
f 544/544/522 543/543/521 545/545/523
f 544/544/522 545/545/523 542/542/520
f 546/546/524 545/545/523 543/543/521
f 538/538/516 546/546/524 543/543/521
f 535/535/513 539/539/517 547/547/525
f 547/547/525 538/538/516 535/535/513
f 538/538/516 547/547/525 548/548/526
f 546/546/524 538/538/516 548/548/526
f 549/549/527 546/546/524 548/548/526
f 547/547/525 549/549/527 548/548/526
f 546/546/524 549/549/527 550/550/528
f 550/550/528 545/545/523 546/546/524
f 549/549/527 547/547/525 551/551/529
f 539/539/517 551/551/529 547/547/525
f 551/551/529 539/539/517 552/552/530
f 532/532/510 552/552/530 539/539/517
f 552/552/530 553/553/531 551/551/529
f 553/553/531 549/549/527 551/551/529
f 532/532/510 529/529/507 554/554/532
f 552/552/530 532/532/510 554/554/532
f 554/554/532 555/555/533 552/552/530
f 553/553/531 552/552/530 555/555/533
f 556/556/534 554/554/532 529/529/507
f 525/525/503 556/556/534 529/529/507
f 556/556/534 525/525/503 557/557/535
f 555/555/533 554/554/532 558/558/536
f 554/554/532 556/556/534 558/558/536
f 558/558/536 556/556/534 559/559/537
f 557/557/535 559/559/537 556/556/534
f 559/559/537 557/557/535 560/560/538
f 558/558/536 561/561/539 555/555/533
f 560/560/538 562/562/540 559/559/537
f 562/562/540 560/560/538 563/563/541
f 564/564/495 562/562/540 563/563/541
f 562/562/540 564/564/495 565/565/494
f 562/562/540 566/566/542 559/559/537
f 565/565/494 566/566/542 562/562/540
f 561/561/539 558/558/536 566/566/542
f 558/558/536 559/559/537 566/566/542
f 566/566/542 565/565/494 567/567/543
f 567/567/543 561/561/539 566/566/542
f 561/561/539 567/567/543 568/568/544
f 569/569/545 555/555/533 561/561/539
f 555/555/533 569/569/545 553/553/531
f 568/568/544 569/569/545 561/561/539
f 569/569/545 568/568/544 570/570/505
f 571/571/512 569/569/545 570/570/505
f 569/569/545 571/571/512 572/572/546
f 572/572/546 553/553/531 569/569/545
f 553/553/531 572/572/546 573/573/547
f 549/549/527 553/553/531 573/573/547
f 573/573/547 550/550/528 549/549/527
f 574/574/548 573/573/547 572/572/546
f 571/571/512 574/574/548 572/572/546
f 574/574/548 571/571/512 575/575/515
f 576/576/549 574/574/548 575/575/515
f 576/576/549 577/577/519 542/542/520
f 575/575/515 577/577/519 576/576/549
f 550/550/528 573/573/547 578/578/550
f 576/576/549 578/578/550 574/574/548
f 573/573/547 574/574/548 578/578/550
f 576/576/549 542/542/520 579/579/551
f 579/579/551 550/550/528 578/578/550
f 578/578/550 576/576/549 579/579/551
f 579/579/551 542/542/520 580/580/552
f 550/550/528 579/579/551 580/580/552
f 542/542/520 545/545/523 580/580/552
f 550/550/528 580/580/552 545/545/523
f 581/581/553 582/582/554 583/583/555
f 581/581/553 583/583/555 584/584/556
f 584/584/556 585/585/557 581/581/553
f 584/584/556 583/583/555 586/586/558
f 585/585/557 584/584/556 587/587/559
f 587/587/559 588/588/560 585/585/557
f 587/587/559 584/584/556 589/589/561
f 586/586/558 589/589/561 584/584/556
f 590/590/562 589/589/561 586/586/558
f 588/588/560 587/587/559 591/591/563
f 591/591/563 592/592/564 588/588/560
f 593/593/565 591/591/563 587/587/559
f 589/589/561 593/593/565 587/587/559
f 589/589/561 590/590/562 594/594/566
f 595/595/567 594/594/566 590/590/562
f 596/596/568 589/589/561 594/594/566
f 589/589/561 596/596/568 593/593/565
f 593/593/565 597/597/569 591/591/563
f 598/598/570 591/591/563 597/597/569
f 592/592/564 591/591/563 598/598/570
f 599/599/571 592/592/564 598/598/570
f 600/600/572 593/593/565 596/596/568
f 593/593/565 600/600/572 597/597/569
f 601/601/573 597/597/569 600/600/572
f 597/597/569 601/601/573 598/598/570
f 598/598/570 601/601/573 602/602/574
f 598/598/570 602/602/574 599/599/571
f 603/603/575 599/599/571 602/602/574
f 599/599/571 603/603/575 604/604/576
f 602/602/574 605/605/577 603/603/575
f 605/605/577 604/604/576 603/603/575
f 604/604/576 605/605/577 606/606/578
f 605/605/577 607/607/579 606/606/578
f 601/601/573 608/608/580 602/602/574
f 607/607/579 605/605/577 609/609/581
f 602/602/574 608/608/580 610/610/582
f 605/605/577 602/602/574 610/610/582
f 611/611/583 605/605/577 610/610/582
f 605/605/577 611/611/583 609/609/581
f 611/611/583 612/612/584 609/609/581
f 612/612/584 607/607/579 609/609/581
f 607/607/579 612/612/584 613/613/585
f 612/612/584 614/614/586 613/613/585
f 614/614/586 612/612/584 615/615/587
f 616/616/588 614/614/586 615/615/587
f 615/615/587 617/617/589 616/616/588
f 612/612/584 617/617/589 615/615/587
f 612/612/584 611/611/583 618/618/590
f 617/617/589 612/612/584 618/618/590
f 619/619/591 616/616/588 617/617/589
f 616/616/588 619/619/591 620/620/592
f 618/618/590 621/621/593 617/617/589
f 622/622/594 620/620/592 619/619/591
f 620/620/592 622/622/594 623/623/595
f 617/617/589 624/624/596 619/619/591
f 624/624/596 617/617/589 621/621/593
f 625/625/597 619/619/591 624/624/596
f 619/619/591 625/625/597 622/622/594
f 626/626/598 623/623/595 622/622/594
f 627/627/599 623/623/595 626/626/598
f 622/622/594 628/628/600 626/626/598
f 628/628/600 622/622/594 625/625/597
f 624/624/596 629/629/601 625/625/597
f 629/629/601 628/628/600 625/625/597
f 630/630/602 627/627/599 626/626/598
f 627/627/599 630/630/602 631/631/603
f 632/632/604 631/631/603 630/630/602
f 631/631/603 632/632/604 633/633/605
f 632/632/604 630/630/602 634/634/606
f 630/630/602 626/626/598 635/635/607
f 630/630/602 635/635/607 634/634/606
f 628/628/600 635/635/607 626/626/598
f 635/635/607 636/636/608 634/634/606
f 628/628/600 629/629/601 637/637/609
f 637/637/609 635/635/607 628/628/600
f 635/635/607 637/637/609 638/638/610
f 636/636/608 635/635/607 638/638/610
f 638/638/610 639/639/611 636/636/608
f 637/637/609 640/640/612 638/638/610
f 640/640/612 637/637/609 629/629/601
f 640/640/612 641/641/613 638/638/610
f 639/639/611 638/638/610 641/641/613
f 641/641/613 642/642/614 639/639/611
f 629/629/601 643/643/615 640/640/612
f 642/642/614 641/641/613 644/644/616
f 644/644/616 645/645/617 642/642/614
f 646/646/618 643/643/615 629/629/601
f 629/629/601 624/624/596 646/646/618
f 621/621/593 646/646/618 624/624/596
f 645/645/617 644/644/616 647/647/619
f 646/646/618 621/621/593 648/648/620
f 649/649/621 645/645/617 647/647/619
f 645/645/617 649/649/621 650/650/622
f 641/641/613 651/651/623 644/644/616
f 651/651/623 647/647/619 644/644/616
f 647/647/619 651/651/623 652/652/624
f 647/647/619 652/652/624 649/649/621
f 649/649/621 653/653/625 650/650/622
f 650/650/622 653/653/625 654/654/626
f 655/655/627 654/654/626 653/653/625
f 656/656/628 653/653/625 649/649/621
f 652/652/624 656/656/628 649/649/621
f 657/657/629 656/656/628 652/652/624
f 651/651/623 657/657/629 652/652/624
f 658/658/630 641/641/613 640/640/612
f 658/658/630 651/651/623 641/641/613
f 657/657/629 651/651/623 659/659/631
f 660/660/632 640/640/612 643/643/615
f 640/640/612 660/660/632 658/658/630
f 660/660/632 661/661/633 658/658/630
f 661/661/633 659/659/631 651/651/623
f 658/658/630 661/661/633 651/651/623
f 662/662/634 660/660/632 643/643/615
f 646/646/618 662/662/634 643/643/615
f 662/662/634 646/646/618 648/648/620
f 660/660/632 662/662/634 663/663/635
f 664/664/636 663/663/635 662/662/634
f 662/662/634 648/648/620 664/664/636
f 661/661/633 660/660/632 665/665/637
f 663/663/635 665/665/637 660/660/632
f 664/664/636 666/666/638 663/663/635
f 666/666/638 665/665/637 663/663/635
f 667/667/639 664/664/636 648/648/620
f 665/665/637 668/668/640 661/661/633
f 664/664/636 669/669/641 666/666/638
f 667/667/639 669/669/641 664/664/636
f 665/665/637 666/666/638 670/670/642
f 668/668/640 665/665/637 670/670/642
f 671/671/643 661/661/633 668/668/640
f 661/661/633 671/671/643 659/659/631
f 666/666/638 672/672/644 670/670/642
f 672/672/644 668/668/640 670/670/642
f 668/668/640 672/672/644 673/673/645
f 673/673/645 671/671/643 668/668/640
f 674/674/646 659/659/631 671/671/643
f 672/672/644 666/666/638 675/675/647
f 657/657/629 659/659/631 676/676/648
f 659/659/631 674/674/646 676/676/648
f 671/671/643 673/673/645 677/677/649
f 677/677/649 674/674/646 671/671/643
f 676/676/648 678/678/650 657/657/629
f 656/656/628 657/657/629 678/678/650
f 678/678/650 676/676/648 679/679/651
f 679/679/651 680/680/652 678/678/650
f 678/678/650 680/680/652 656/656/628
f 653/653/625 656/656/628 681/681/653
f 656/656/628 680/680/652 681/681/653
f 682/682/654 653/653/625 681/681/653
f 680/680/652 682/682/654 681/681/653
f 653/653/625 682/682/654 655/655/627
f 683/683/655 655/655/627 682/682/654
f 655/655/627 683/683/655 684/684/656
f 683/683/655 685/685/657 684/684/656
f 685/685/657 683/683/655 686/686/658
f 682/682/654 680/680/652 686/686/658
f 683/683/655 682/682/654 686/686/658
f 687/687/659 685/685/657 686/686/658
f 686/686/658 680/680/652 687/687/659
f 680/680/652 679/679/651 687/687/659
f 688/688/660 685/685/657 687/687/659
f 689/689/661 687/687/659 679/679/651
f 687/687/659 689/689/661 688/688/660
f 690/690/662 689/689/661 679/679/651
f 676/676/648 690/690/662 679/679/651
f 690/690/662 676/676/648 674/674/646
f 689/689/661 690/690/662 691/691/663
f 690/690/662 692/692/664 691/691/663
f 674/674/646 677/677/649 693/693/665
f 693/693/665 690/690/662 674/674/646
f 692/692/664 690/690/662 694/694/666
f 690/690/662 693/693/665 694/694/666
f 695/695/667 692/692/664 694/694/666
f 692/692/664 695/695/667 696/696/668
f 697/697/669 696/696/668 695/695/667
f 693/693/665 698/698/670 694/694/666
f 695/695/667 699/699/671 697/697/669
f 695/695/667 694/694/666 700/700/672
f 699/699/671 695/695/667 700/700/672
f 698/698/670 700/700/672 694/694/666
f 701/701/673 697/697/669 699/699/671
f 697/697/669 701/701/673 702/702/674
f 701/701/673 703/703/675 702/702/674
f 703/703/675 701/701/673 704/704/676
f 700/700/672 704/704/676 699/699/671
f 704/704/676 701/701/673 699/699/671
f 705/705/677 703/703/675 704/704/676
f 706/706/678 703/703/675 705/705/677
f 705/705/677 707/707/679 706/706/678
f 704/704/676 708/708/680 705/705/677
f 704/704/676 700/700/672 708/708/680
f 709/709/681 705/705/677 708/708/680
f 709/709/681 700/700/672 698/698/670
f 700/700/672 709/709/681 708/708/680
f 707/707/679 705/705/677 710/710/682
f 710/710/682 705/705/677 709/709/681
f 711/711/683 707/707/679 710/710/682
f 698/698/670 693/693/665 712/712/684
f 677/677/649 712/712/684 693/693/665
f 712/712/684 709/709/681 698/698/670
f 709/709/681 712/712/684 713/713/685
f 709/709/681 713/713/685 710/710/682
f 711/711/683 710/710/682 714/714/686
f 714/714/686 710/710/682 713/713/685
f 712/712/684 715/715/687 713/713/685
f 715/715/687 714/714/686 713/713/685
f 673/673/645 715/715/687 677/677/649
f 715/715/687 712/712/684 677/677/649
f 716/716/688 711/711/683 714/714/686
f 714/714/686 715/715/687 716/716/688
f 711/711/683 716/716/688 717/717/689
f 718/718/690 716/716/688 715/715/687
f 717/717/689 718/718/690 595/595/567
f 594/594/566 595/595/567 718/718/690
f 718/718/690 717/717/689 716/716/688
f 715/715/687 673/673/645 719/719/691
f 719/719/691 718/718/690 715/715/687
f 720/720/692 718/718/690 719/719/691
f 720/720/692 596/596/568 594/594/566
f 596/596/568 720/720/692 600/600/572
f 718/718/690 720/720/692 594/594/566
f 721/721/693 719/719/691 673/673/645
f 721/721/693 720/720/692 719/719/691
f 672/672/644 721/721/693 673/673/645
f 675/675/647 721/721/693 672/672/644
f 720/720/692 721/721/693 722/722/694
f 722/722/694 600/600/572 720/720/692
f 600/600/572 722/722/694 723/723/695
f 600/600/572 723/723/695 601/601/573
f 601/601/573 723/723/695 608/608/580
f 723/723/695 722/722/694 724/724/696
f 721/721/693 724/724/696 722/722/694
f 724/724/696 721/721/693 675/675/647
f 675/675/647 725/725/697 724/724/696
f 666/666/638 725/725/697 675/675/647
f 725/725/697 666/666/638 669/669/641
f 725/725/697 726/726/698 724/724/696
f 723/723/695 726/726/698 608/608/580
f 723/723/695 724/724/696 726/726/698
f 608/608/580 727/727/699 610/610/582
f 727/727/699 611/611/583 610/610/582
f 608/608/580 726/726/698 727/727/699
f 726/726/698 728/728/700 727/727/699
f 669/669/641 728/728/700 725/725/697
f 726/726/698 725/725/697 728/728/700
f 728/728/700 669/669/641 729/729/701
f 667/667/639 729/729/701 669/669/641
f 730/730/702 728/728/700 729/729/701
f 727/727/699 730/730/702 611/611/583
f 667/667/639 730/730/702 729/729/701
f 728/728/700 730/730/702 727/727/699
f 731/731/703 611/611/583 730/730/702
f 730/730/702 667/667/639 731/731/703
f 611/611/583 731/731/703 618/618/590
f 648/648/620 731/731/703 667/667/639
f 621/621/593 618/618/590 731/731/703
f 731/731/703 648/648/620 621/621/593
f 732/732/704 733/733/705 734/734/706
f 733/733/705 732/732/704 735/735/707
f 735/735/707 736/736/708 733/733/705
f 737/737/709 735/735/707 732/732/704
f 738/738/710 737/737/709 732/732/704
f 737/737/709 739/739/711 735/735/707
f 736/736/708 735/735/707 739/739/711
f 740/740/712 736/736/708 739/739/711
f 741/741/713 737/737/709 738/738/710
f 742/742/714 741/741/713 738/738/710
f 740/740/712 739/739/711 743/743/715
f 741/741/713 742/742/714 744/744/716
f 742/742/714 745/745/717 744/744/716
f 746/746/718 744/744/716 745/745/717
f 744/744/716 747/747/719 741/741/713
f 747/747/719 737/737/709 741/741/713
f 739/739/711 737/737/709 748/748/720
f 748/748/720 737/737/709 747/747/719
f 743/743/715 739/739/711 748/748/720
f 744/744/716 746/746/718 749/749/721
f 743/743/715 748/748/720 750/750/722
f 747/747/719 744/744/716 751/751/723
f 749/749/721 751/751/723 744/744/716
f 743/743/715 752/752/724 740/740/712
f 750/750/722 752/752/724 743/743/715
f 740/740/712 752/752/724 753/753/725
f 752/752/724 754/754/726 753/753/725
f 755/755/727 748/748/720 747/747/719
f 748/748/720 755/755/727 750/750/722
f 755/755/727 756/756/728 750/750/722
f 752/752/724 750/750/722 756/756/728
f 754/754/726 752/752/724 757/757/729
f 756/756/728 757/757/729 752/752/724
f 757/757/729 758/758/730 754/754/726
f 759/759/731 747/747/719 751/751/723
f 747/747/719 759/759/731 755/755/727
f 758/758/730 757/757/729 760/760/732
f 760/760/732 761/761/733 758/758/730
f 757/757/729 756/756/728 762/762/734
f 762/762/734 760/760/732 757/757/729
f 761/761/733 760/760/732 763/763/735
f 764/764/736 761/761/733 763/763/735
f 765/765/737 763/763/735 760/760/732
f 760/760/732 762/762/734 765/765/737
f 756/756/728 766/766/738 762/762/734
f 766/766/738 765/765/737 762/762/734
f 763/763/735 767/767/739 764/764/736
f 767/767/739 768/768/740 764/764/736
f 763/763/735 769/769/741 767/767/739
f 763/763/735 765/765/737 769/769/741
f 768/768/740 767/767/739 770/770/742
f 770/770/742 771/771/743 768/768/740
f 769/769/741 772/772/744 767/767/739
f 771/771/743 770/770/742 773/773/745
f 773/773/745 774/774/746 771/771/743
f 775/775/747 767/767/739 772/772/744
f 767/767/739 775/775/747 770/770/742
f 776/776/748 770/770/742 775/775/747
f 770/770/742 776/776/748 773/773/745
f 774/774/746 773/773/745 777/777/749
f 777/777/749 773/773/745 776/776/748
f 777/777/749 778/778/750 774/774/746
f 778/778/750 777/777/749 779/779/751
f 779/779/751 780/780/752 778/778/750
f 777/777/749 776/776/748 781/781/753
f 781/781/753 779/779/751 777/777/749
f 779/779/751 781/781/753 782/782/754
f 779/779/751 782/782/754 780/780/752
f 783/783/755 782/782/754 781/781/753
f 776/776/748 783/783/755 781/781/753
f 782/782/754 783/783/755 784/784/756
f 780/780/752 782/782/754 784/784/756
f 784/784/756 783/783/755 785/785/757
f 785/785/757 780/780/752 784/784/756
f 783/783/755 776/776/748 786/786/758
f 775/775/747 786/786/758 776/776/748
f 786/786/758 787/787/759 783/783/755
f 785/785/757 783/783/755 787/787/759
f 787/787/759 788/788/760 785/785/757
f 788/788/760 780/780/752 785/785/757
f 789/789/761 780/780/752 788/788/760
f 789/789/761 790/790/750 780/780/752
f 788/788/760 791/791/762 789/789/761
f 788/788/760 787/787/759 791/791/762
f 792/792/763 789/789/761 791/791/762
f 792/792/763 790/790/750 789/789/761
f 790/790/750 792/792/763 793/793/764
f 794/794/765 791/791/762 787/787/759
f 787/787/759 786/786/758 794/794/765
f 791/791/762 794/794/765 795/795/766
f 795/795/766 792/792/763 791/791/762
f 792/792/763 795/795/766 796/796/767
f 792/792/763 796/796/767 793/793/764
f 797/797/743 793/793/764 796/796/767
f 796/796/767 798/798/768 797/797/743
f 795/795/766 798/798/768 796/796/767
f 799/799/769 797/797/743 798/798/768
f 794/794/765 800/800/770 795/795/766
f 801/801/771 799/799/769 798/798/768
f 799/799/769 801/801/771 802/802/772
f 801/801/771 798/798/768 803/803/773
f 803/803/773 795/795/766 800/800/770
f 798/798/768 795/795/766 803/803/773
f 804/804/774 802/802/772 801/801/771
f 786/786/758 805/805/775 794/794/765
f 786/786/758 775/775/747 805/805/775
f 800/800/770 794/794/765 805/805/775
f 806/806/776 800/800/770 805/805/775
f 806/806/776 775/775/747 772/772/744
f 775/775/747 806/806/776 805/805/775
f 807/807/777 803/803/773 800/800/770
f 800/800/770 806/806/776 807/807/777
f 772/772/744 769/769/741 808/808/778
f 772/772/744 808/808/778 806/806/776
f 809/809/779 806/806/776 808/808/778
f 806/806/776 809/809/779 807/807/777
f 803/803/773 807/807/777 810/810/780
f 809/809/779 810/810/780 807/807/777
f 801/801/771 803/803/773 810/810/780
f 811/811/781 809/809/779 808/808/778
f 812/812/782 804/804/774 801/801/771
f 810/810/780 812/812/782 801/801/771
f 813/813/783 804/804/774 812/812/782
f 804/804/774 813/813/783 814/814/730
f 813/813/783 815/815/784 814/814/730
f 816/816/785 812/812/782 810/810/780
f 812/812/782 816/816/785 813/813/783
f 816/816/785 817/817/786 813/813/783
f 815/815/784 813/813/783 817/817/786
f 817/817/786 818/818/725 815/815/784
f 810/810/780 819/819/787 816/816/785
f 818/818/725 817/817/786 820/820/788
f 810/810/780 809/809/779 821/821/789
f 819/819/787 810/810/780 821/821/789
f 817/817/786 822/822/790 820/820/788
f 817/817/786 816/816/785 822/822/790
f 816/816/785 823/823/791 822/822/790
f 823/823/791 816/816/785 819/819/787
f 824/824/792 818/818/725 820/820/788
f 818/818/725 824/824/792 825/825/712
f 826/826/793 824/824/792 820/820/788
f 822/822/790 826/826/793 820/820/788
f 827/827/794 825/825/712 824/824/792
f 825/825/712 827/827/794 828/828/708
f 827/827/794 829/829/705 828/828/708
f 824/824/792 826/826/793 830/830/795
f 829/829/705 827/827/794 831/831/796
f 831/831/796 832/832/706 829/829/705
f 832/832/706 831/831/796 833/833/797
f 834/834/798 831/831/796 827/827/794
f 834/834/798 824/824/792 830/830/795
f 827/827/794 824/824/792 834/834/798
f 835/835/799 833/833/797 831/831/796
f 831/831/796 834/834/798 835/835/799
f 833/833/797 835/835/799 836/836/800
f 837/837/801 835/835/799 834/834/798
f 830/830/795 837/837/801 834/834/798
f 838/838/802 836/836/800 835/835/799
f 835/835/799 837/837/801 838/838/802
f 838/838/802 749/749/721 746/746/718
f 749/749/721 838/838/802 837/837/801
f 836/836/800 838/838/802 839/839/803
f 839/839/803 838/838/802 746/746/718
f 751/751/723 749/749/721 840/840/804
f 749/749/721 837/837/801 840/840/804
f 837/837/801 830/830/795 841/841/805
f 841/841/805 840/840/804 837/837/801
f 830/830/795 826/826/793 841/841/805
f 840/840/804 841/841/805 842/842/806
f 751/751/723 842/842/806 759/759/731
f 842/842/806 751/751/723 840/840/804
f 841/841/805 843/843/807 842/842/806
f 822/822/790 843/843/807 826/826/793
f 843/843/807 841/841/805 826/826/793
f 842/842/806 844/844/808 759/759/731
f 844/844/808 755/755/727 759/759/731
f 844/844/808 842/842/806 845/845/809
f 845/845/809 842/842/806 843/843/807
f 846/846/810 845/845/809 843/843/807
f 846/846/810 822/822/790 823/823/791
f 822/822/790 846/846/810 843/843/807
f 847/847/811 844/844/808 845/845/809
f 845/845/809 846/846/810 847/847/811
f 756/756/728 755/755/727 848/848/812
f 766/766/738 756/756/728 848/848/812
f 755/755/727 844/844/808 848/848/812
f 844/844/808 847/847/811 849/849/813
f 849/849/813 848/848/812 844/844/808
f 850/850/814 766/766/738 848/848/812
f 848/848/812 849/849/813 850/850/814
f 851/851/815 850/850/814 849/849/813
f 847/847/811 851/851/815 849/849/813
f 851/851/815 847/847/811 852/852/816
f 852/852/816 853/853/817 851/851/815
f 853/853/817 850/850/814 851/851/815
f 766/766/738 850/850/814 854/854/818
f 850/850/814 853/853/817 854/854/818
f 855/855/819 847/847/811 846/846/810
f 847/847/811 855/855/819 852/852/816
f 856/856/820 852/852/816 855/855/819
f 853/853/817 856/856/820 855/855/819
f 853/853/817 852/852/816 856/856/820
f 855/855/819 846/846/810 857/857/821
f 855/855/819 857/857/821 853/853/817
f 857/857/821 846/846/810 823/823/791
f 854/854/818 853/853/817 857/857/821
f 854/854/818 857/857/821 858/858/822
f 858/858/822 823/823/791 819/819/787
f 823/823/791 858/858/822 857/857/821
f 858/858/822 859/859/823 854/854/818
f 819/819/787 860/860/824 858/858/822
f 859/859/823 858/858/822 860/860/824
f 821/821/789 860/860/824 819/819/787
f 854/854/818 861/861/825 766/766/738
f 765/765/737 766/766/738 861/861/825
f 769/769/741 765/765/737 861/861/825
f 861/861/825 854/854/818 859/859/823
f 859/859/823 862/862/826 861/861/825
f 860/860/824 862/862/826 859/859/823
f 863/863/827 769/769/741 861/861/825
f 863/863/827 861/861/825 862/862/826
f 808/808/778 769/769/741 863/863/827
f 863/863/827 811/811/781 808/808/778
f 864/864/828 860/860/824 821/821/789
f 862/862/826 860/860/824 864/864/828
f 864/864/828 865/865/829 862/862/826
f 865/865/829 863/863/827 862/862/826
f 866/866/830 811/811/781 863/863/827
f 863/863/827 865/865/829 866/866/830
f 809/809/779 867/867/831 821/821/789
f 821/821/789 867/867/831 864/864/828
f 868/868/832 864/864/828 867/867/831
f 865/865/829 864/864/828 868/868/832
f 867/867/831 809/809/779 869/869/833
f 809/809/779 811/811/781 869/869/833
f 867/867/831 870/870/834 868/868/832
f 870/870/834 867/867/831 869/869/833
f 871/871/835 868/868/832 870/870/834
f 868/868/832 871/871/835 865/865/829
f 872/872/836 866/866/830 865/865/829
f 872/872/836 865/865/829 871/871/835
f 870/870/834 873/873/837 871/871/835
f 873/873/837 872/872/836 871/871/835
f 870/870/834 869/869/833 874/874/838
f 872/872/836 873/873/837 875/875/839
f 870/870/834 876/876/840 873/873/837
f 876/876/840 870/870/834 874/874/838
f 877/877/841 874/874/838 869/869/833
f 874/874/838 877/877/841 876/876/840
f 869/869/833 811/811/781 877/877/841
f 811/811/781 866/866/830 877/877/841
f 876/876/840 877/877/841 878/878/842
f 873/873/837 878/878/842 875/875/839
f 878/878/842 873/873/837 876/876/840
f 877/877/841 866/866/830 879/879/843
f 877/877/841 879/879/843 878/878/842
f 875/875/839 878/878/842 879/879/843
f 866/866/830 872/872/836 879/879/843
f 879/879/843 872/872/836 875/875/839
f 880/880/844 881/881/845 882/882/846
f 881/881/845 880/880/844 883/883/847
f 884/884/848 883/883/847 880/880/844
f 885/885/849 881/881/845 883/883/847
f 881/881/845 885/885/849 886/886/850
f 883/883/847 884/884/848 887/887/851
f 887/887/851 885/885/849 883/883/847
f 884/884/848 888/888/852 887/887/851
f 886/886/850 885/885/849 889/889/853
f 886/886/850 889/889/853 890/890/854
f 885/885/849 887/887/851 891/891/855
f 890/890/854 889/889/853 892/892/856
f 892/892/856 893/893/857 890/890/854
f 894/894/858 892/892/856 889/889/853
f 891/891/855 894/894/858 885/885/849
f 894/894/858 889/889/853 885/885/849
f 892/892/856 895/895/859 893/893/857
f 887/887/851 896/896/860 891/891/855
f 887/887/851 888/888/852 896/896/860
f 895/895/859 892/892/856 897/897/861
f 888/888/852 898/898/862 896/896/860
f 888/888/852 899/899/863 898/898/862
f 900/900/864 898/898/862 899/899/863
f 891/891/855 896/896/860 901/901/865
f 898/898/862 901/901/865 896/896/860
f 898/898/862 900/900/864 902/902/866
f 902/902/866 900/900/864 903/903/867
f 904/904/868 898/898/862 902/902/866
f 901/901/865 898/898/862 904/904/868
f 905/905/869 891/891/855 901/901/865
f 904/904/868 905/905/869 901/901/865
f 891/891/855 905/905/869 894/894/858
f 903/903/867 906/906/870 902/902/866
f 907/907/871 906/906/870 903/903/867
f 906/906/870 908/908/872 902/902/866
f 902/902/866 908/908/872 904/904/868
f 906/906/870 907/907/871 909/909/873
f 910/910/874 909/909/873 907/907/871
f 908/908/872 906/906/870 911/911/875
f 909/909/873 911/911/875 906/906/870
f 911/911/875 912/912/876 908/908/872
f 912/912/876 904/904/868 908/908/872
f 909/909/873 910/910/874 913/913/877
f 914/914/878 913/913/877 910/910/874
f 913/913/877 915/915/879 909/909/873
f 911/911/875 909/909/873 915/915/879
f 913/913/877 914/914/878 916/916/880
f 917/917/881 916/916/880 914/914/878
f 915/915/879 913/913/877 918/918/882
f 916/916/880 917/917/881 919/919/883
f 920/920/884 919/919/883 917/917/881
f 913/913/877 921/921/885 918/918/882
f 921/921/885 913/913/877 916/916/880
f 919/919/883 920/920/884 922/922/886
f 920/920/884 923/923/887 922/922/886
f 922/922/886 924/924/888 919/919/883
f 916/916/880 924/924/888 921/921/885
f 916/916/880 919/919/883 924/924/888
f 925/925/889 922/922/886 923/923/887
f 926/926/890 925/925/889 923/923/887
f 925/925/889 927/927/891 922/922/886
f 924/924/888 922/922/886 927/927/891
f 928/928/892 925/925/889 926/926/890
f 928/928/892 927/927/891 925/925/889
f 928/928/892 929/929/893 927/927/891
f 929/929/893 924/924/888 927/927/891
f 929/929/893 928/928/892 930/930/894
f 928/928/892 926/926/890 930/930/894
f 926/926/890 931/931/895 930/930/894
f 931/931/895 929/929/893 930/930/894
f 921/921/885 924/924/888 932/932/896
f 924/924/888 929/929/893 932/932/896
f 933/933/897 932/932/896 929/929/893
f 929/929/893 931/931/895 933/933/897
f 934/934/898 933/933/897 931/931/895
f 926/926/890 934/934/898 931/931/895
f 926/926/890 935/935/899 934/934/898
f 936/936/900 935/935/899 926/926/890
f 935/935/899 937/937/901 934/934/898
f 934/934/898 937/937/901 933/933/897
f 937/937/901 935/935/899 938/938/902
f 936/936/900 938/938/902 935/935/899
f 938/938/902 936/936/900 939/939/903
f 937/937/901 940/940/904 933/933/897
f 932/932/896 933/933/897 940/940/904
f 940/940/904 937/937/901 941/941/905
f 938/938/902 941/941/905 937/937/901
f 941/941/905 938/938/902 942/942/906
f 939/939/903 942/942/906 938/938/902
f 942/942/906 939/939/903 943/943/907
f 940/940/904 944/944/908 932/932/896
f 932/932/896 944/944/908 921/921/885
f 945/945/909 941/941/905 942/942/906
f 943/943/907 945/945/909 942/942/906
f 945/945/909 943/943/907 946/946/910
f 944/944/908 940/940/904 947/947/911
f 941/941/905 947/947/911 940/940/904
f 941/941/905 945/945/909 948/948/912
f 947/947/911 941/941/905 948/948/912
f 945/945/909 949/949/913 948/948/912
f 946/946/910 949/949/913 945/945/909
f 949/949/913 946/946/910 950/950/914
f 951/951/915 949/949/913 950/950/914
f 948/948/912 952/952/916 947/947/911
f 949/949/913 951/951/915 953/953/917
f 954/954/918 948/948/912 949/949/913
f 954/954/918 949/949/913 953/953/917
f 952/952/916 948/948/912 954/954/918
f 951/951/915 955/955/919 953/953/917
f 955/955/919 951/951/915 956/956/867
f 957/957/864 955/955/919 956/956/867
f 958/958/920 953/953/917 955/955/919
f 953/953/917 958/958/920 954/954/918
f 959/959/921 958/958/920 955/955/919
f 955/955/919 957/957/864 959/959/921
f 960/960/863 959/959/921 957/957/864
f 959/959/921 960/960/863 961/961/922
f 961/961/922 962/962/923 959/959/921
f 958/958/920 959/959/921 962/962/923
f 960/960/863 963/963/924 961/961/922
f 963/963/924 960/960/863 964/964/852
f 961/961/922 963/963/924 965/965/925
f 965/965/925 962/962/923 961/961/922
f 964/964/852 966/966/926 963/963/924
f 966/966/926 964/964/852 967/967/848
f 968/968/844 966/966/926 967/967/848
f 966/966/926 968/968/844 969/969/927
f 970/970/846 969/969/927 968/968/844
f 969/969/927 970/970/846 971/971/928
f 969/969/927 972/972/929 966/966/926
f 963/963/924 966/966/926 972/972/929
f 971/971/928 973/973/930 969/969/927
f 972/972/929 969/969/927 973/973/930
f 973/973/930 971/971/928 974/974/931
f 963/963/924 975/975/932 965/965/925
f 963/963/924 972/972/929 975/975/932
f 976/976/933 975/975/932 972/972/929
f 973/973/930 976/976/933 972/972/929
f 974/974/931 977/977/934 973/973/930
f 976/976/933 973/973/930 977/977/934
f 897/897/861 976/976/933 977/977/934
f 977/977/934 895/895/859 897/897/861
f 977/977/934 974/974/931 978/978/935
f 895/895/859 977/977/934 978/978/935
f 965/965/925 975/975/932 979/979/936
f 975/975/932 976/976/933 979/979/936
f 976/976/933 897/897/861 980/980/937
f 980/980/937 979/979/936 976/976/933
f 981/981/938 897/897/861 892/892/856
f 892/892/856 894/894/858 981/981/938
f 897/897/861 981/981/938 980/980/937
f 981/981/938 982/982/939 980/980/937
f 979/979/936 980/980/937 982/982/939
f 983/983/940 965/965/925 979/979/936
f 983/983/940 979/979/936 982/982/939
f 962/962/923 965/965/925 983/983/940
f 982/982/939 981/981/938 984/984/941
f 905/905/869 984/984/941 894/894/858
f 894/894/858 984/984/941 981/981/938
f 905/905/869 985/985/942 984/984/941
f 985/985/942 982/982/939 984/984/941
f 983/983/940 982/982/939 986/986/943
f 982/982/939 985/985/942 986/986/943
f 986/986/943 987/987/944 983/983/940
f 987/987/944 962/962/923 983/983/940
f 905/905/869 904/904/868 988/988/945
f 904/904/868 912/912/876 988/988/945
f 985/985/942 905/905/869 988/988/945
f 985/985/942 989/989/946 986/986/943
f 987/987/944 986/986/943 989/989/946
f 989/989/946 985/985/942 990/990/947
f 988/988/945 990/990/947 985/985/942
f 912/912/876 991/991/948 988/988/945
f 990/990/947 988/988/945 991/991/948
f 992/992/949 990/990/947 991/991/948
f 989/989/946 990/990/947 992/992/949
f 993/993/950 989/989/946 992/992/949
f 994/994/951 993/993/950 992/992/949
f 991/991/948 994/994/951 992/992/949
f 994/994/951 991/991/948 995/995/952
f 991/991/948 912/912/876 995/995/952
f 989/989/946 996/996/953 987/987/944
f 996/996/953 989/989/946 993/993/950
f 993/993/950 994/994/951 997/997/954
f 997/997/954 996/996/953 993/993/950
f 994/994/951 996/996/953 997/997/954
f 987/987/944 996/996/953 998/998/955
f 995/995/952 998/998/955 994/994/951
f 996/996/953 994/994/951 998/998/955
f 962/962/923 987/987/944 999/999/956
f 958/958/920 962/962/923 999/999/956
f 987/987/944 998/998/955 999/999/956
f 1000/1000/957 999/999/956 998/998/955
f 995/995/952 1000/1000/957 998/998/955
f 999/999/956 1000/1000/957 1001/1001/958
f 1001/1001/958 954/954/918 958/958/920
f 958/958/920 999/999/956 1001/1001/958
f 1002/1002/959 1000/1000/957 995/995/952
f 1001/1001/958 1000/1000/957 1003/1003/960
f 1000/1000/957 1002/1002/959 1003/1003/960
f 1004/1004/961 1001/1001/958 1003/1003/960
f 954/954/918 1001/1001/958 1004/1004/961
f 1005/1005/962 995/995/952 912/912/876
f 912/912/876 911/911/875 1005/1005/962
f 915/915/879 1005/1005/962 911/911/875
f 995/995/952 1005/1005/962 1002/1002/959
f 1006/1006/963 1003/1003/960 1002/1002/959
f 1006/1006/963 1002/1002/959 1005/1005/962
f 1006/1006/963 1005/1005/962 1007/1007/964
f 1005/1005/962 915/915/879 1007/1007/964
f 1008/1008/965 1004/1004/961 1003/1003/960
f 1003/1003/960 1006/1006/963 1008/1008/965
f 1007/1007/964 1009/1009/966 1006/1006/963
f 1009/1009/966 1008/1008/965 1006/1006/963
f 918/918/882 1010/1010/967 915/915/879
f 1010/1010/967 1007/1007/964 915/915/879
f 1011/1011/968 1004/1004/961 1008/1008/965
f 1010/1010/967 918/918/882 1012/1012/969
f 921/921/885 1012/1012/969 918/918/882
f 1012/1012/969 921/921/885 944/944/908
f 947/947/911 1012/1012/969 944/944/908
f 1012/1012/969 947/947/911 952/952/916
f 1012/1012/969 1013/1013/970 1010/1010/967
f 954/954/918 1013/1013/970 952/952/916
f 1013/1013/970 954/954/918 1004/1004/961
f 1011/1011/968 1013/1013/970 1004/1004/961
f 1013/1013/970 1012/1012/969 952/952/916
f 1013/1013/970 1014/1014/971 1010/1010/967
f 1007/1007/964 1010/1010/967 1014/1014/971
f 1014/1014/971 1013/1013/970 1015/1015/972
f 1013/1013/970 1011/1011/968 1015/1015/972
f 1009/1009/966 1007/1007/964 1016/1016/973
f 1014/1014/971 1016/1016/973 1007/1007/964
f 1015/1015/972 1017/1017/974 1014/1014/971
f 1016/1016/973 1014/1014/971 1017/1017/974
f 1018/1018/975 1015/1015/972 1011/1011/968
f 1015/1015/972 1018/1018/975 1019/1019/976
f 1017/1017/974 1015/1015/972 1019/1019/976
f 1018/1018/975 1020/1020/977 1019/1019/976
f 1020/1020/977 1017/1017/974 1019/1019/976
f 1016/1016/973 1017/1017/974 1021/1021/978
f 1021/1021/978 1017/1017/974 1022/1022/979
f 1017/1017/974 1020/1020/977 1022/1022/979
f 1020/1020/977 1018/1018/975 1023/1023/980
f 1023/1023/980 1022/1022/979 1020/1020/977
f 1022/1022/979 1023/1023/980 1024/1024/981
f 1022/1022/979 1024/1024/981 1021/1021/978
f 1025/1025/982 1016/1016/973 1021/1021/978
f 1021/1021/978 1024/1024/981 1025/1025/982
f 1025/1025/982 1024/1024/981 1023/1023/980
f 1016/1016/973 1025/1025/982 1009/1009/966
f 1026/1026/983 1009/1009/966 1025/1025/982
f 1023/1023/980 1018/1018/975 1026/1026/983
f 1023/1023/980 1026/1026/983 1025/1025/982
f 1026/1026/983 1027/1027/984 1009/1009/966
f 1027/1027/984 1026/1026/983 1018/1018/975
f 1018/1018/975 1011/1011/968 1027/1027/984
f 1008/1008/965 1009/1009/966 1027/1027/984
f 1027/1027/984 1011/1011/968 1008/1008/965
f 1028/1028/985 1029/1029/986 1030/1030/987
f 1031/1031/988 1029/1029/986 1028/1028/985
f 1032/1032/989 1031/1031/988 1028/1028/985
f 1031/1031/988 1033/1033/990 1029/1029/986
f 1033/1033/990 1034/1034/987 1029/1029/986
f 1031/1031/988 1032/1032/989 1035/1035/991
f 1032/1032/989 1036/1036/992 1035/1035/991
f 1036/1036/992 1037/1037/993 1035/1035/991
f 1033/1033/990 1031/1031/988 1038/1038/994
f 1035/1035/991 1038/1038/994 1031/1031/988
f 1037/1037/993 1039/1039/995 1035/1035/991
f 1038/1038/994 1035/1035/991 1039/1039/995
f 1039/1039/995 1037/1037/993 1040/1040/996
f 1041/1041/997 1040/1040/996 1037/1037/993
f 1042/1042/998 1040/1040/996 1041/1041/997
f 1043/1043/999 1033/1033/990 1038/1038/994
f 1039/1039/995 1043/1043/999 1038/1038/994
f 1040/1040/996 1044/1044/1000 1039/1039/995
f 1043/1043/999 1039/1039/995 1044/1044/1000
f 1044/1044/1000 1040/1040/996 1045/1045/1001
f 1040/1040/996 1042/1042/998 1045/1045/1001
f 1046/1046/1002 1045/1045/1001 1042/1042/998
f 1044/1044/1000 1047/1047/1003 1043/1043/999
f 1045/1045/1001 1047/1047/1003 1044/1044/1000
f 1045/1045/1001 1046/1046/1002 1048/1048/1004
f 1047/1047/1003 1045/1045/1001 1048/1048/1004
f 1049/1049/1005 1048/1048/1004 1046/1046/1002
f 1047/1047/1003 1050/1050/1006 1043/1043/999
f 1048/1048/1004 1049/1049/1005 1051/1051/1007
f 1052/1052/1008 1048/1048/1004 1051/1051/1007
f 1052/1052/1008 1047/1047/1003 1048/1048/1004
f 1049/1049/1005 1053/1053/1009 1051/1051/1007
f 1053/1053/1009 1049/1049/1005 1054/1054/1010
f 1055/1055/1011 1051/1051/1007 1053/1053/1009
f 1055/1055/1011 1052/1052/1008 1051/1051/1007
f 1047/1047/1003 1056/1056/1012 1050/1050/1006
f 1056/1056/1012 1047/1047/1003 1052/1052/1008
f 1057/1057/1013 1053/1053/1009 1054/1054/1010
f 1057/1057/1013 1054/1054/1010 1058/1058/1014
f 1057/1057/1013 1059/1059/1015 1053/1053/1009
f 1055/1055/1011 1053/1053/1009 1059/1059/1015
f 1060/1060/1016 1059/1059/1015 1057/1057/1013
f 1058/1058/1014 1060/1060/1016 1057/1057/1013
f 1060/1060/1016 1058/1058/1014 1061/1061/1017
f 1062/1062/1018 1060/1060/1016 1061/1061/1017
f 1059/1059/1015 1060/1060/1016 1063/1063/1019
f 1060/1060/1016 1062/1062/1018 1063/1063/1019
f 1062/1062/1018 1064/1064/1020 1063/1063/1019
f 1065/1065/1021 1063/1063/1019 1064/1064/1020
f 1065/1065/1021 1055/1055/1011 1059/1059/1015
f 1059/1059/1015 1063/1063/1019 1065/1065/1021
f 1066/1066/1022 1065/1065/1021 1064/1064/1020
f 1055/1055/1011 1065/1065/1021 1067/1067/1023
f 1065/1065/1021 1066/1066/1022 1067/1067/1023
f 1067/1067/1023 1066/1066/1022 1068/1068/1024
f 1069/1069/1025 1052/1052/1008 1055/1055/1011
f 1069/1069/1025 1056/1056/1012 1052/1052/1008
f 1067/1067/1023 1069/1069/1025 1055/1055/1011
f 1070/1070/1026 1067/1067/1023 1068/1068/1024
f 1071/1071/1027 1070/1070/1026 1068/1068/1024
f 1069/1069/1025 1067/1067/1023 1072/1072/1028
f 1072/1072/1028 1067/1067/1023 1070/1070/1026
f 1069/1069/1025 1073/1073/1029 1056/1056/1012
f 1073/1073/1029 1069/1069/1025 1074/1074/1030
f 1072/1072/1028 1074/1074/1030 1069/1069/1025
f 1072/1072/1028 1070/1070/1026 1075/1075/1031
f 1076/1076/1032 1075/1075/1031 1070/1070/1026
f 1070/1070/1026 1071/1071/1027 1076/1076/1032
f 1077/1077/1033 1076/1076/1032 1071/1071/1027
f 1071/1071/1027 1078/1078/1034 1077/1077/1033
f 1079/1079/1035 1077/1077/1033 1078/1078/1034
f 1077/1077/1033 1079/1079/1035 1080/1080/1036
f 1075/1075/1031 1076/1076/1032 1081/1081/1037
f 1077/1077/1033 1081/1081/1037 1076/1076/1032
f 1082/1082/1038 1077/1077/1033 1080/1080/1036
f 1081/1081/1037 1077/1077/1033 1082/1082/1038
f 1082/1082/1038 1080/1080/1036 1083/1083/1039
f 1084/1084/1040 1082/1082/1038 1083/1083/1039
f 1082/1082/1038 1085/1085/1041 1081/1081/1037
f 1085/1085/1041 1082/1082/1038 1084/1084/1040
f 1086/1086/1042 1085/1085/1041 1084/1084/1040
f 1081/1081/1037 1087/1087/1043 1075/1075/1031
f 1087/1087/1043 1081/1081/1037 1085/1085/1041
f 1088/1088/1044 1072/1072/1028 1075/1075/1031
f 1074/1074/1030 1072/1072/1028 1088/1088/1044
f 1088/1088/1044 1075/1075/1031 1087/1087/1043
f 1088/1088/1044 1087/1087/1043 1089/1089/1045
f 1087/1087/1043 1085/1085/1041 1089/1089/1045
f 1085/1085/1041 1086/1086/1042 1090/1090/1046
f 1089/1089/1045 1085/1085/1041 1090/1090/1046
f 1090/1090/1046 1091/1091/1047 1089/1089/1045
f 1086/1086/1042 1091/1091/1047 1090/1090/1046
f 1091/1091/1047 1086/1086/1042 1092/1092/1048
f 1093/1093/1049 1091/1091/1047 1092/1092/1048
f 1091/1091/1047 1093/1093/1049 1094/1094/1050
f 1095/1095/1051 1094/1094/1050 1093/1093/1049
f 1091/1091/1047 1096/1096/1052 1089/1089/1045
f 1091/1091/1047 1094/1094/1050 1096/1096/1052
f 1097/1097/1053 1094/1094/1050 1095/1095/1051
f 1098/1098/1054 1097/1097/1053 1095/1095/1051
f 1094/1094/1050 1097/1097/1053 1099/1099/1055
f 1094/1094/1050 1099/1099/1055 1096/1096/1052
f 1096/1096/1052 1099/1099/1055 1100/1100/1056
f 1100/1100/1056 1089/1089/1045 1096/1096/1052
f 1097/1097/1053 1098/1098/1054 1101/1101/1057
f 1102/1102/1058 1101/1101/1057 1098/1098/1054
f 1101/1101/1057 1102/1102/1058 1103/1103/1034
f 1104/1104/1027 1101/1101/1057 1103/1103/1034
f 1105/1105/1059 1097/1097/1053 1101/1101/1057
f 1101/1101/1057 1104/1104/1027 1105/1105/1059
f 1106/1106/1024 1105/1105/1059 1104/1104/1027
f 1097/1097/1053 1105/1105/1059 1107/1107/1060
f 1107/1107/1060 1099/1099/1055 1097/1097/1053
f 1105/1105/1059 1108/1108/1061 1107/1107/1060
f 1105/1105/1059 1106/1106/1024 1108/1108/1061
f 1109/1109/1022 1108/1108/1061 1106/1106/1024
f 1099/1099/1055 1110/1110/1062 1100/1100/1056
f 1099/1099/1055 1107/1107/1060 1110/1110/1062
f 1108/1108/1061 1111/1111/1063 1107/1107/1060
f 1107/1107/1060 1111/1111/1063 1110/1110/1062
f 1112/1112/1064 1111/1111/1063 1108/1108/1061
f 1108/1108/1061 1109/1109/1022 1112/1112/1064
f 1109/1109/1022 1113/1113/1065 1112/1112/1064
f 1113/1113/1065 1109/1109/1022 1114/1114/1020
f 1115/1115/1066 1100/1100/1056 1110/1110/1062
f 1110/1110/1062 1111/1111/1063 1115/1115/1066
f 1111/1111/1063 1112/1112/1064 1116/1116/1067
f 1116/1116/1067 1115/1115/1066 1111/1111/1063
f 1117/1117/1068 1116/1116/1067 1112/1112/1064
f 1117/1117/1068 1112/1112/1064 1113/1113/1065
f 1113/1113/1065 1118/1118/1069 1117/1117/1068
f 1114/1114/1020 1118/1118/1069 1113/1113/1065
f 1118/1118/1069 1114/1114/1020 1119/1119/1018
f 1118/1118/1069 1119/1119/1018 1120/1120/1017
f 1120/1120/1017 1121/1121/1014 1118/1118/1069
f 1122/1122/1070 1117/1117/1068 1118/1118/1069
f 1118/1118/1069 1121/1121/1014 1122/1122/1070
f 1117/1117/1068 1122/1122/1070 1123/1123/1071
f 1121/1121/1014 1123/1123/1071 1122/1122/1070
f 1121/1121/1014 1124/1124/1010 1123/1123/1071
f 1125/1125/1072 1117/1117/1068 1123/1123/1071
f 1116/1116/1067 1117/1117/1068 1125/1125/1072
f 1123/1123/1071 1126/1126/1073 1125/1125/1072
f 1124/1124/1010 1126/1126/1073 1123/1123/1071
f 1126/1126/1073 1124/1124/1010 1127/1127/1005
f 1127/1127/1005 1128/1128/1002 1126/1126/1073
f 1129/1129/1074 1125/1125/1072 1126/1126/1073
f 1128/1128/1002 1129/1129/1074 1126/1126/1073
f 1130/1130/998 1129/1129/1074 1128/1128/1002
f 1131/1131/1075 1116/1116/1067 1125/1125/1072
f 1129/1129/1074 1130/1130/998 1132/1132/1076
f 1130/1130/998 1133/1133/997 1132/1132/1076
f 1134/1134/1077 1131/1131/1075 1125/1125/1072
f 1125/1125/1072 1129/1129/1074 1134/1134/1077
f 1135/1135/1078 1129/1129/1074 1132/1132/1076
f 1129/1129/1074 1135/1135/1078 1134/1134/1077
f 1132/1132/1076 1136/1136/1079 1135/1135/1078
f 1132/1132/1076 1133/1133/997 1136/1136/1079
f 1137/1137/1080 1136/1136/1079 1133/1133/997
f 1136/1136/1079 1137/1137/1080 1138/1138/1081
f 1139/1139/1082 1135/1135/1078 1136/1136/1079
f 1136/1136/1079 1138/1138/1081 1139/1139/1082
f 1140/1140/1083 1139/1139/1082 1138/1138/1081
f 1141/1141/985 1139/1139/1082 1140/1140/1083
f 1139/1139/1082 1141/1141/985 1142/1142/1084
f 1135/1135/1078 1139/1139/1082 1142/1142/1084
f 1143/1143/1085 1134/1134/1077 1135/1135/1078
f 1142/1142/1084 1143/1143/1085 1135/1135/1078
f 1141/1141/985 1144/1144/1086 1142/1142/1084
f 1144/1144/1086 1143/1143/1085 1142/1142/1084
f 1034/1034/987 1144/1144/1086 1141/1141/985
f 1144/1144/1086 1034/1034/987 1033/1033/990
f 1131/1131/1075 1134/1134/1077 1145/1145/1087
f 1134/1134/1077 1143/1143/1085 1145/1145/1087
f 1146/1146/1088 1145/1145/1087 1143/1143/1085
f 1143/1143/1085 1144/1144/1086 1146/1146/1088
f 1033/1033/990 1147/1147/1089 1144/1144/1086
f 1144/1144/1086 1147/1147/1089 1146/1146/1088
f 1033/1033/990 1043/1043/999 1147/1147/1089
f 1050/1050/1006 1147/1147/1089 1043/1043/999
f 1147/1147/1089 1050/1050/1006 1148/1148/1090
f 1148/1148/1090 1146/1146/1088 1147/1147/1089
f 1146/1146/1088 1148/1148/1090 1149/1149/1091
f 1145/1145/1087 1146/1146/1088 1149/1149/1091
f 1050/1050/1006 1150/1150/1092 1148/1148/1090
f 1050/1050/1006 1056/1056/1012 1150/1150/1092
f 1073/1073/1029 1150/1150/1092 1056/1056/1012
f 1148/1148/1090 1150/1150/1092 1151/1151/1093
f 1149/1149/1091 1148/1148/1090 1151/1151/1093
f 1145/1145/1087 1152/1152/1094 1131/1131/1075
f 1152/1152/1094 1145/1145/1087 1149/1149/1091
f 1149/1149/1091 1151/1151/1093 1153/1153/1095
f 1149/1149/1091 1153/1153/1095 1152/1152/1094
f 1151/1151/1093 1154/1154/1096 1153/1153/1095
f 1155/1155/1097 1153/1153/1095 1154/1154/1096
f 1153/1153/1095 1155/1155/1097 1152/1152/1094
f 1150/1150/1092 1156/1156/1098 1151/1151/1093
f 1151/1151/1093 1156/1156/1098 1154/1154/1096
f 1154/1154/1096 1157/1157/1099 1155/1155/1097
f 1157/1157/1099 1154/1154/1096 1156/1156/1098
f 1150/1150/1092 1073/1073/1029 1158/1158/1100
f 1156/1156/1098 1150/1150/1092 1158/1158/1100
f 1158/1158/1100 1159/1159/1101 1156/1156/1098
f 1156/1156/1098 1159/1159/1101 1157/1157/1099
f 1157/1157/1099 1160/1160/1102 1155/1155/1097
f 1160/1160/1102 1157/1157/1099 1159/1159/1101
f 1152/1152/1094 1155/1155/1097 1160/1160/1102
f 1161/1161/1103 1160/1160/1102 1159/1159/1101
f 1073/1073/1029 1161/1161/1103 1158/1158/1100
f 1159/1159/1101 1158/1158/1100 1161/1161/1103
f 1162/1162/1104 1131/1131/1075 1152/1152/1094
f 1152/1152/1094 1160/1160/1102 1162/1162/1104
f 1160/1160/1102 1161/1161/1103 1163/1163/1105
f 1162/1162/1104 1160/1160/1102 1163/1163/1105
f 1164/1164/1106 1163/1163/1105 1161/1161/1103
f 1073/1073/1029 1074/1074/1030 1164/1164/1106
f 1161/1161/1103 1073/1073/1029 1164/1164/1106
f 1163/1163/1105 1164/1164/1106 1165/1165/1107
f 1165/1165/1107 1162/1162/1104 1163/1163/1105
f 1131/1131/1075 1162/1162/1104 1166/1166/1108
f 1162/1162/1104 1165/1165/1107 1166/1166/1108
f 1131/1131/1075 1166/1166/1108 1116/1116/1067
f 1115/1115/1066 1116/1116/1067 1166/1166/1108
f 1167/1167/1109 1165/1165/1107 1164/1164/1106
f 1088/1088/1044 1167/1167/1109 1074/1074/1030
f 1074/1074/1030 1167/1167/1109 1164/1164/1106
f 1166/1166/1108 1165/1165/1107 1168/1168/1110
f 1115/1115/1066 1166/1166/1108 1168/1168/1110
f 1165/1165/1107 1167/1167/1109 1168/1168/1110
f 1100/1100/1056 1115/1115/1066 1168/1168/1110
f 1169/1169/1111 1168/1168/1110 1167/1167/1109
f 1168/1168/1110 1169/1169/1111 1100/1100/1056
f 1088/1088/1044 1089/1089/1045 1169/1169/1111
f 1089/1089/1045 1100/1100/1056 1169/1169/1111
f 1167/1167/1109 1088/1088/1044 1169/1169/1111
f 1170/1170/1112 1171/1171/1113 1172/1172/1114
f 1171/1171/1113 1170/1170/1112 1173/1173/1115
f 1173/1173/1115 1174/1174/1116 1171/1171/1113
f 1170/1170/1112 1175/1175/1117 1173/1173/1115
f 1176/1176/1114 1175/1175/1117 1170/1170/1112
f 1174/1174/1116 1173/1173/1115 1177/1177/1118
f 1177/1177/1118 1178/1178/1119 1174/1174/1116
f 1178/1178/1119 1177/1177/1118 1179/1179/1120
f 1180/1180/1121 1173/1173/1115 1175/1175/1117
f 1180/1180/1121 1177/1177/1118 1173/1173/1115
f 1177/1177/1118 1180/1180/1121 1181/1181/1122
f 1177/1177/1118 1181/1181/1122 1179/1179/1120
f 1181/1181/1122 1182/1182/1123 1179/1179/1120
f 1182/1182/1123 1183/1183/1124 1179/1179/1120
f 1182/1182/1123 1184/1184/1125 1183/1183/1124
f 1185/1185/1126 1181/1181/1122 1180/1180/1121
f 1175/1175/1117 1185/1185/1126 1180/1180/1121
f 1181/1181/1122 1185/1185/1126 1186/1186/1127
f 1181/1181/1122 1186/1186/1127 1182/1182/1123
f 1182/1182/1123 1186/1186/1127 1187/1187/1128
f 1184/1184/1125 1182/1182/1123 1187/1187/1128
f 1187/1187/1128 1188/1188/1129 1184/1184/1125
f 1189/1189/1130 1187/1187/1128 1186/1186/1127
f 1189/1189/1130 1186/1186/1127 1185/1185/1126
f 1187/1187/1128 1189/1189/1130 1190/1190/1131
f 1187/1187/1128 1190/1190/1131 1188/1188/1129
f 1190/1190/1131 1191/1191/1132 1188/1188/1129
f 1185/1185/1126 1192/1192/1133 1189/1189/1130
f 1191/1191/1132 1190/1190/1131 1193/1193/1134
f 1194/1194/1135 1192/1192/1133 1185/1185/1126
f 1185/1185/1126 1175/1175/1117 1194/1194/1135
f 1190/1190/1131 1195/1195/1136 1193/1193/1134
f 1195/1195/1136 1190/1190/1131 1189/1189/1130
f 1189/1189/1130 1196/1196/1137 1195/1195/1136
f 1196/1196/1137 1189/1189/1130 1192/1192/1133
f 1197/1197/1138 1191/1191/1132 1193/1193/1134
f 1191/1191/1132 1197/1197/1138 1198/1198/1139
f 1197/1197/1138 1193/1193/1134 1199/1199/1140
f 1195/1195/1136 1199/1199/1140 1193/1193/1134
f 1200/1200/1141 1198/1198/1139 1197/1197/1138
f 1201/1201/1142 1198/1198/1139 1200/1200/1141
f 1197/1197/1138 1199/1199/1140 1202/1202/1143
f 1200/1200/1141 1197/1197/1138 1202/1202/1143
f 1201/1201/1142 1200/1200/1141 1203/1203/1144
f 1200/1200/1141 1202/1202/1143 1203/1203/1144
f 1203/1203/1144 1204/1204/1145 1201/1201/1142
f 1204/1204/1145 1203/1203/1144 1205/1205/1146
f 1202/1202/1143 1206/1206/1147 1203/1203/1144
f 1205/1205/1146 1203/1203/1144 1206/1206/1147
f 1206/1206/1147 1207/1207/1148 1205/1205/1146
f 1206/1206/1147 1202/1202/1143 1208/1208/1149
f 1206/1206/1147 1208/1208/1149 1207/1207/1148
f 1199/1199/1140 1208/1208/1149 1202/1202/1143
f 1208/1208/1149 1209/1209/1150 1207/1207/1148
f 1208/1208/1149 1199/1199/1140 1210/1210/1151
f 1209/1209/1150 1208/1208/1149 1210/1210/1151
f 1210/1210/1151 1211/1211/1152 1209/1209/1150
f 1195/1195/1136 1212/1212/1153 1199/1199/1140
f 1212/1212/1153 1210/1210/1151 1199/1199/1140
f 1212/1212/1153 1195/1195/1136 1196/1196/1137
f 1213/1213/1154 1211/1211/1152 1210/1210/1151
f 1213/1213/1154 1214/1214/1155 1211/1211/1152
f 1215/1215/1156 1213/1213/1154 1210/1210/1151
f 1215/1215/1156 1210/1210/1151 1212/1212/1153
f 1213/1213/1154 1216/1216/1157 1214/1214/1155
f 1213/1213/1154 1215/1215/1156 1217/1217/1158
f 1217/1217/1158 1216/1216/1157 1213/1213/1154
f 1218/1218/1159 1214/1214/1155 1216/1216/1157
f 1214/1214/1155 1218/1218/1159 1219/1219/1160
f 1218/1218/1159 1220/1220/1161 1219/1219/1160
f 1220/1220/1161 1218/1218/1159 1221/1221/1162
f 1216/1216/1157 1217/1217/1158 1222/1222/1163
f 1222/1222/1163 1218/1218/1159 1216/1216/1157
f 1223/1223/1164 1221/1221/1162 1218/1218/1159
f 1218/1218/1159 1222/1222/1163 1223/1223/1164
f 1221/1221/1162 1223/1223/1164 1224/1224/1165
f 1225/1225/1166 1224/1224/1165 1223/1223/1164
f 1226/1226/1167 1223/1223/1164 1222/1222/1163
f 1223/1223/1164 1226/1226/1167 1225/1225/1166
f 1225/1225/1166 1226/1226/1167 1227/1227/1168
f 1228/1228/1169 1222/1222/1163 1217/1217/1158
f 1222/1222/1163 1228/1228/1169 1226/1226/1167
f 1229/1229/1170 1217/1217/1158 1215/1215/1156
f 1228/1228/1169 1217/1217/1158 1229/1229/1170
f 1229/1229/1170 1230/1230/1171 1228/1228/1169
f 1228/1228/1169 1230/1230/1171 1226/1226/1167
f 1226/1226/1167 1231/1231/1172 1227/1227/1168
f 1230/1230/1171 1231/1231/1172 1226/1226/1167
f 1230/1230/1171 1232/1232/1173 1231/1231/1172
f 1232/1232/1173 1227/1227/1168 1231/1231/1172
f 1227/1227/1168 1232/1232/1173 1233/1233/1174
f 1232/1232/1173 1234/1234/1175 1233/1233/1174
f 1234/1234/1175 1232/1232/1173 1235/1235/1176
f 1236/1236/1177 1234/1234/1175 1235/1235/1176
f 1237/1237/1178 1235/1235/1176 1232/1232/1173
f 1232/1232/1173 1230/1230/1171 1237/1237/1178
f 1238/1238/1179 1236/1236/1177 1235/1235/1176
f 1238/1238/1179 1239/1239/1180 1236/1236/1177
f 1238/1238/1179 1235/1235/1176 1240/1240/1181
f 1235/1235/1176 1237/1237/1178 1240/1240/1181
f 1230/1230/1171 1241/1241/1182 1237/1237/1178
f 1241/1241/1182 1240/1240/1181 1237/1237/1178
f 1239/1239/1180 1238/1238/1179 1242/1242/1183
f 1243/1243/1184 1239/1239/1180 1242/1242/1183
f 1244/1244/1160 1243/1243/1184 1242/1242/1183
f 1242/1242/1183 1245/1245/1155 1244/1244/1160
f 1238/1238/1179 1246/1246/1185 1242/1242/1183
f 1245/1245/1155 1242/1242/1183 1246/1246/1185
f 1246/1246/1185 1247/1247/1152 1245/1245/1155
f 1240/1240/1181 1248/1248/1186 1238/1238/1179
f 1246/1246/1185 1238/1238/1179 1248/1248/1186
f 1248/1248/1186 1249/1249/1187 1246/1246/1185
f 1247/1247/1152 1246/1246/1185 1249/1249/1187
f 1250/1250/1150 1247/1247/1152 1249/1249/1187
f 1248/1248/1186 1240/1240/1181 1251/1251/1188
f 1240/1240/1181 1241/1241/1182 1251/1251/1188
f 1252/1252/1189 1248/1248/1186 1251/1251/1188
f 1248/1248/1186 1252/1252/1189 1249/1249/1187
f 1252/1252/1189 1253/1253/1190 1249/1249/1187
f 1249/1249/1187 1253/1253/1190 1250/1250/1150
f 1254/1254/1191 1250/1250/1150 1253/1253/1190
f 1250/1250/1150 1254/1254/1191 1255/1255/1148
f 1251/1251/1188 1256/1256/1192 1252/1252/1189
f 1241/1241/1182 1256/1256/1192 1251/1251/1188
f 1257/1257/1193 1252/1252/1189 1256/1256/1192
f 1253/1253/1190 1252/1252/1189 1257/1257/1193
f 1257/1257/1193 1258/1258/1194 1253/1253/1190
f 1258/1258/1194 1254/1254/1191 1253/1253/1190
f 1254/1254/1191 1258/1258/1194 1259/1259/1195
f 1259/1259/1195 1255/1255/1148 1254/1254/1191
f 1255/1255/1148 1259/1259/1195 1260/1260/1146
f 1259/1259/1195 1261/1261/1145 1260/1260/1146
f 1259/1259/1195 1262/1262/1142 1261/1261/1145
f 1258/1258/1194 1263/1263/1196 1259/1259/1195
f 1262/1262/1142 1259/1259/1195 1263/1263/1196
f 1263/1263/1196 1258/1258/1194 1264/1264/1197
f 1264/1264/1197 1262/1262/1142 1263/1263/1196
f 1262/1262/1142 1264/1264/1197 1265/1265/1139
f 1258/1258/1194 1257/1257/1193 1266/1266/1198
f 1266/1266/1198 1264/1264/1197 1258/1258/1194
f 1264/1264/1197 1266/1266/1198 1267/1267/1199
f 1264/1264/1197 1267/1267/1199 1265/1265/1139
f 1268/1268/1132 1265/1265/1139 1267/1267/1199
f 1267/1267/1199 1269/1269/1129 1268/1268/1132
f 1269/1269/1129 1267/1267/1199 1270/1270/1200
f 1266/1266/1198 1270/1270/1200 1267/1267/1199
f 1270/1270/1200 1271/1271/1125 1269/1269/1129
f 1271/1271/1125 1270/1270/1200 1272/1272/1201
f 1272/1272/1201 1273/1273/1124 1271/1271/1125
f 1270/1270/1200 1266/1266/1198 1274/1274/1202
f 1273/1273/1124 1272/1272/1201 1275/1275/1203
f 1275/1275/1203 1276/1276/1120 1273/1273/1124
f 1276/1276/1120 1275/1275/1203 1277/1277/1204
f 1275/1275/1203 1272/1272/1201 1278/1278/1205
f 1278/1278/1205 1270/1270/1200 1274/1274/1202
f 1270/1270/1200 1278/1278/1205 1272/1272/1201
f 1278/1278/1205 1279/1279/1206 1275/1275/1203
f 1279/1279/1206 1277/1277/1204 1275/1275/1203
f 1277/1277/1204 1279/1279/1206 1280/1280/1207
f 1279/1279/1206 1281/1281/1113 1280/1280/1207
f 1282/1282/1208 1281/1281/1113 1279/1279/1206
f 1279/1279/1206 1278/1278/1205 1282/1282/1208
f 1274/1274/1202 1283/1283/1209 1278/1278/1205
f 1283/1283/1209 1282/1282/1208 1278/1278/1205
f 1284/1284/1210 1281/1281/1113 1282/1282/1208
f 1283/1283/1209 1284/1284/1210 1282/1282/1208
f 1281/1281/1113 1284/1284/1210 1176/1176/1114
f 1175/1175/1117 1176/1176/1114 1284/1284/1210
f 1284/1284/1210 1194/1194/1135 1175/1175/1117
f 1194/1194/1135 1284/1284/1210 1285/1285/1211
f 1284/1284/1210 1283/1283/1209 1285/1285/1211
f 1286/1286/1212 1285/1285/1211 1283/1283/1209
f 1283/1283/1209 1274/1274/1202 1286/1286/1212
f 1287/1287/1213 1194/1194/1135 1285/1285/1211
f 1192/1192/1133 1194/1194/1135 1287/1287/1213
f 1287/1287/1213 1285/1285/1211 1288/1288/1214
f 1285/1285/1211 1286/1286/1212 1288/1288/1214
f 1289/1289/1215 1274/1274/1202 1266/1266/1198
f 1266/1266/1198 1257/1257/1193 1289/1289/1215
f 1274/1274/1202 1289/1289/1215 1286/1286/1212
f 1290/1290/1216 1192/1192/1133 1287/1287/1213
f 1290/1290/1216 1196/1196/1137 1192/1192/1133
f 1257/1257/1193 1256/1256/1192 1291/1291/1217
f 1291/1291/1217 1289/1289/1215 1257/1257/1193
f 1286/1286/1212 1292/1292/1218 1288/1288/1214
f 1292/1292/1218 1286/1286/1212 1289/1289/1215
f 1292/1292/1218 1289/1289/1215 1293/1293/1219
f 1289/1289/1215 1291/1291/1217 1293/1293/1219
f 1256/1256/1192 1294/1294/1220 1291/1291/1217
f 1256/1256/1192 1241/1241/1182 1294/1294/1220
f 1291/1291/1217 1294/1294/1220 1295/1295/1221
f 1293/1293/1219 1291/1291/1217 1295/1295/1221
f 1241/1241/1182 1230/1230/1171 1296/1296/1222
f 1230/1230/1171 1229/1229/1170 1296/1296/1222
f 1294/1294/1220 1241/1241/1182 1296/1296/1222
f 1296/1296/1222 1297/1297/1223 1294/1294/1220
f 1229/1229/1170 1297/1297/1223 1296/1296/1222
f 1297/1297/1223 1295/1295/1221 1294/1294/1220
f 1215/1215/1156 1298/1298/1224 1229/1229/1170
f 1298/1298/1224 1215/1215/1156 1212/1212/1153
f 1297/1297/1223 1229/1229/1170 1298/1298/1224
f 1298/1298/1224 1299/1299/1225 1297/1297/1223
f 1295/1295/1221 1297/1297/1223 1299/1299/1225
f 1298/1298/1224 1212/1212/1153 1300/1300/1226
f 1300/1300/1226 1299/1299/1225 1298/1298/1224
f 1212/1212/1153 1196/1196/1137 1300/1300/1226
f 1196/1196/1137 1290/1290/1216 1300/1300/1226
f 1301/1301/1227 1293/1293/1219 1295/1295/1221
f 1299/1299/1225 1301/1301/1227 1295/1295/1221
f 1300/1300/1226 1302/1302/1228 1299/1299/1225
f 1301/1301/1227 1299/1299/1225 1302/1302/1228
f 1302/1302/1228 1303/1303/1229 1301/1301/1227
f 1303/1303/1229 1292/1292/1218 1293/1293/1219
f 1293/1293/1219 1301/1301/1227 1303/1303/1229
f 1300/1300/1226 1290/1290/1216 1304/1304/1230
f 1302/1302/1228 1300/1300/1226 1304/1304/1230
f 1303/1303/1229 1302/1302/1228 1305/1305/1231
f 1305/1305/1231 1302/1302/1228 1304/1304/1230
f 1306/1306/1232 1292/1292/1218 1303/1303/1229
f 1290/1290/1216 1307/1307/1233 1304/1304/1230
f 1304/1304/1230 1307/1307/1233 1305/1305/1231
f 1305/1305/1231 1307/1307/1233 1308/1308/1234
f 1308/1308/1234 1306/1306/1232 1303/1303/1229
f 1308/1308/1234 1303/1303/1229 1305/1305/1231
f 1307/1307/1233 1290/1290/1216 1309/1309/1235
f 1287/1287/1213 1309/1309/1235 1290/1290/1216
f 1288/1288/1214 1309/1309/1235 1287/1287/1213
f 1309/1309/1235 1310/1310/1236 1307/1307/1233
f 1306/1306/1232 1308/1308/1234 1310/1310/1236
f 1310/1310/1236 1308/1308/1234 1307/1307/1233
f 1288/1288/1214 1311/1311/1237 1309/1309/1235
f 1310/1310/1236 1309/1309/1235 1311/1311/1237
f 1311/1311/1237 1306/1306/1232 1310/1310/1236
f 1288/1288/1214 1292/1292/1218 1311/1311/1237
f 1306/1306/1232 1311/1311/1237 1292/1292/1218
f 1312/1312/1238 1313/1313/1239 1314/1314/1240
f 1314/1314/1240 1315/1315/1241 1312/1312/1238
f 1316/1316/1242 1312/1312/1238 1315/1315/1241
f 1314/1314/1240 1317/1317/1243 1315/1315/1241
f 1317/1317/1243 1314/1314/1240 1318/1318/1244
f 1317/1317/1243 1318/1318/1244 1319/1319/1245
f 1315/1315/1241 1320/1320/1246 1316/1316/1242
f 1321/1321/1247 1316/1316/1242 1320/1320/1246
f 1321/1321/1247 1320/1320/1246 1322/1322/1248
f 1320/1320/1246 1323/1323/1249 1322/1322/1248
f 1315/1315/1241 1317/1317/1243 1324/1324/1250
f 1324/1324/1250 1320/1320/1246 1315/1315/1241
f 1325/1325/1251 1324/1324/1250 1317/1317/1243
f 1319/1319/1245 1325/1325/1251 1317/1317/1243
f 1326/1326/1252 1325/1325/1251 1319/1319/1245
f 1323/1323/1249 1320/1320/1246 1327/1327/1253
f 1327/1327/1253 1328/1328/1254 1323/1323/1249
f 1324/1324/1250 1329/1329/1255 1320/1320/1246
f 1329/1329/1255 1327/1327/1253 1320/1320/1246
f 1328/1328/1254 1327/1327/1253 1330/1330/1256
f 1330/1330/1256 1331/1331/1257 1328/1328/1254
f 1332/1332/1258 1330/1330/1256 1327/1327/1253
f 1327/1327/1253 1329/1329/1255 1332/1332/1258
f 1324/1324/1250 1325/1325/1251 1333/1333/1259
f 1329/1329/1255 1324/1324/1250 1333/1333/1259
f 1334/1334/1260 1332/1332/1258 1329/1329/1255
f 1329/1329/1255 1333/1333/1259 1334/1334/1260
f 1331/1331/1257 1330/1330/1256 1335/1335/1261
f 1335/1335/1261 1336/1336/1262 1331/1331/1257
f 1337/1337/1263 1335/1335/1261 1330/1330/1256
f 1330/1330/1256 1332/1332/1258 1337/1337/1263
f 1332/1332/1258 1334/1334/1260 1338/1338/1264
f 1338/1338/1264 1337/1337/1263 1332/1332/1258
f 1336/1336/1262 1335/1335/1261 1339/1339/1265
f 1340/1340/1266 1339/1339/1265 1335/1335/1261
f 1335/1335/1261 1337/1337/1263 1340/1340/1266
f 1337/1337/1263 1341/1341/1267 1340/1340/1266
f 1337/1337/1263 1338/1338/1264 1341/1341/1267
f 1339/1339/1265 1342/1342/1268 1336/1336/1262
f 1336/1336/1262 1342/1342/1268 1343/1343/1269
f 1344/1344/1270 1342/1342/1268 1339/1339/1265
f 1339/1339/1265 1340/1340/1266 1344/1344/1270
f 1342/1342/1268 1345/1345/1271 1343/1343/1269
f 1343/1343/1269 1345/1345/1271 1346/1346/1272
f 1347/1347/1273 1345/1345/1271 1342/1342/1268
f 1342/1342/1268 1344/1344/1270 1347/1347/1273
f 1348/1348/1274 1344/1344/1270 1340/1340/1266
f 1348/1348/1274 1347/1347/1273 1344/1344/1270
f 1349/1349/1275 1348/1348/1274 1340/1340/1266
f 1341/1341/1267 1349/1349/1275 1340/1340/1266
f 1338/1338/1264 1350/1350/1276 1341/1341/1267
f 1350/1350/1276 1349/1349/1275 1341/1341/1267
f 1351/1351/1277 1348/1348/1274 1349/1349/1275
f 1338/1338/1264 1352/1352/1278 1350/1350/1276
f 1352/1352/1278 1338/1338/1264 1334/1334/1260
f 1353/1353/1279 1351/1351/1277 1349/1349/1275
f 1349/1349/1275 1350/1350/1276 1353/1353/1279
f 1334/1334/1260 1333/1333/1259 1354/1354/1280
f 1354/1354/1280 1352/1352/1278 1334/1334/1260
f 1354/1354/1280 1355/1355/1281 1352/1352/1278
f 1352/1352/1278 1355/1355/1281 1350/1350/1276
f 1333/1333/1259 1356/1356/1282 1354/1354/1280
f 1355/1355/1281 1354/1354/1280 1356/1356/1282
f 1356/1356/1282 1333/1333/1259 1325/1325/1251
f 1357/1357/1283 1353/1353/1279 1350/1350/1276
f 1355/1355/1281 1357/1357/1283 1350/1350/1276
f 1325/1325/1251 1326/1326/1252 1358/1358/1284
f 1358/1358/1284 1356/1356/1282 1325/1325/1251
f 1356/1356/1282 1359/1359/1285 1355/1355/1281
f 1356/1356/1282 1358/1358/1284 1360/1360/1286
f 1359/1359/1285 1356/1356/1282 1360/1360/1286
f 1361/1361/1287 1360/1360/1286 1358/1358/1284
f 1326/1326/1252 1361/1361/1287 1358/1358/1284
f 1362/1362/1288 1357/1357/1283 1355/1355/1281
f 1355/1355/1281 1359/1359/1285 1362/1362/1288
f 1360/1360/1286 1363/1363/1289 1359/1359/1285
f 1357/1357/1283 1362/1362/1288 1364/1364/1290
f 1360/1360/1286 1361/1361/1287 1365/1365/1291
f 1363/1363/1289 1360/1360/1286 1365/1365/1291
f 1359/1359/1285 1363/1363/1289 1366/1366/1292
f 1362/1362/1288 1359/1359/1285 1366/1366/1292
f 1367/1367/1293 1362/1362/1288 1366/1366/1292
f 1362/1362/1288 1367/1367/1293 1364/1364/1290
f 1368/1368/1294 1357/1357/1283 1364/1364/1290
f 1353/1353/1279 1357/1357/1283 1368/1368/1294
f 1364/1364/1290 1369/1369/1295 1368/1368/1294
f 1369/1369/1295 1364/1364/1290 1367/1367/1293
f 1353/1353/1279 1370/1370/1296 1351/1351/1277
f 1370/1370/1296 1353/1353/1279 1368/1368/1294
f 1371/1371/1297 1368/1368/1294 1369/1369/1295
f 1370/1370/1296 1368/1368/1294 1371/1371/1297
f 1371/1371/1297 1369/1369/1295 1372/1372/1298
f 1369/1369/1295 1367/1367/1293 1372/1372/1298
f 1373/1373/1299 1371/1371/1297 1372/1372/1298
f 1367/1367/1293 1373/1373/1299 1372/1372/1298
f 1371/1371/1297 1373/1373/1299 1374/1374/1300
f 1374/1374/1300 1370/1370/1296 1371/1371/1297
f 1370/1370/1296 1374/1374/1300 1375/1375/1301
f 1351/1351/1277 1370/1370/1296 1375/1375/1301
f 1376/1376/1302 1375/1375/1301 1374/1374/1300
f 1373/1373/1299 1376/1376/1302 1374/1374/1300
f 1366/1366/1292 1377/1377/1303 1367/1367/1293
f 1373/1373/1299 1367/1367/1293 1377/1377/1303
f 1376/1376/1302 1373/1373/1299 1378/1378/1304
f 1377/1377/1303 1366/1366/1292 1379/1379/1305
f 1363/1363/1289 1379/1379/1305 1366/1366/1292
f 1373/1373/1299 1380/1380/1306 1378/1378/1304
f 1380/1380/1306 1373/1373/1299 1377/1377/1303
f 1381/1381/1307 1380/1380/1306 1377/1377/1303
f 1379/1379/1305 1381/1381/1307 1377/1377/1303
f 1363/1363/1289 1382/1382/1308 1379/1379/1305
f 1381/1381/1307 1379/1379/1305 1382/1382/1308
f 1365/1365/1291 1382/1382/1308 1363/1363/1289
f 1381/1381/1307 1383/1383/1309 1380/1380/1306
f 1380/1380/1306 1383/1383/1309 1384/1384/1310
f 1378/1378/1304 1384/1384/1310 1376/1376/1302
f 1380/1380/1306 1384/1384/1310 1378/1378/1304
f 1382/1382/1308 1385/1385/1311 1381/1381/1307
f 1383/1383/1309 1381/1381/1307 1385/1385/1311
f 1386/1386/1312 1383/1383/1309 1385/1385/1311
f 1387/1387/1313 1386/1386/1312 1385/1385/1311
f 1385/1385/1311 1382/1382/1308 1387/1387/1313
f 1388/1388/1314 1384/1384/1310 1383/1383/1309
f 1383/1383/1309 1386/1386/1312 1388/1388/1314
f 1386/1386/1312 1387/1387/1313 1389/1389/1315
f 1389/1389/1315 1390/1390/1316 1386/1386/1312
f 1388/1388/1314 1386/1386/1312 1390/1390/1316
f 1384/1384/1310 1388/1388/1314 1391/1391/1317
f 1387/1387/1313 1392/1392/1318 1389/1389/1315
f 1388/1388/1314 1393/1393/1319 1391/1391/1317
f 1382/1382/1308 1394/1394/1320 1387/1387/1313
f 1392/1392/1318 1387/1387/1313 1394/1394/1320
f 1390/1390/1316 1395/1395/1321 1388/1388/1314
f 1393/1393/1319 1388/1388/1314 1395/1395/1321
f 1393/1393/1319 1396/1396/1322 1391/1391/1317
f 1396/1396/1322 1384/1384/1310 1391/1391/1317
f 1397/1397/1323 1396/1396/1322 1393/1393/1319
f 1395/1395/1321 1397/1397/1323 1393/1393/1319
f 1398/1398/1324 1397/1397/1323 1395/1395/1321
f 1390/1390/1316 1398/1398/1324 1395/1395/1321
f 1384/1384/1310 1399/1399/1325 1376/1376/1302
f 1384/1384/1310 1396/1396/1322 1399/1399/1325
f 1396/1396/1322 1397/1397/1323 1400/1400/1326
f 1400/1400/1326 1399/1399/1325 1396/1396/1322
f 1401/1401/1327 1400/1400/1326 1397/1397/1323
f 1398/1398/1324 1401/1401/1327 1397/1397/1323
f 1399/1399/1325 1400/1400/1326 1402/1402/1328
f 1402/1402/1328 1376/1376/1302 1399/1399/1325
f 1376/1376/1302 1402/1402/1328 1403/1403/1329
f 1375/1375/1301 1376/1376/1302 1403/1403/1329
f 1400/1400/1326 1401/1401/1327 1404/1404/1330
f 1404/1404/1330 1402/1402/1328 1400/1400/1326
f 1403/1403/1329 1402/1402/1328 1405/1405/1331
f 1402/1402/1328 1406/1406/1332 1405/1405/1331
f 1404/1404/1330 1406/1406/1332 1402/1402/1328
f 1403/1403/1329 1407/1407/1333 1375/1375/1301
f 1407/1407/1333 1403/1403/1329 1408/1408/1334
f 1403/1403/1329 1405/1405/1331 1408/1408/1334
f 1375/1375/1301 1409/1409/1335 1351/1351/1277
f 1409/1409/1335 1375/1375/1301 1407/1407/1333
f 1408/1408/1334 1410/1410/1336 1407/1407/1333
f 1411/1411/1337 1351/1351/1277 1409/1409/1335
f 1351/1351/1277 1411/1411/1337 1348/1348/1274
f 1347/1347/1273 1348/1348/1274 1411/1411/1337
f 1412/1412/1338 1407/1407/1333 1410/1410/1336
f 1407/1407/1333 1412/1412/1338 1409/1409/1335
f 1413/1413/1339 1347/1347/1273 1411/1411/1337
f 1413/1413/1339 1409/1409/1335 1412/1412/1338
f 1409/1409/1335 1413/1413/1339 1411/1411/1337
f 1347/1347/1273 1413/1413/1339 1414/1414/1340
f 1345/1345/1271 1347/1347/1273 1414/1414/1340
f 1345/1345/1271 1414/1414/1340 1415/1415/1341
f 1413/1413/1339 1415/1415/1341 1414/1414/1340
f 1415/1415/1341 1413/1413/1339 1416/1416/1342
f 1412/1412/1338 1416/1416/1342 1413/1413/1339
f 1410/1410/1336 1417/1417/1343 1412/1412/1338
f 1416/1416/1342 1412/1412/1338 1417/1417/1343
f 1416/1416/1342 1418/1418/1344 1415/1415/1341
f 1418/1418/1344 1416/1416/1342 1419/1419/1345
f 1417/1417/1343 1419/1419/1345 1416/1416/1342
f 1420/1420/1346 1346/1346/1272 1345/1345/1271
f 1420/1420/1346 1345/1345/1271 1415/1415/1341
f 1421/1421/1347 1420/1420/1346 1415/1415/1341
f 1418/1418/1344 1421/1421/1347 1415/1415/1341
f 1346/1346/1272 1420/1420/1346 1422/1422/1348
f 1419/1419/1345 1423/1423/1349 1418/1418/1344
f 1423/1423/1349 1421/1421/1347 1418/1418/1344
f 1421/1421/1347 1423/1423/1349 1424/1424/1350
f 1420/1420/1346 1421/1421/1347 1424/1424/1350
f 1420/1420/1346 1424/1424/1350 1425/1425/1351
f 1420/1420/1346 1425/1425/1351 1422/1422/1348
f 1426/1426/1352 1422/1422/1348 1425/1425/1351
f 1422/1422/1348 1426/1426/1352 1427/1427/1353
f 1428/1428/1354 1427/1427/1353 1426/1426/1352
f 1425/1425/1351 1429/1429/1355 1426/1426/1352
f 1429/1429/1355 1425/1425/1351 1424/1424/1350
f 1426/1426/1352 1430/1430/1356 1428/1428/1354
f 1430/1430/1356 1431/1431/1357 1428/1428/1354
f 1429/1429/1355 1432/1432/1358 1426/1426/1352
f 1426/1426/1352 1432/1432/1358 1430/1430/1356
f 1433/1433/1359 1432/1432/1358 1429/1429/1355
f 1424/1424/1350 1423/1423/1349 1433/1433/1359
f 1424/1424/1350 1433/1433/1359 1429/1429/1355
f 1431/1431/1357 1430/1430/1356 1434/1434/1360
f 1435/1435/1361 1431/1431/1357 1434/1434/1360
f 1432/1432/1358 1436/1436/1362 1430/1430/1356
f 1434/1434/1360 1430/1430/1356 1436/1436/1362
f 1436/1436/1362 1437/1437/1363 1434/1434/1360
f 1435/1435/1361 1434/1434/1360 1437/1437/1363
f 1437/1437/1363 1438/1438/1364 1435/1435/1361
f 1432/1432/1358 1433/1433/1359 1439/1439/1365
f 1439/1439/1365 1436/1436/1362 1432/1432/1358
f 1438/1438/1364 1437/1437/1363 1440/1440/1366
f 1441/1441/1367 1438/1438/1364 1440/1440/1366
f 1437/1437/1363 1436/1436/1362 1442/1442/1368
f 1440/1440/1366 1443/1443/1369 1441/1441/1367
f 1443/1443/1369 1444/1444/1370 1441/1441/1367
f 1443/1443/1369 1445/1445/1371 1444/1444/1370
f 1437/1437/1363 1442/1442/1368 1446/1446/1372
f 1440/1440/1366 1437/1437/1363 1446/1446/1372
f 1440/1440/1366 1447/1447/1373 1443/1443/1369
f 1447/1447/1373 1440/1440/1366 1446/1446/1372
f 1447/1447/1373 1448/1448/1374 1443/1443/1369
f 1443/1443/1369 1448/1448/1374 1445/1445/1371
f 1448/1448/1374 1449/1449/1375 1445/1445/1371
f 1447/1447/1373 1446/1446/1372 1450/1450/1376
f 1448/1448/1374 1451/1451/1377 1449/1449/1375
f 1449/1449/1375 1451/1451/1377 1452/1452/1378
f 1448/1448/1374 1447/1447/1373 1453/1453/1379
f 1453/1453/1379 1451/1451/1377 1448/1448/1374
f 1450/1450/1376 1453/1453/1379 1447/1447/1373
f 1454/1454/1380 1452/1452/1378 1451/1451/1377
f 1452/1452/1378 1454/1454/1380 1455/1455/1381
f 1451/1451/1377 1453/1453/1379 1456/1456/1382
f 1455/1455/1381 1454/1454/1380 1457/1457/1383
f 1458/1458/1384 1455/1455/1381 1457/1457/1383
f 1457/1457/1383 1454/1454/1380 1459/1459/1385
f 1456/1456/1382 1459/1459/1385 1451/1451/1377
f 1454/1454/1380 1451/1451/1377 1459/1459/1385
f 1460/1460/1386 1458/1458/1384 1457/1457/1383
f 1458/1458/1384 1460/1460/1386 1461/1461/1387
f 1462/1462/1388 1461/1461/1387 1460/1460/1386
f 1463/1463/1389 1456/1456/1382 1453/1453/1379
f 1453/1453/1379 1450/1450/1376 1463/1463/1389
f 1464/1464/1390 1459/1459/1385 1456/1456/1382
f 1456/1456/1382 1463/1463/1389 1464/1464/1390
f 1465/1465/1391 1463/1463/1389 1450/1450/1376
f 1463/1463/1389 1465/1465/1391 1466/1466/1392
f 1466/1466/1392 1464/1464/1390 1463/1463/1389
f 1459/1459/1385 1464/1464/1390 1467/1467/1393
f 1450/1450/1376 1446/1446/1372 1468/1468/1394
f 1442/1442/1368 1468/1468/1394 1446/1446/1372
f 1468/1468/1394 1465/1465/1391 1450/1450/1376
f 1464/1464/1390 1466/1466/1392 1469/1469/1395
f 1469/1469/1395 1467/1467/1393 1464/1464/1390
f 1468/1468/1394 1442/1442/1368 1470/1470/1396
f 1436/1436/1362 1470/1470/1396 1442/1442/1368
f 1468/1468/1394 1470/1470/1396 1471/1471/1397
f 1465/1465/1391 1468/1468/1394 1471/1471/1397
f 1465/1465/1391 1471/1471/1397 1472/1472/1398
f 1472/1472/1398 1466/1466/1392 1465/1465/1391
f 1436/1436/1362 1439/1439/1365 1473/1473/1399
f 1436/1436/1362 1473/1473/1399 1470/1470/1396
f 1470/1470/1396 1474/1474/1400 1471/1471/1397
f 1473/1473/1399 1474/1474/1400 1470/1470/1396
f 1475/1475/1401 1472/1472/1398 1471/1471/1397
f 1471/1471/1397 1474/1474/1400 1475/1475/1401
f 1476/1476/1402 1475/1475/1401 1474/1474/1400
f 1473/1473/1399 1439/1439/1365 1476/1476/1402
f 1474/1474/1400 1473/1473/1399 1476/1476/1402
f 1466/1466/1392 1472/1472/1398 1477/1477/1403
f 1466/1466/1392 1477/1477/1403 1469/1469/1395
f 1433/1433/1359 1478/1478/1404 1439/1439/1365
f 1478/1478/1404 1476/1476/1402 1439/1439/1365
f 1478/1478/1404 1479/1479/1405 1476/1476/1402
f 1476/1476/1402 1479/1479/1405 1475/1475/1401
f 1475/1475/1401 1480/1480/1406 1472/1472/1398
f 1480/1480/1406 1475/1475/1401 1479/1479/1405
f 1480/1480/1406 1477/1477/1403 1472/1472/1398
f 1423/1423/1349 1481/1481/1407 1433/1433/1359
f 1481/1481/1407 1478/1478/1404 1433/1433/1359
f 1481/1481/1407 1482/1482/1408 1478/1478/1404
f 1479/1479/1405 1478/1478/1404 1482/1482/1408
f 1481/1481/1407 1423/1423/1349 1483/1483/1409
f 1483/1483/1409 1482/1482/1408 1481/1481/1407
f 1423/1423/1349 1419/1419/1345 1483/1483/1409
f 1482/1482/1408 1483/1483/1409 1484/1484/1410
f 1484/1484/1410 1419/1419/1345 1417/1417/1343
f 1419/1419/1345 1484/1484/1410 1483/1483/1409
f 1485/1485/1411 1480/1480/1406 1479/1479/1405
f 1482/1482/1408 1485/1485/1411 1479/1479/1405
f 1486/1486/1412 1482/1482/1408 1484/1484/1410
f 1417/1417/1343 1486/1486/1412 1484/1484/1410
f 1482/1482/1408 1486/1486/1412 1485/1485/1411
f 1486/1486/1412 1417/1417/1343 1410/1410/1336
f 1485/1485/1411 1487/1487/1413 1480/1480/1406
f 1410/1410/1336 1408/1408/1334 1488/1488/1414
f 1410/1410/1336 1488/1488/1414 1486/1486/1412
f 1489/1489/1415 1487/1487/1413 1485/1485/1411
f 1488/1488/1414 1489/1489/1415 1486/1486/1412
f 1486/1486/1412 1489/1489/1415 1485/1485/1411
f 1490/1490/1416 1480/1480/1406 1487/1487/1413
f 1489/1489/1415 1490/1490/1416 1487/1487/1413
f 1491/1491/1417 1408/1408/1334 1405/1405/1331
f 1408/1408/1334 1491/1491/1417 1488/1488/1414
f 1492/1492/1418 1488/1488/1414 1491/1491/1417
f 1490/1490/1416 1489/1489/1415 1492/1492/1418
f 1488/1488/1414 1492/1492/1418 1489/1489/1415
f 1405/1405/1331 1493/1493/1419 1491/1491/1417
f 1493/1493/1419 1405/1405/1331 1406/1406/1332
f 1491/1491/1417 1493/1493/1419 1494/1494/1420
f 1494/1494/1420 1492/1492/1418 1491/1491/1417
f 1492/1492/1418 1495/1495/1421 1490/1490/1416
f 1480/1480/1406 1490/1490/1416 1496/1496/1422
f 1490/1490/1416 1495/1495/1421 1496/1496/1422
f 1477/1477/1403 1480/1480/1406 1496/1496/1422
f 1497/1497/1423 1492/1492/1418 1494/1494/1420
f 1495/1495/1421 1492/1492/1418 1497/1497/1423
f 1477/1477/1403 1498/1498/1424 1469/1469/1395
f 1467/1467/1393 1469/1469/1395 1498/1498/1424
f 1498/1498/1424 1477/1477/1403 1496/1496/1422
f 1496/1496/1422 1499/1499/1425 1498/1498/1424
f 1499/1499/1425 1496/1496/1422 1495/1495/1421
f 1500/1500/1426 1498/1498/1424 1499/1499/1425
f 1459/1459/1385 1467/1467/1393 1500/1500/1426
f 1498/1498/1424 1500/1500/1426 1467/1467/1393
f 1495/1495/1421 1501/1501/1427 1499/1499/1425
f 1502/1502/1428 1459/1459/1385 1500/1500/1426
f 1457/1457/1383 1459/1459/1385 1502/1502/1428
f 1460/1460/1386 1457/1457/1383 1502/1502/1428
f 1503/1503/1429 1502/1502/1428 1500/1500/1426
f 1503/1503/1429 1499/1499/1425 1501/1501/1427
f 1503/1503/1429 1500/1500/1426 1499/1499/1425
f 1504/1504/1430 1502/1502/1428 1503/1503/1429
f 1460/1460/1386 1502/1502/1428 1504/1504/1430
f 1504/1504/1430 1505/1505/1431 1460/1460/1386
f 1505/1505/1431 1462/1462/1388 1460/1460/1386
f 1505/1505/1431 1504/1504/1430 1506/1506/1432
f 1503/1503/1429 1506/1506/1432 1504/1504/1430
f 1506/1506/1432 1507/1507/1433 1505/1505/1431
f 1507/1507/1433 1462/1462/1388 1505/1505/1431
f 1462/1462/1388 1507/1507/1433 1508/1508/1434
f 1506/1506/1432 1503/1503/1429 1509/1509/1435
f 1501/1501/1427 1509/1509/1435 1503/1503/1429
f 1509/1509/1435 1510/1510/1436 1506/1506/1432
f 1507/1507/1433 1506/1506/1432 1510/1510/1436
f 1508/1508/1434 1507/1507/1433 1511/1511/1437
f 1511/1511/1437 1512/1512/1438 1508/1508/1434
f 1507/1507/1433 1513/1513/1439 1511/1511/1437
f 1507/1507/1433 1510/1510/1436 1513/1513/1439
f 1510/1510/1436 1509/1509/1435 1514/1514/1440
f 1514/1514/1440 1513/1513/1439 1510/1510/1436
f 1495/1495/1421 1515/1515/1441 1501/1501/1427
f 1515/1515/1441 1495/1495/1421 1497/1497/1423
f 1509/1509/1435 1501/1501/1427 1515/1515/1441
f 1497/1497/1423 1516/1516/1442 1515/1515/1441
f 1509/1509/1435 1516/1516/1442 1514/1514/1440
f 1516/1516/1442 1497/1497/1423 1494/1494/1420
f 1516/1516/1442 1509/1509/1435 1515/1515/1441
f 1517/1517/1443 1514/1514/1440 1516/1516/1442
f 1494/1494/1420 1517/1517/1443 1516/1516/1442
f 1514/1514/1440 1517/1517/1443 1513/1513/1439
f 1493/1493/1419 1517/1517/1443 1494/1494/1420
f 1518/1518/1444 1513/1513/1439 1517/1517/1443
f 1406/1406/1332 1518/1518/1444 1493/1493/1419
f 1518/1518/1444 1517/1517/1443 1493/1493/1419
f 1513/1513/1439 1518/1518/1444 1519/1519/1445
f 1511/1511/1437 1513/1513/1439 1519/1519/1445
f 1404/1404/1330 1520/1520/1446 1406/1406/1332
f 1520/1520/1446 1518/1518/1444 1406/1406/1332
f 1520/1520/1446 1521/1521/1447 1518/1518/1444
f 1521/1521/1447 1511/1511/1437 1519/1519/1445
f 1521/1521/1447 1519/1519/1445 1518/1518/1444
f 1520/1520/1446 1404/1404/1330 1522/1522/1448
f 1522/1522/1448 1521/1521/1447 1520/1520/1446
f 1512/1512/1438 1511/1511/1437 1523/1523/1449
f 1511/1511/1437 1521/1521/1447 1523/1523/1449
f 1523/1523/1449 1524/1524/1450 1512/1512/1438
f 1525/1525/1451 1521/1521/1447 1522/1522/1448
f 1525/1525/1451 1523/1523/1449 1521/1521/1447
f 1524/1524/1450 1523/1523/1449 1526/1526/1452
f 1526/1526/1452 1523/1523/1449 1525/1525/1451
f 1527/1527/1453 1524/1524/1450 1526/1526/1452
f 1524/1524/1450 1527/1527/1453 1528/1528/1454
f 1527/1527/1453 1526/1526/1452 1529/1529/1455
f 1522/1522/1448 1529/1529/1455 1525/1525/1451
f 1526/1526/1452 1525/1525/1451 1529/1529/1455
f 1530/1530/1456 1528/1528/1454 1527/1527/1453
f 1528/1528/1454 1530/1530/1456 1531/1531/1457
f 1532/1532/1458 1527/1527/1453 1529/1529/1455
f 1527/1527/1453 1532/1532/1458 1530/1530/1456
f 1404/1404/1330 1533/1533/1459 1522/1522/1448
f 1533/1533/1459 1404/1404/1330 1401/1401/1327
f 1529/1529/1455 1522/1522/1448 1533/1533/1459
f 1532/1532/1458 1529/1529/1455 1534/1534/1460
f 1533/1533/1459 1534/1534/1460 1529/1529/1455
f 1535/1535/1461 1533/1533/1459 1401/1401/1327
f 1533/1533/1459 1535/1535/1461 1534/1534/1460
f 1401/1401/1327 1398/1398/1324 1535/1535/1461
f 1535/1535/1461 1536/1536/1462 1534/1534/1460
f 1536/1536/1462 1532/1532/1458 1534/1534/1460
f 1532/1532/1458 1536/1536/1462 1537/1537/1463
f 1530/1530/1456 1532/1532/1458 1537/1537/1463
f 1537/1537/1463 1538/1538/1464 1530/1530/1456
f 1531/1531/1457 1530/1530/1456 1538/1538/1464
f 1538/1538/1464 1539/1539/1465 1531/1531/1457
f 1540/1540/1466 1537/1537/1463 1536/1536/1462
f 1539/1539/1465 1538/1538/1464 1541/1541/1467
f 1541/1541/1467 1542/1542/1468 1539/1539/1465
f 1542/1542/1468 1541/1541/1467 1543/1543/1469
f 1543/1543/1469 1541/1541/1467 1544/1544/1470
f 1538/1538/1464 1537/1537/1463 1545/1545/1471
f 1545/1545/1471 1541/1541/1467 1538/1538/1464
f 1540/1540/1466 1545/1545/1471 1537/1537/1463
f 1541/1541/1467 1546/1546/1472 1544/1544/1470
f 1547/1547/1473 1544/1544/1470 1546/1546/1472
f 1541/1541/1467 1548/1548/1474 1546/1546/1472
f 1548/1548/1474 1541/1541/1467 1545/1545/1471
f 1549/1549/1475 1547/1547/1473 1546/1546/1472
f 1547/1547/1473 1549/1549/1475 1550/1550/1476
f 1551/1551/1477 1549/1549/1475 1546/1546/1472
f 1551/1551/1477 1546/1546/1472 1548/1548/1474
f 1551/1551/1477 1552/1552/1478 1549/1549/1475
f 1551/1551/1477 1553/1553/1479 1552/1552/1478
f 1548/1548/1474 1554/1554/1480 1551/1551/1477
f 1553/1553/1479 1551/1551/1477 1554/1554/1480
f 1555/1555/1481 1553/1553/1479 1554/1554/1480
f 1545/1545/1471 1556/1556/1482 1548/1548/1474
f 1554/1554/1480 1548/1548/1474 1556/1556/1482
f 1556/1556/1482 1545/1545/1471 1540/1540/1466
f 1557/1557/1483 1555/1555/1481 1554/1554/1480
f 1540/1540/1466 1558/1558/1484 1556/1556/1482
f 1556/1556/1482 1559/1559/1485 1554/1554/1480
f 1559/1559/1485 1556/1556/1482 1558/1558/1484
f 1554/1554/1480 1559/1559/1485 1557/1557/1483
f 1559/1559/1485 1389/1389/1315 1392/1392/1318
f 1557/1557/1483 1559/1559/1485 1392/1392/1318
f 1560/1560/1486 1540/1540/1466 1536/1536/1462
f 1558/1558/1484 1540/1540/1466 1560/1560/1486
f 1535/1535/1461 1560/1560/1486 1536/1536/1462
f 1558/1558/1484 1561/1561/1487 1559/1559/1485
f 1535/1535/1461 1398/1398/1324 1561/1561/1487
f 1398/1398/1324 1390/1390/1316 1561/1561/1487
f 1390/1390/1316 1389/1389/1315 1561/1561/1487
f 1389/1389/1315 1559/1559/1485 1561/1561/1487
f 1561/1561/1487 1560/1560/1486 1535/1535/1461
f 1561/1561/1487 1558/1558/1484 1560/1560/1486
f 1562/1562/1488 1555/1555/1481 1557/1557/1483
f 1562/1562/1488 1392/1392/1318 1394/1394/1320
f 1557/1557/1483 1392/1392/1318 1562/1562/1488
f 1555/1555/1481 1562/1562/1488 1563/1563/1489
f 1562/1562/1488 1564/1564/1490 1563/1563/1489
f 1394/1394/1320 1564/1564/1490 1562/1562/1488
f 1563/1563/1489 1565/1565/1491 1555/1555/1481
f 1555/1555/1481 1565/1565/1491 1566/1566/1492
f 1566/1566/1492 1565/1565/1491 1567/1567/1493
f 1565/1565/1491 1568/1568/1494 1567/1567/1493
f 1563/1563/1489 1564/1564/1490 1568/1568/1494
f 1564/1564/1490 1567/1567/1493 1568/1568/1494
f 1565/1565/1491 1563/1563/1489 1568/1568/1494
f 1567/1567/1493 1564/1564/1490 1569/1569/1495
f 1564/1564/1490 1570/1570/1496 1569/1569/1495
f 1570/1570/1496 1564/1564/1490 1571/1571/1497
f 1564/1564/1490 1572/1572/1498 1571/1571/1497
f 1394/1394/1320 1382/1382/1308 1572/1572/1498
f 1382/1382/1308 1365/1365/1291 1572/1572/1498
f 1572/1572/1498 1564/1564/1490 1394/1394/1320
f 1573/1573/1499 1570/1570/1496 1571/1571/1497
f 1572/1572/1498 1573/1573/1499 1571/1571/1497
f 1365/1365/1291 1573/1573/1499 1572/1572/1498
f 1573/1573/1499 1365/1365/1291 1361/1361/1287
f 1570/1570/1496 1573/1573/1499 1574/1574/1500
f 1573/1573/1499 1575/1575/1501 1574/1574/1500
f 1361/1361/1287 1326/1326/1252 1576/1576/1502
f 1573/1573/1499 1361/1361/1287 1576/1576/1502
f 1573/1573/1499 1576/1576/1502 1577/1577/1503
f 1575/1575/1501 1573/1573/1499 1577/1577/1503
f 1578/1578/1504 1575/1575/1501 1577/1577/1503
f 1578/1578/1504 1577/1577/1503 1576/1576/1502
f 1326/1326/1252 1578/1578/1504 1576/1576/1502
f 1326/1326/1252 1579/1579/1505 1578/1578/1504
f 1579/1579/1505 1575/1575/1501 1578/1578/1504
f 1580/1580/1506 1581/1581/1507 1582/1582/1508
f 1581/1581/1507 1580/1580/1506 1583/1583/1509
f 1584/1584/1510 1581/1581/1507 1583/1583/1509
f 1584/1584/1510 1585/1585/555 1586/1586/554
f 1585/1585/555 1584/1584/1510 1587/1587/1511
f 1584/1584/1510 1583/1583/1509 1587/1587/1511
f 1588/1588/1512 1583/1583/1509 1580/1580/1506
f 1585/1585/555 1587/1587/1511 1589/1589/1513
f 1589/1589/1513 1590/1590/558 1585/1585/555
f 1587/1587/1511 1591/1591/1514 1589/1589/1513
f 1591/1591/1514 1583/1583/1509 1588/1588/1512
f 1591/1591/1514 1587/1587/1511 1583/1583/1509
f 1590/1590/558 1589/1589/1513 1592/1592/1515
f 1592/1592/1515 1593/1593/1516 1590/1590/558
f 1594/1594/1517 1592/1592/1515 1589/1589/1513
f 1589/1589/1513 1591/1591/1514 1594/1594/1517
f 1595/1595/1518 1593/1593/1516 1592/1592/1515
f 1593/1593/1516 1595/1595/1518 1596/1596/567
f 1592/1592/1515 1597/1597/1519 1595/1595/1518
f 1597/1597/1519 1592/1592/1515 1594/1594/1517
f 1595/1595/1518 1598/1598/1520 1596/1596/567
f 1596/1596/567 1598/1598/1520 1599/1599/1521
f 1595/1595/1518 1600/1600/1522 1598/1598/1520
f 1600/1600/1522 1595/1595/1518 1597/1597/1519
f 1598/1598/1520 1601/1601/1523 1599/1599/1521
f 1599/1599/1521 1601/1601/1523 1602/1602/683
f 1601/1601/1523 1603/1603/679 1602/1602/683
f 1598/1598/1520 1604/1604/1524 1601/1601/1523
f 1604/1604/1524 1598/1598/1520 1600/1600/1522
f 1604/1604/1524 1605/1605/1525 1601/1601/1523
f 1603/1603/679 1601/1601/1523 1605/1605/1525
f 1605/1605/1525 1606/1606/678 1603/1603/679
f 1605/1605/1525 1604/1604/1524 1607/1607/664
f 1607/1607/664 1608/1608/668 1605/1605/1525
f 1609/1609/663 1607/1607/664 1604/1604/1524
f 1610/1610/1526 1605/1605/1525 1608/1608/668
f 1606/1606/678 1605/1605/1525 1610/1610/1526
f 1611/1611/1527 1610/1610/1526 1608/1608/668
f 1612/1612/675 1606/1606/678 1610/1610/1526
f 1613/1613/1528 1612/1612/675 1610/1610/1526
f 1610/1610/1526 1611/1611/1527 1613/1613/1528
f 1609/1609/663 1604/1604/1524 1614/1614/1529
f 1600/1600/1522 1614/1614/1529 1604/1604/1524
f 1615/1615/1530 1609/1609/663 1614/1614/1529
f 1609/1609/663 1615/1615/1530 1616/1616/661
f 1597/1597/1519 1617/1617/1531 1600/1600/1522
f 1614/1614/1529 1600/1600/1522 1617/1617/1531
f 1618/1618/1532 1614/1614/1529 1617/1617/1531
f 1614/1614/1529 1618/1618/1532 1615/1615/1530
f 1617/1617/1531 1597/1597/1519 1619/1619/1533
f 1619/1619/1533 1597/1597/1519 1594/1594/1517
f 1620/1620/1534 1617/1617/1531 1619/1619/1533
f 1617/1617/1531 1620/1620/1534 1618/1618/1532
f 1621/1621/1535 1594/1594/1517 1591/1591/1514
f 1619/1619/1533 1594/1594/1517 1621/1621/1535
f 1619/1619/1533 1622/1622/1536 1620/1620/1534
f 1622/1622/1536 1619/1619/1533 1621/1621/1535
f 1623/1623/1537 1591/1591/1514 1588/1588/1512
f 1621/1621/1535 1591/1591/1514 1623/1623/1537
f 1624/1624/1538 1621/1621/1535 1623/1623/1537
f 1621/1621/1535 1624/1624/1538 1622/1622/1536
f 1580/1580/1506 1625/1625/1539 1588/1588/1512
f 1623/1623/1537 1588/1588/1512 1625/1625/1539
f 1625/1625/1539 1580/1580/1506 1626/1626/1540
f 1625/1625/1539 1626/1626/1540 1627/1627/1541
f 1625/1625/1539 1627/1627/1541 1628/1628/1542
f 1623/1623/1537 1628/1628/1542 1624/1624/1538
f 1628/1628/1542 1623/1623/1537 1625/1625/1539
f 1629/1629/1543 1627/1627/1541 1630/1630/1544
f 1628/1628/1542 1627/1627/1541 1631/1631/1545
f 1627/1627/1541 1629/1629/1543 1631/1631/1545
f 1624/1624/1538 1628/1628/1542 1631/1631/1545
f 1632/1632/1546 1631/1631/1545 1629/1629/1543
f 1631/1631/1545 1632/1632/1546 1633/1633/1547
f 1633/1633/1547 1624/1624/1538 1631/1631/1545
f 1632/1632/1546 1634/1634/604 1633/1633/1547
f 1632/1632/1546 1635/1635/605 1634/1634/604
f 1624/1624/1538 1633/1633/1547 1636/1636/1548
f 1634/1634/604 1636/1636/1548 1633/1633/1547
f 1636/1636/1548 1622/1622/1536 1624/1624/1538
f 1636/1636/1548 1634/1634/604 1637/1637/606
f 1637/1637/606 1638/1638/1549 1636/1636/1548
f 1622/1622/1536 1638/1638/1549 1620/1620/1534
f 1622/1622/1536 1636/1636/1548 1638/1638/1549
f 1638/1638/1549 1637/1637/606 1639/1639/608
f 1620/1620/1534 1638/1638/1549 1640/1640/1550
f 1639/1639/608 1640/1640/1550 1638/1638/1549
f 1640/1640/1550 1618/1618/1532 1620/1620/1534
f 1640/1640/1550 1639/1639/608 1641/1641/611
f 1640/1640/1550 1641/1641/611 1642/1642/1551
f 1615/1615/1530 1618/1618/1532 1642/1642/1551
f 1618/1618/1532 1640/1640/1550 1642/1642/1551
f 1641/1641/611 1643/1643/1552 1642/1642/1551
f 1644/1644/1553 1642/1642/1551 1643/1643/1552
f 1615/1615/1530 1642/1642/1551 1644/1644/1553
f 1644/1644/1553 1643/1643/1552 1645/1645/617
f 1644/1644/1553 1645/1645/617 1646/1646/622
f 1646/1646/622 1647/1647/1554 1644/1644/1553
f 1615/1615/1530 1647/1647/1554 1616/1616/661
f 1647/1647/1554 1615/1615/1530 1644/1644/1553
f 1647/1647/1554 1646/1646/622 1648/1648/626
f 1647/1647/1554 1649/1649/660 1616/1616/661
f 1649/1649/660 1647/1647/1554 1650/1650/1555
f 1650/1650/1555 1647/1647/1554 1648/1648/626
f 1651/1651/627 1650/1650/1555 1648/1648/626
f 1652/1652/1556 1649/1649/660 1650/1650/1555
f 1650/1650/1555 1653/1653/1557 1652/1652/1556
f 1650/1650/1555 1651/1651/627 1653/1653/1557
f 1654/1654/1508 1655/1655/1540 1656/1656/1558
f 1657/1657/1559 1655/1655/1540 1654/1654/1508
f 1655/1655/1540 1657/1657/1559 1658/1658/1560
f 1659/1659/1561 1658/1658/1560 1657/1657/1559
f 1658/1658/1560 1659/1659/1561 1660/1660/1562
f 1654/1654/1508 1661/1661/1563 1657/1657/1559
f 1662/1662/1564 1660/1660/1562 1659/1659/1561
f 1660/1660/1562 1662/1662/1564 1663/1663/1565
f 1662/1662/1564 1664/1664/1566 1663/1663/1565
f 1659/1659/1561 1665/1665/1567 1662/1662/1564
f 1665/1665/1567 1657/1657/1559 1661/1661/1563
f 1657/1657/1559 1665/1665/1567 1659/1659/1561
f 1664/1664/1566 1662/1662/1564 1666/1666/1568
f 1666/1666/1568 1667/1667/1569 1664/1664/1566
f 1662/1662/1564 1665/1665/1567 1668/1668/1570
f 1662/1662/1564 1668/1668/1570 1666/1666/1568
f 1668/1668/1570 1669/1669/1571 1666/1666/1568
f 1665/1665/1567 1669/1669/1571 1668/1668/1570
f 1669/1669/1571 1670/1670/1572 1666/1666/1568
f 1667/1667/1569 1666/1666/1568 1670/1670/1572
f 1671/1671/1573 1667/1667/1569 1670/1670/1572
f 1667/1667/1569 1671/1671/1573 1672/1672/1574
f 1670/1670/1572 1669/1669/1571 1673/1673/1575
f 1674/1674/1576 1672/1672/1574 1671/1671/1573
f 1672/1672/1574 1674/1674/1576 1675/1675/1577
f 1673/1673/1575 1676/1676/1578 1670/1670/1572
f 1670/1670/1572 1676/1676/1578 1671/1671/1573
f 1677/1677/1579 1671/1671/1573 1676/1676/1578
f 1671/1671/1573 1677/1677/1579 1674/1674/1576
f 1678/1678/1580 1675/1675/1577 1674/1674/1576
f 1677/1677/1579 1678/1678/1580 1674/1674/1576
f 1675/1675/1577 1678/1678/1580 1679/1679/1581
f 1679/1679/1581 1678/1678/1580 1680/1680/1496
f 1677/1677/1579 1681/1681/1495 1678/1678/1580
f 1678/1678/1580 1681/1681/1495 1680/1680/1496
f 1677/1677/1579 1682/1682/1493 1681/1681/1495
f 1682/1682/1493 1677/1677/1579 1683/1683/1582
f 1677/1677/1579 1684/1684/1583 1683/1683/1582
f 1684/1684/1583 1677/1677/1579 1676/1676/1578
f 1685/1685/1584 1682/1682/1493 1683/1683/1582
f 1682/1682/1493 1685/1685/1584 1686/1686/1492
f 1687/1687/1481 1686/1686/1492 1685/1685/1584
f 1687/1687/1481 1685/1685/1584 1688/1688/1479
f 1685/1685/1584 1689/1689/1478 1688/1688/1479
f 1689/1689/1478 1685/1685/1584 1690/1690/1585
f 1683/1683/1582 1684/1684/1583 1690/1690/1585
f 1685/1685/1584 1683/1683/1582 1690/1690/1585
f 1690/1690/1585 1691/1691/1586 1689/1689/1478
f 1684/1684/1583 1692/1692/1587 1690/1690/1585
f 1691/1691/1586 1690/1690/1585 1692/1692/1587
f 1692/1692/1587 1693/1693/1588 1691/1691/1586
f 1684/1684/1583 1694/1694/1589 1692/1692/1587
f 1694/1694/1589 1676/1676/1578 1673/1673/1575
f 1676/1676/1578 1694/1694/1589 1684/1684/1583
f 1693/1693/1588 1692/1692/1587 1695/1695/1590
f 1694/1694/1589 1695/1695/1590 1692/1692/1587
f 1696/1696/1591 1694/1694/1589 1673/1673/1575
f 1695/1695/1590 1694/1694/1589 1696/1696/1591
f 1697/1697/1592 1673/1673/1575 1669/1669/1571
f 1696/1696/1591 1673/1673/1575 1697/1697/1592
f 1697/1697/1592 1698/1698/1593 1696/1696/1591
f 1698/1698/1593 1695/1695/1590 1696/1696/1591
f 1695/1695/1590 1698/1698/1593 1699/1699/1594
f 1699/1699/1594 1693/1693/1588 1695/1695/1590
f 1669/1669/1571 1700/1700/1595 1697/1697/1592
f 1669/1669/1571 1665/1665/1567 1700/1700/1595
f 1698/1698/1593 1697/1697/1592 1701/1701/1596
f 1701/1701/1596 1697/1697/1592 1700/1700/1595
f 1702/1702/1597 1701/1701/1596 1700/1700/1595
f 1661/1661/1563 1702/1702/1597 1665/1665/1567
f 1702/1702/1597 1700/1700/1595 1665/1665/1567
f 1698/1698/1593 1701/1701/1596 1703/1703/1598
f 1704/1704/1599 1702/1702/1597 1661/1661/1563
f 1704/1704/1599 1661/1661/1563 1654/1654/1508
f 1705/1705/1600 1703/1703/1598 1701/1701/1596
f 1702/1702/1597 1705/1705/1600 1701/1701/1596
f 1705/1705/1600 1702/1702/1597 1706/1706/1601
f 1702/1702/1597 1704/1704/1599 1706/1706/1601
f 1654/1654/1508 1707/1707/1602 1704/1704/1599
f 1707/1707/1602 1706/1706/1601 1704/1704/1599
f 1707/1707/1602 1654/1654/1508 1708/1708/1603
f 1706/1706/1601 1707/1707/1602 1709/1709/1604
f 1707/1707/1602 1710/1710/1605 1709/1709/1604
f 1710/1710/1605 1707/1707/1602 1708/1708/1603
f 1708/1708/1603 1711/1711/1606 1710/1710/1605
f 1712/1712/1607 1710/1710/1605 1711/1711/1606
f 1713/1713/1608 1706/1706/1601 1709/1709/1604
f 1710/1710/1605 1713/1713/1608 1709/1709/1604
f 1706/1706/1601 1713/1713/1608 1705/1705/1600
f 1713/1713/1608 1710/1710/1605 1714/1714/1609
f 1710/1710/1605 1712/1712/1607 1714/1714/1609
f 1715/1715/1610 1714/1714/1609 1712/1712/1607
f 1715/1715/1610 1712/1712/1607 1716/1716/1611
f 1713/1713/1608 1714/1714/1609 1717/1717/1612
f 1715/1715/1610 1717/1717/1612 1714/1714/1609
f 1717/1717/1612 1718/1718/1613 1713/1713/1608
f 1703/1703/1598 1705/1705/1600 1718/1718/1613
f 1718/1718/1613 1705/1705/1600 1713/1713/1608
f 1716/1716/1611 1719/1719/1614 1715/1715/1610
f 1719/1719/1614 1716/1716/1611 1720/1720/1615
f 1715/1715/1610 1719/1719/1614 1721/1721/1616
f 1717/1717/1612 1715/1715/1610 1721/1721/1616
f 1722/1722/1617 1719/1719/1614 1720/1720/1615
f 1720/1720/1615 1723/1723/1618 1722/1722/1617
f 1722/1722/1617 1724/1724/1619 1719/1719/1614
f 1724/1724/1619 1721/1721/1616 1719/1719/1614
f 1723/1723/1618 1725/1725/1620 1722/1722/1617
f 1723/1723/1618 1726/1726/564 1725/1725/1620
f 1724/1724/1619 1722/1722/1617 1727/1727/1621
f 1727/1727/1621 1722/1722/1617 1725/1725/1620
f 1728/1728/1622 1721/1721/1616 1724/1724/1619
f 1724/1724/1619 1729/1729/1623 1728/1728/1622
f 1729/1729/1623 1724/1724/1619 1727/1727/1621
f 1730/1730/1624 1717/1717/1612 1721/1721/1616
f 1721/1721/1616 1728/1728/1622 1730/1730/1624
f 1729/1729/1623 1731/1731/1625 1728/1728/1622
f 1717/1717/1612 1730/1730/1624 1732/1732/1626
f 1730/1730/1624 1728/1728/1622 1733/1733/1627
f 1731/1731/1625 1733/1733/1627 1728/1728/1622
f 1717/1717/1612 1734/1734/1628 1718/1718/1613
f 1734/1734/1628 1717/1717/1612 1732/1732/1626
f 1735/1735/1629 1734/1734/1628 1732/1732/1626
f 1735/1735/1629 1730/1730/1624 1733/1733/1627
f 1730/1730/1624 1735/1735/1629 1732/1732/1626
f 1734/1734/1628 1736/1736/1630 1718/1718/1613
f 1703/1703/1598 1718/1718/1613 1736/1736/1630
f 1737/1737/1631 1736/1736/1630 1734/1734/1628
f 1734/1734/1628 1735/1735/1629 1737/1737/1631
f 1733/1733/1627 1738/1738/1632 1735/1735/1629
f 1739/1739/1633 1735/1735/1629 1738/1738/1632
f 1735/1735/1629 1739/1739/1633 1737/1737/1631
f 1736/1736/1630 1737/1737/1631 1740/1740/1634
f 1741/1741/1635 1737/1737/1631 1739/1739/1633
f 1737/1737/1631 1741/1741/1635 1740/1740/1634
f 1703/1703/1598 1742/1742/1636 1698/1698/1593
f 1742/1742/1636 1699/1699/1594 1698/1698/1593
f 1742/1742/1636 1703/1703/1598 1736/1736/1630
f 1736/1736/1630 1743/1743/1637 1742/1742/1636
f 1743/1743/1637 1736/1736/1630 1740/1740/1634
f 1744/1744/1638 1740/1740/1634 1741/1741/1635
f 1740/1740/1634 1744/1744/1638 1743/1743/1637
f 1744/1744/1638 1745/1745/1639 1743/1743/1637
f 1745/1745/1639 1742/1742/1636 1743/1743/1637
f 1742/1742/1636 1745/1745/1639 1746/1746/1640
f 1699/1699/1594 1742/1742/1636 1746/1746/1640
f 1746/1746/1640 1747/1747/1641 1699/1699/1594
f 1747/1747/1641 1746/1746/1640 1748/1748/1642
f 1748/1748/1642 1746/1746/1640 1745/1745/1639
f 1749/1749/1643 1748/1748/1642 1745/1745/1639
f 1745/1745/1639 1744/1744/1638 1749/1749/1643
f 1699/1699/1594 1750/1750/1644 1693/1693/1588
f 1699/1699/1594 1747/1747/1641 1750/1750/1644
f 1751/1751/1473 1693/1693/1588 1750/1750/1644
f 1750/1750/1644 1752/1752/1645 1751/1751/1473
f 1753/1753/1470 1751/1751/1473 1752/1752/1645
f 1750/1750/1644 1754/1754/1646 1752/1752/1645
f 1754/1754/1646 1750/1750/1644 1747/1747/1641
f 1755/1755/1647 1752/1752/1645 1754/1754/1646
f 1755/1755/1647 1753/1753/1470 1752/1752/1645
f 1753/1753/1470 1755/1755/1647 1756/1756/1469
f 1755/1755/1647 1757/1757/1648 1756/1756/1469
f 1758/1758/1649 1747/1747/1641 1748/1748/1642
f 1747/1747/1641 1758/1758/1649 1754/1754/1646
f 1759/1759/1650 1754/1754/1646 1758/1758/1649
f 1754/1754/1646 1759/1759/1650 1755/1755/1647
f 1757/1757/1648 1755/1755/1647 1760/1760/1651
f 1759/1759/1650 1760/1760/1651 1755/1755/1647
f 1760/1760/1651 1761/1761/1652 1757/1757/1648
f 1748/1748/1642 1749/1749/1643 1762/1762/1653
f 1758/1758/1649 1748/1748/1642 1762/1762/1653
f 1761/1761/1652 1760/1760/1651 1763/1763/1654
f 1763/1763/1654 1764/1764/1655 1761/1761/1652
f 1760/1760/1651 1759/1759/1650 1765/1765/1656
f 1763/1763/1654 1760/1760/1651 1765/1765/1656
f 1762/1762/1653 1766/1766/1657 1758/1758/1649
f 1759/1759/1650 1758/1758/1649 1766/1766/1657
f 1767/1767/1658 1759/1759/1650 1766/1766/1657
f 1759/1759/1650 1767/1767/1658 1765/1765/1656
f 1768/1768/1659 1765/1765/1656 1767/1767/1658
f 1765/1765/1656 1768/1768/1659 1763/1763/1654
f 1764/1764/1655 1763/1763/1654 1769/1769/1660
f 1769/1769/1660 1770/1770/1661 1764/1764/1655
f 1763/1763/1654 1771/1771/1662 1769/1769/1660
f 1771/1771/1662 1763/1763/1654 1768/1768/1659
f 1772/1772/1663 1771/1771/1662 1768/1768/1659
f 1767/1767/1658 1772/1772/1663 1768/1768/1659
f 1770/1770/1661 1769/1769/1660 1773/1773/1664
f 1771/1771/1662 1773/1773/1664 1769/1769/1660
f 1766/1766/1657 1774/1774/1665 1767/1767/1658
f 1774/1774/1665 1772/1772/1663 1767/1767/1658
f 1771/1771/1662 1772/1772/1663 1775/1775/1666
f 1774/1774/1665 1766/1766/1657 1776/1776/1667
f 1775/1775/1666 1777/1777/1668 1771/1771/1662
f 1771/1771/1662 1777/1777/1668 1773/1773/1664
f 1766/1766/1657 1778/1778/1669 1776/1776/1667
f 1766/1766/1657 1762/1762/1653 1778/1778/1669
f 1779/1779/1670 1776/1776/1667 1778/1778/1669
f 1779/1779/1670 1774/1774/1665 1776/1776/1667
f 1779/1779/1670 1780/1780/1671 1774/1774/1665
f 1780/1780/1671 1775/1775/1666 1772/1772/1663
f 1772/1772/1663 1774/1774/1665 1780/1780/1671
f 1762/1762/1653 1781/1781/1672 1778/1778/1669
f 1781/1781/1672 1779/1779/1670 1778/1778/1669
f 1781/1781/1672 1762/1762/1653 1749/1749/1643
f 1744/1744/1638 1781/1781/1672 1749/1749/1643
f 1741/1741/1635 1782/1782/1673 1744/1744/1638
f 1744/1744/1638 1782/1782/1673 1781/1781/1672
f 1782/1782/1673 1783/1783/1674 1781/1781/1672
f 1783/1783/1674 1779/1779/1670 1781/1781/1672
f 1782/1782/1673 1741/1741/1635 1784/1784/1675
f 1739/1739/1633 1784/1784/1675 1741/1741/1635
f 1784/1784/1675 1785/1785/1676 1782/1782/1673
f 1783/1783/1674 1782/1782/1673 1785/1785/1676
f 1780/1780/1671 1779/1779/1670 1786/1786/1677
f 1783/1783/1674 1786/1786/1677 1779/1779/1670
f 1738/1738/1632 1787/1787/1678 1739/1739/1633
f 1784/1784/1675 1739/1739/1633 1787/1787/1678
f 1785/1785/1676 1784/1784/1675 1788/1788/1679
f 1787/1787/1678 1788/1788/1679 1784/1784/1675
f 1783/1783/1674 1789/1789/1680 1786/1786/1677
f 1785/1785/1676 1789/1789/1680 1783/1783/1674
f 1789/1789/1680 1785/1785/1676 1790/1790/1681
f 1788/1788/1679 1790/1790/1681 1785/1785/1676
f 1788/1788/1679 1787/1787/1678 1791/1791/1682
f 1790/1790/1681 1788/1788/1679 1792/1792/1683
f 1791/1791/1682 1792/1792/1683 1788/1788/1679
f 1793/1793/1684 1789/1789/1680 1790/1790/1681
f 1787/1787/1678 1738/1738/1632 1794/1794/1685
f 1791/1791/1682 1787/1787/1678 1794/1794/1685
f 1795/1795/1686 1790/1790/1681 1792/1792/1683
f 1790/1790/1681 1795/1795/1686 1793/1793/1684
f 1796/1796/1687 1794/1794/1685 1738/1738/1632
f 1738/1738/1632 1733/1733/1627 1796/1796/1687
f 1731/1731/1625 1796/1796/1687 1733/1733/1627
f 1794/1794/1685 1796/1796/1687 1797/1797/1688
f 1798/1798/1689 1797/1797/1688 1796/1796/1687
f 1796/1796/1687 1731/1731/1625 1798/1798/1689
f 1731/1731/1625 1729/1729/1623 1799/1799/1690
f 1731/1731/1625 1799/1799/1690 1798/1798/1689
f 1797/1797/1688 1798/1798/1689 1800/1800/1691
f 1727/1727/1621 1801/1801/1692 1729/1729/1623
f 1729/1729/1623 1801/1801/1692 1799/1799/1690
f 1798/1798/1689 1802/1802/1693 1800/1800/1691
f 1798/1798/1689 1799/1799/1690 1802/1802/1693
f 1727/1727/1621 1725/1725/1620 1803/1803/1694
f 1801/1801/1692 1727/1727/1621 1803/1803/1694
f 1804/1804/1695 1799/1799/1690 1801/1801/1692
f 1804/1804/1695 1802/1802/1693 1799/1799/1690
f 1805/1805/1696 1804/1804/1695 1801/1801/1692
f 1803/1803/1694 1805/1805/1696 1801/1801/1692
f 1805/1805/1696 1803/1803/1694 1806/1806/1697
f 1803/1803/1694 1725/1725/1620 1806/1806/1697
f 1725/1725/1620 1807/1807/1698 1806/1806/1697
f 1726/1726/564 1807/1807/1698 1725/1725/1620
f 1726/1726/564 1808/1808/1699 1807/1807/1698
f 1809/1809/576 1807/1807/1698 1808/1808/1699
f 1810/1810/1700 1806/1806/1697 1807/1807/1698
f 1807/1807/1698 1809/1809/576 1810/1810/1700
f 1811/1811/578 1810/1810/1700 1809/1809/576
f 1812/1812/1701 1806/1806/1697 1810/1810/1700
f 1812/1812/1701 1805/1805/1696 1806/1806/1697
f 1812/1812/1701 1810/1810/1700 1813/1813/1702
f 1810/1810/1700 1811/1811/578 1813/1813/1702
f 1814/1814/579 1813/1813/1702 1811/1811/578
f 1813/1813/1702 1814/1814/579 1815/1815/1703
f 1812/1812/1701 1813/1813/1702 1816/1816/1704
f 1815/1815/1703 1816/1816/1704 1813/1813/1702
f 1816/1816/1704 1815/1815/1703 1817/1817/1705
f 1805/1805/1696 1812/1812/1701 1818/1818/1706
f 1819/1819/1707 1816/1816/1704 1817/1817/1705
f 1819/1819/1707 1817/1817/1705 1820/1820/1708
f 1821/1821/1709 1819/1819/1707 1820/1820/1708
f 1812/1812/1701 1822/1822/1710 1818/1818/1706
f 1822/1822/1710 1812/1812/1701 1816/1816/1704
f 1816/1816/1704 1819/1819/1707 1823/1823/1711
f 1816/1816/1704 1823/1823/1711 1822/1822/1710
f 1819/1819/1707 1821/1821/1709 1824/1824/1712
f 1825/1825/1713 1824/1824/1712 1821/1821/1709
f 1826/1826/1714 1822/1822/1710 1823/1823/1711
f 1819/1819/1707 1824/1824/1712 1826/1826/1714
f 1823/1823/1711 1819/1819/1707 1826/1826/1714
f 1827/1827/1715 1818/1818/1706 1822/1822/1710
f 1822/1822/1710 1826/1826/1714 1827/1827/1715
f 1805/1805/1696 1818/1818/1706 1828/1828/1716
f 1828/1828/1716 1818/1818/1706 1827/1827/1715
f 1829/1829/1717 1828/1828/1716 1827/1827/1715
f 1827/1827/1715 1826/1826/1714 1829/1829/1717
f 1826/1826/1714 1830/1830/1718 1829/1829/1717
f 1826/1826/1714 1824/1824/1712 1830/1830/1718
f 1828/1828/1716 1831/1831/1719 1805/1805/1696
f 1804/1804/1695 1805/1805/1696 1831/1831/1719
f 1824/1824/1712 1825/1825/1713 1832/1832/1720
f 1824/1824/1712 1832/1832/1720 1830/1830/1718
f 1833/1833/1721 1829/1829/1717 1830/1830/1718
f 1832/1832/1720 1833/1833/1721 1830/1830/1718
f 1825/1825/1713 1834/1834/1722 1832/1832/1720
f 1833/1833/1721 1832/1832/1720 1834/1834/1722
f 1834/1834/1722 1825/1825/1713 1835/1835/1723
f 1834/1834/1722 1836/1836/1724 1833/1833/1721
f 1835/1835/1723 1836/1836/1724 1834/1834/1722
f 1836/1836/1724 1835/1835/1723 1837/1837/1725
f 1829/1829/1717 1833/1833/1721 1838/1838/1726
f 1837/1837/1725 1839/1839/1727 1836/1836/1724
f 1839/1839/1727 1837/1837/1725 1840/1840/1728
f 1841/1841/1729 1839/1839/1727 1840/1840/1728
f 1839/1839/1727 1842/1842/1730 1836/1836/1724
f 1833/1833/1721 1842/1842/1730 1838/1838/1726
f 1836/1836/1724 1842/1842/1730 1833/1833/1721
f 1839/1839/1727 1841/1841/1729 1843/1843/1731
f 1843/1843/1731 1841/1841/1729 1844/1844/1732
f 1842/1842/1730 1839/1839/1727 1845/1845/1733
f 1839/1839/1727 1843/1843/1731 1845/1845/1733
f 1846/1846/1734 1838/1838/1726 1842/1842/1730
f 1845/1845/1733 1846/1846/1734 1842/1842/1730
f 1845/1845/1733 1847/1847/1735 1846/1846/1734
f 1843/1843/1731 1847/1847/1735 1845/1845/1733
f 1844/1844/1732 1848/1848/1736 1843/1843/1731
f 1844/1844/1732 1849/1849/1737 1848/1848/1736
f 1849/1849/1737 1844/1844/1732 1850/1850/1738
f 1851/1851/1739 1843/1843/1731 1848/1848/1736
f 1849/1849/1737 1851/1851/1739 1848/1848/1736
f 1843/1843/1731 1851/1851/1739 1852/1852/1740
f 1843/1843/1731 1852/1852/1740 1847/1847/1735
f 1850/1850/1738 1853/1853/1741 1849/1849/1737
f 1853/1853/1741 1850/1850/1738 1854/1854/1742
f 1851/1851/1739 1849/1849/1737 1855/1855/1743
f 1854/1854/1742 1856/1856/1744 1853/1853/1741
f 1856/1856/1744 1854/1854/1742 1857/1857/1745
f 1858/1858/1746 1855/1855/1743 1849/1849/1737
f 1853/1853/1741 1858/1858/1746 1849/1849/1737
f 1853/1853/1741 1859/1859/1747 1858/1858/1746
f 1859/1859/1747 1853/1853/1741 1856/1856/1744
f 1857/1857/1745 1860/1860/1748 1856/1856/1744
f 1860/1860/1748 1857/1857/1745 1861/1861/1749
f 1860/1860/1748 1862/1862/1750 1856/1856/1744
f 1862/1862/1750 1859/1859/1747 1856/1856/1744
f 1861/1861/1749 1863/1863/1751 1860/1860/1748
f 1863/1863/1751 1861/1861/1749 1864/1864/1752
f 1865/1865/1753 1860/1860/1748 1863/1863/1751
f 1860/1860/1748 1865/1865/1753 1862/1862/1750
f 1864/1864/1752 1866/1866/1754 1863/1863/1751
f 1866/1866/1754 1864/1864/1752 1867/1867/1755
f 1866/1866/1754 1868/1868/1756 1863/1863/1751
f 1868/1868/1756 1865/1865/1753 1863/1863/1751
f 1867/1867/1755 1869/1869/1757 1866/1866/1754
f 1869/1869/1757 1867/1867/1755 1870/1870/1758
f 1866/1866/1754 1871/1871/1759 1868/1868/1756
f 1871/1871/1759 1866/1866/1754 1869/1869/1757
f 1870/1870/1758 1872/1872/1760 1869/1869/1757
f 1872/1872/1760 1870/1870/1758 1873/1873/1761
f 1869/1869/1757 1872/1872/1760 1874/1874/1762
f 1874/1874/1762 1871/1871/1759 1869/1869/1757
f 1873/1873/1761 1875/1875/1763 1872/1872/1760
f 1875/1875/1763 1873/1873/1761 1876/1876/1764
f 1877/1877/1765 1875/1875/1763 1876/1876/1764
f 1878/1878/1766 1872/1872/1760 1875/1875/1763
f 1872/1872/1760 1878/1878/1766 1874/1874/1762
f 1879/1879/1767 1875/1875/1763 1877/1877/1765
f 1880/1880/1768 1879/1879/1767 1877/1877/1765
f 1875/1875/1763 1879/1879/1767 1881/1881/1769
f 1881/1881/1769 1878/1878/1766 1875/1875/1763
f 1882/1882/1770 1879/1879/1767 1880/1880/1768
f 1883/1883/1771 1882/1882/1770 1880/1880/1768
f 1879/1879/1767 1884/1884/1772 1881/1881/1769
f 1884/1884/1772 1879/1879/1767 1882/1882/1770
f 1885/1885/1773 1884/1884/1772 1882/1882/1770
f 1885/1885/1773 1882/1882/1770 1883/1883/1771
f 1886/1886/1774 1885/1885/1773 1883/1883/1771
f 1887/1887/1775 1885/1885/1773 1886/1886/1774
f 1888/1888/1776 1887/1887/1775 1886/1886/1774
f 1887/1887/1775 1889/1889/1777 1885/1885/1773
f 1889/1889/1777 1884/1884/1772 1885/1885/1773
f 1890/1890/1778 1887/1887/1775 1888/1888/1776
f 1891/1891/1779 1890/1890/1778 1888/1888/1776
f 1889/1889/1777 1887/1887/1775 1892/1892/1780
f 1890/1890/1778 1892/1892/1780 1887/1887/1775
f 1889/1889/1777 1893/1893/1781 1884/1884/1772
f 1894/1894/1782 1890/1890/1778 1891/1891/1779
f 1893/1893/1781 1889/1889/1777 1895/1895/1783
f 1892/1892/1780 1895/1895/1783 1889/1889/1777
f 1894/1894/1782 1896/1896/1784 1890/1890/1778
f 1896/1896/1784 1892/1892/1780 1890/1890/1778
f 1897/1897/1785 1895/1895/1783 1892/1892/1780
f 1896/1896/1784 1897/1897/1785 1892/1892/1780
f 1898/1898/1786 1894/1894/1782 1891/1891/1779
f 1891/1891/1779 1899/1899/1787 1898/1898/1786
f 1898/1898/1786 1900/1900/1788 1894/1894/1782
f 1896/1896/1784 1894/1894/1782 1900/1900/1788
f 1900/1900/1788 1898/1898/1786 1901/1901/1789
f 1901/1901/1789 1898/1898/1786 1899/1899/1787
f 1902/1902/1790 1901/1901/1789 1899/1899/1787
f 1897/1897/1785 1896/1896/1784 1903/1903/1791
f 1900/1900/1788 1903/1903/1791 1896/1896/1784
f 1904/1904/1792 1900/1900/1788 1901/1901/1789
f 1900/1900/1788 1904/1904/1792 1905/1905/1793
f 1903/1903/1791 1900/1900/1788 1905/1905/1793
f 1901/1901/1789 1906/1906/1794 1904/1904/1792
f 1906/1906/1794 1901/1901/1789 1902/1902/1790
f 1907/1907/1795 1904/1904/1792 1906/1906/1794
f 1907/1907/1795 1903/1903/1791 1905/1905/1793
f 1904/1904/1792 1907/1907/1795 1905/1905/1793
f 1906/1906/1794 1902/1902/1790 1908/1908/1796
f 1907/1907/1795 1906/1906/1794 1908/1908/1796
f 1903/1903/1791 1907/1907/1795 1909/1909/1797
f 1909/1909/1797 1897/1897/1785 1903/1903/1791
f 1910/1910/1798 1909/1909/1797 1907/1907/1795
f 1907/1907/1795 1908/1908/1796 1910/1910/1798
f 1895/1895/1783 1897/1897/1785 1911/1911/1799
f 1897/1897/1785 1909/1909/1797 1911/1911/1799
f 1911/1911/1799 1909/1909/1797 1912/1912/1800
f 1909/1909/1797 1910/1910/1798 1912/1912/1800
f 1911/1911/1799 1913/1913/1801 1895/1895/1783
f 1913/1913/1801 1893/1893/1781 1895/1895/1783
f 1914/1914/1802 1913/1913/1801 1911/1911/1799
f 1912/1912/1800 1914/1914/1802 1911/1911/1799
f 1908/1908/1796 1915/1915/1803 1910/1910/1798
f 1910/1910/1798 1915/1915/1803 1912/1912/1800
f 1912/1912/1800 1916/1916/1804 1914/1914/1802
f 1915/1915/1803 1916/1916/1804 1912/1912/1800
f 1908/1908/1796 1902/1902/1790 1917/1917/1805
f 1917/1917/1805 1915/1915/1803 1908/1908/1796
f 1902/1902/1790 1918/1918/1806 1917/1917/1805
f 1918/1918/1806 1915/1915/1803 1917/1917/1805
f 1915/1915/1803 1919/1919/1807 1916/1916/1804
f 1915/1915/1803 1918/1918/1806 1920/1920/1808
f 1919/1919/1807 1915/1915/1803 1920/1920/1808
f 1902/1902/1790 1921/1921/1809 1918/1918/1806
f 1921/1921/1809 1922/1922/1810 1918/1918/1806
f 1922/1922/1810 1920/1920/1808 1918/1918/1806
f 1923/1923/1811 1920/1920/1808 1922/1922/1810
f 1920/1920/1808 1923/1923/1811 1919/1919/1807
f 1921/1921/1809 1902/1902/1790 1924/1924/1812
f 1925/1925/1787 1924/1924/1812 1902/1902/1790
f 1926/1926/1813 1921/1921/1809 1924/1924/1812
f 1926/1926/1813 1922/1922/1810 1921/1921/1809
f 1924/1924/1812 1925/1925/1787 1927/1927/1814
f 1925/1925/1787 1928/1928/1779 1927/1927/1814
f 1929/1929/1815 1924/1924/1812 1927/1927/1814
f 1924/1924/1812 1929/1929/1815 1926/1926/1813
f 1922/1922/1810 1926/1926/1813 1930/1930/1816
f 1930/1930/1816 1926/1926/1813 1929/1929/1815
f 1929/1929/1815 1931/1931/1817 1930/1930/1816
f 1931/1931/1817 1923/1923/1811 1922/1922/1810
f 1930/1930/1816 1931/1931/1817 1922/1922/1810
f 1927/1927/1814 1928/1928/1779 1932/1932/1818
f 1927/1927/1814 1932/1932/1818 1929/1929/1815
f 1931/1931/1817 1929/1929/1815 1933/1933/1819
f 1932/1932/1818 1933/1933/1819 1929/1929/1815
f 1933/1933/1819 1932/1932/1818 1934/1934/1820
f 1934/1934/1820 1932/1932/1818 1928/1928/1779
f 1928/1928/1779 1935/1935/1821 1934/1934/1820
f 1936/1936/1822 1923/1923/1811 1931/1931/1817
f 1933/1933/1819 1936/1936/1822 1931/1931/1817
f 1934/1934/1820 1937/1937/1823 1933/1933/1819
f 1936/1936/1822 1933/1933/1819 1937/1937/1823
f 1937/1937/1823 1934/1934/1820 1938/1938/1824
f 1938/1938/1824 1934/1934/1820 1935/1935/1821
f 1935/1935/1821 1939/1939/1774 1938/1938/1824
f 1940/1940/1825 1919/1919/1807 1923/1923/1811
f 1923/1923/1811 1936/1936/1822 1940/1940/1825
f 1941/1941/1826 1940/1940/1825 1936/1936/1822
f 1941/1941/1826 1936/1936/1822 1937/1937/1823
f 1938/1938/1824 1942/1942/1827 1937/1937/1823
f 1937/1937/1823 1942/1942/1827 1941/1941/1826
f 1942/1942/1827 1938/1938/1824 1943/1943/1828
f 1943/1943/1828 1938/1938/1824 1939/1939/1774
f 1939/1939/1774 1944/1944/1771 1943/1943/1828
f 1945/1945/1829 1941/1941/1826 1942/1942/1827
f 1946/1946/1830 1943/1943/1828 1944/1944/1771
f 1944/1944/1771 1947/1947/1768 1946/1946/1830
f 1943/1943/1828 1946/1946/1830 1948/1948/1831
f 1942/1942/1827 1948/1948/1831 1945/1945/1829
f 1943/1943/1828 1948/1948/1831 1942/1942/1827
f 1949/1949/1832 1948/1948/1831 1946/1946/1830
f 1949/1949/1832 1946/1946/1830 1947/1947/1768
f 1947/1947/1768 1950/1950/1765 1949/1949/1832
f 1948/1948/1831 1949/1949/1832 1951/1951/1833
f 1952/1952/1834 1951/1951/1833 1949/1949/1832
f 1952/1952/1834 1949/1949/1832 1950/1950/1765
f 1950/1950/1765 1953/1953/1764 1952/1952/1834
f 1954/1954/1761 1952/1952/1834 1953/1953/1764
f 1955/1955/1835 1945/1945/1829 1948/1948/1831
f 1948/1948/1831 1951/1951/1833 1955/1955/1835
f 1952/1952/1834 1954/1954/1761 1956/1956/1836
f 1957/1957/1758 1956/1956/1836 1954/1954/1761
f 1956/1956/1836 1958/1958/1837 1952/1952/1834
f 1951/1951/1833 1952/1952/1834 1958/1958/1837
f 1956/1956/1836 1957/1957/1758 1959/1959/1838
f 1960/1960/1839 1959/1959/1838 1957/1957/1758
f 1958/1958/1837 1956/1956/1836 1961/1961/1840
f 1956/1956/1836 1959/1959/1838 1961/1961/1840
f 1951/1951/1833 1962/1962/1841 1955/1955/1835
f 1962/1962/1841 1951/1951/1833 1958/1958/1837
f 1959/1959/1838 1960/1960/1839 1963/1963/1842
f 1964/1964/1752 1963/1963/1842 1960/1960/1839
f 1961/1961/1840 1959/1959/1838 1965/1965/1843
f 1963/1963/1842 1965/1965/1843 1959/1959/1838
f 1963/1963/1842 1964/1964/1752 1966/1966/1844
f 1967/1967/1749 1966/1966/1844 1964/1964/1752
f 1963/1963/1842 1966/1966/1844 1968/1968/1845
f 1965/1965/1843 1963/1963/1842 1968/1968/1845
f 1966/1966/1844 1967/1967/1749 1969/1969/1846
f 1970/1970/1745 1969/1969/1846 1967/1967/1749
f 1968/1968/1845 1966/1966/1844 1971/1971/1847
f 1969/1969/1846 1971/1971/1847 1966/1966/1844
f 1969/1969/1846 1970/1970/1745 1972/1972/1848
f 1973/1973/1742 1972/1972/1848 1970/1970/1745
f 1969/1969/1846 1972/1972/1848 1974/1974/1849
f 1971/1971/1847 1969/1969/1846 1974/1974/1849
f 1972/1972/1848 1973/1973/1742 1975/1975/1850
f 1976/1976/1738 1975/1975/1850 1973/1973/1742
f 1974/1974/1849 1972/1972/1848 1977/1977/1851
f 1975/1975/1850 1977/1977/1851 1972/1972/1848
f 1975/1975/1850 1976/1976/1738 1978/1978/1852
f 1979/1979/1732 1978/1978/1852 1976/1976/1738
f 1975/1975/1850 1978/1978/1852 1980/1980/1853
f 1977/1977/1851 1975/1975/1850 1980/1980/1853
f 1981/1981/1854 1974/1974/1849 1977/1977/1851
f 1978/1978/1852 1979/1979/1732 1982/1982/1855
f 1974/1974/1849 1981/1981/1854 1983/1983/1856
f 1983/1983/1856 1971/1971/1847 1974/1974/1849
f 1984/1984/1857 1977/1977/1851 1980/1980/1853
f 1977/1977/1851 1984/1984/1857 1981/1981/1854
f 1968/1968/1845 1971/1971/1847 1985/1985/1858
f 1971/1971/1847 1983/1983/1856 1985/1985/1858
f 1986/1986/1859 1983/1983/1856 1981/1981/1854
f 1985/1985/1858 1987/1987/1860 1968/1968/1845
f 1965/1965/1843 1968/1968/1845 1987/1987/1860
f 1983/1983/1856 1986/1986/1859 1988/1988/1861
f 1988/1988/1861 1985/1985/1858 1983/1983/1856
f 1989/1989/1862 1961/1961/1840 1965/1965/1843
f 1987/1987/1860 1989/1989/1862 1965/1965/1843
f 1985/1985/1858 1988/1988/1861 1990/1990/1863
f 1990/1990/1863 1987/1987/1860 1985/1985/1858
f 1991/1991/1864 1989/1989/1862 1987/1987/1860
f 1987/1987/1860 1990/1990/1863 1991/1991/1864
f 1992/1992/1865 1958/1958/1837 1961/1961/1840
f 1958/1958/1837 1992/1992/1865 1962/1962/1841
f 1961/1961/1840 1989/1989/1862 1992/1992/1865
f 1993/1993/1866 1992/1992/1865 1989/1989/1862
f 1989/1989/1862 1991/1991/1864 1993/1993/1866
f 1962/1962/1841 1992/1992/1865 1994/1994/1867
f 1994/1994/1867 1992/1992/1865 1995/1995/1868
f 1992/1992/1865 1993/1993/1866 1995/1995/1868
f 1991/1991/1864 1996/1996/1869 1993/1993/1866
f 1955/1955/1835 1962/1962/1841 1997/1997/1870
f 1997/1997/1870 1962/1962/1841 1994/1994/1867
f 1993/1993/1866 1998/1998/1871 1995/1995/1868
f 1998/1998/1871 1993/1993/1866 1996/1996/1869
f 1999/1999/1872 1995/1995/1868 1998/1998/1871
f 1999/1999/1872 1994/1994/1867 1995/1995/1868
f 2000/2000/1873 1994/1994/1867 1999/1999/1872
f 1997/1997/1870 1994/1994/1867 2000/2000/1873
f 1945/1945/1829 1955/1955/1835 2001/2001/1874
f 2001/2001/1874 1955/1955/1835 1997/1997/1870
f 2002/2002/1875 1997/1997/1870 2000/2000/1873
f 2001/2001/1874 1997/1997/1870 2002/2002/1875
f 1941/1941/1826 1945/1945/1829 2003/2003/1876
f 1940/1940/1825 1941/1941/1826 2003/2003/1876
f 2003/2003/1876 1945/1945/1829 2001/2001/1874
f 2004/2004/1877 2001/2001/1874 2002/2002/1875
f 2003/2003/1876 2001/2001/1874 2004/2004/1877
f 1940/1940/1825 2003/2003/1876 2005/2005/1878
f 2003/2003/1876 2004/2004/1877 2005/2005/1878
f 1919/1919/1807 1940/1940/1825 2005/2005/1878
f 2005/2005/1878 1916/1916/1804 1919/1919/1807
f 2004/2004/1877 2006/2006/1879 2005/2005/1878
f 1916/1916/1804 2006/2006/1879 1914/1914/1802
f 1916/1916/1804 2005/2005/1878 2006/2006/1879
f 2006/2006/1879 2004/2004/1877 2007/2007/1880
f 2002/2002/1875 2007/2007/1880 2004/2004/1877
f 2006/2006/1879 2007/2007/1880 2008/2008/1881
f 1913/1913/1801 1914/1914/1802 2008/2008/1881
f 1914/1914/1802 2006/2006/1879 2008/2008/1881
f 2000/2000/1873 2009/2009/1882 2002/2002/1875
f 2007/2007/1880 2002/2002/1875 2009/2009/1882
f 2008/2008/1881 2007/2007/1880 2010/2010/1883
f 2007/2007/1880 2009/2009/1882 2010/2010/1883
f 2011/2011/1884 2008/2008/1881 2010/2010/1883
f 1893/1893/1781 1913/1913/1801 2011/2011/1884
f 2008/2008/1881 2011/2011/1884 1913/1913/1801
f 1999/1999/1872 2012/2012/1885 2000/2000/1873
f 2009/2009/1882 2000/2000/1873 2012/2012/1885
f 2011/2011/1884 2013/2013/1886 1893/1893/1781
f 2013/2013/1886 1884/1884/1772 1893/1893/1781
f 1884/1884/1772 2013/2013/1886 1881/1881/1769
f 2010/2010/1883 2014/2014/1887 2011/2011/1884
f 2013/2013/1886 2011/2011/1884 2014/2014/1887
f 2014/2014/1887 2015/2015/1888 2013/2013/1886
f 1881/1881/1769 2015/2015/1888 1878/1878/1766
f 2015/2015/1888 1881/1881/1769 2013/2013/1886
f 2014/2014/1887 2010/2010/1883 2016/2016/1889
f 2010/2010/1883 2009/2009/1882 2016/2016/1889
f 2009/2009/1882 2012/2012/1885 2016/2016/1889
f 2016/2016/1889 2017/2017/1890 2014/2014/1887
f 2015/2015/1888 2014/2014/1887 2017/2017/1890
f 2017/2017/1890 2018/2018/1891 2015/2015/1888
f 1878/1878/1766 2018/2018/1891 1874/1874/1762
f 2018/2018/1891 1878/1878/1766 2015/2015/1888
f 2017/2017/1890 2016/2016/1889 2019/2019/1892
f 2016/2016/1889 2012/2012/1885 2019/2019/1892
f 2019/2019/1892 2020/2020/1893 2017/2017/1890
f 2018/2018/1891 2017/2017/1890 2020/2020/1893
f 1874/1874/1762 2021/2021/1894 1871/1871/1759
f 2021/2021/1894 1874/1874/1762 2018/2018/1891
f 2018/2018/1891 2022/2022/1895 2021/2021/1894
f 2022/2022/1895 2018/2018/1891 2020/2020/1893
f 2020/2020/1893 2019/2019/1892 2023/2023/1896
f 2023/2023/1896 2022/2022/1895 2020/2020/1893
f 2019/2019/1892 2024/2024/1897 2023/2023/1896
f 2012/2012/1885 1999/1999/1872 2024/2024/1897
f 1998/1998/1871 2024/2024/1897 1999/1999/1872
f 2012/2012/1885 2024/2024/1897 2019/2019/1892
f 2024/2024/1897 1998/1998/1871 2025/2025/1898
f 2024/2024/1897 2025/2025/1898 2023/2023/1896
f 1996/1996/1869 2025/2025/1898 1998/1998/1871
f 2023/2023/1896 2025/2025/1898 2026/2026/1899
f 2022/2022/1895 2023/2023/1896 2026/2026/1899
f 2025/2025/1898 2027/2027/1900 2026/2026/1899
f 2025/2025/1898 1996/1996/1869 2027/2027/1900
f 2026/2026/1899 2028/2028/1901 2022/2022/1895
f 2028/2028/1901 2021/2021/1894 2022/2022/1895
f 2028/2028/1901 2026/2026/1899 2029/2029/1902
f 2026/2026/1899 2027/2027/1900 2029/2029/1902
f 1996/1996/1869 1991/1991/1864 2030/2030/1903
f 1990/1990/1863 2030/2030/1903 1991/1991/1864
f 2030/2030/1903 2027/2027/1900 1996/1996/1869
f 2027/2027/1900 2030/2030/1903 2031/2031/1904
f 2027/2027/1900 2031/2031/1904 2029/2029/1902
f 2032/2032/1905 2031/2031/1904 2030/2030/1903
f 2030/2030/1903 1990/1990/1863 2032/2032/1905
f 2033/2033/1906 1990/1990/1863 1988/1988/1861
f 1990/1990/1863 2033/2033/1906 2032/2032/1905
f 2033/2033/1906 2034/2034/1907 2032/2032/1905
f 2031/2031/1904 2032/2032/1905 2034/2034/1907
f 2029/2029/1902 2031/2031/1904 2035/2035/1908
f 2031/2031/1904 2034/2034/1907 2035/2035/1908
f 2029/2029/1902 2036/2036/1909 2028/2028/1901
f 2036/2036/1909 2029/2029/1902 2035/2035/1908
f 2037/2037/1910 2036/2036/1909 2035/2035/1908
f 2035/2035/1908 2034/2034/1907 2037/2037/1910
f 2034/2034/1907 2033/2033/1906 2038/2038/1911
f 2034/2034/1907 2038/2038/1911 2037/2037/1910
f 2039/2039/1912 2038/2038/1911 2033/2033/1906
f 2039/2039/1912 1988/1988/1861 1986/1986/1859
f 1988/1988/1861 2039/2039/1912 2033/2033/1906
f 2037/2037/1910 2038/2038/1911 2040/2040/1913
f 2041/2041/1914 2039/2039/1912 1986/1986/1859
f 1981/1981/1854 2041/2041/1914 1986/1986/1859
f 2041/2041/1914 1981/1981/1854 1984/1984/1857
f 2038/2038/1911 2042/2042/1915 2040/2040/1913
f 2038/2038/1911 2039/2039/1912 2042/2042/1915
f 2043/2043/1916 2042/2042/1915 2039/2039/1912
f 2039/2039/1912 2041/2041/1914 2043/2043/1916
f 2044/2044/1917 2043/2043/1916 2041/2041/1914
f 1984/1984/1857 2044/2044/1917 2041/2041/1914
f 2044/2044/1917 1984/1984/1857 2045/2045/1918
f 1980/1980/1853 2045/2045/1918 1984/1984/1857
f 2043/2043/1916 2044/2044/1917 2046/2046/1919
f 1980/1980/1853 1978/1978/1852 2047/2047/1920
f 2045/2045/1918 1980/1980/1853 2047/2047/1920
f 2048/2048/1921 2046/2046/1919 2044/2044/1917
f 2045/2045/1918 2048/2048/1921 2044/2044/1917
f 2048/2048/1921 2045/2045/1918 2049/2049/1922
f 2049/2049/1922 2045/2045/1918 2047/2047/1920
f 1978/1978/1852 2050/2050/1923 2047/2047/1920
f 2049/2049/1922 2047/2047/1920 2050/2050/1923
f 2050/2050/1923 1978/1978/1852 1982/1982/1855
f 2051/2051/1924 2048/2048/1921 2049/2049/1922
f 1979/1979/1732 2052/2052/1925 1982/1982/1855
f 2052/2052/1925 2050/2050/1923 1982/1982/1855
f 2052/2052/1925 1979/1979/1732 2053/2053/1729
f 2050/2050/1923 2054/2054/1926 2049/2049/1922
f 2051/2051/1924 2049/2049/1922 2054/2054/1926
f 2054/2054/1926 2050/2050/1923 2055/2055/1927
f 2050/2050/1923 2052/2052/1925 2055/2055/1927
f 2053/2053/1729 2056/2056/1928 2052/2052/1925
f 2056/2056/1928 2053/2053/1729 2057/2057/1728
f 2058/2058/1725 2056/2056/1928 2057/2057/1728
f 2052/2052/1925 2056/2056/1928 2059/2059/1929
f 2056/2056/1928 2058/2058/1725 2060/2060/1930
f 2061/2061/1723 2060/2060/1930 2058/2058/1725
f 2056/2056/1928 2060/2060/1930 2062/2062/1931
f 2056/2056/1928 2062/2062/1931 2059/2059/1929
f 2052/2052/1925 2063/2063/1932 2055/2055/1927
f 2063/2063/1932 2052/2052/1925 2059/2059/1929
f 2060/2060/1930 2061/2061/1723 2064/2064/1933
f 2065/2065/1713 2064/2064/1933 2061/2061/1723
f 2066/2066/1934 2062/2062/1931 2060/2060/1930
f 2060/2060/1930 2064/2064/1933 2066/2066/1934
f 2067/2067/1935 2066/2066/1934 2064/2064/1933
f 2064/2064/1933 2065/2065/1713 2067/2067/1935
f 2067/2067/1935 2065/2065/1713 2068/2068/1936
f 2069/2069/1709 2068/2068/1936 2065/2065/1713
f 2068/2068/1936 2070/2070/1937 2067/2067/1935
f 2066/2066/1934 2067/2067/1935 2070/2070/1937
f 2068/2068/1936 2069/2069/1709 2071/2071/1938
f 2069/2069/1709 2072/2072/1708 2071/2071/1938
f 2071/2071/1938 2072/2072/1708 2073/2073/1705
f 2070/2070/1937 2068/2068/1936 2074/2074/1939
f 2071/2071/1938 2074/2074/1939 2068/2068/1936
f 2074/2074/1939 2075/2075/1940 2070/2070/1937
f 2066/2066/1934 2070/2070/1937 2075/2075/1940
f 2073/2073/1705 2076/2076/1941 2071/2071/1938
f 2076/2076/1941 2073/2073/1705 2077/2077/1703
f 2071/2071/1938 2076/2076/1941 2078/2078/1942
f 2074/2074/1939 2071/2071/1938 2078/2078/1942
f 2079/2079/1943 2074/2074/1939 2078/2078/1942
f 2078/2078/1942 2076/2076/1941 2079/2079/1943
f 2075/2075/1940 2074/2074/1939 2080/2080/1944
f 2074/2074/1939 2079/2079/1943 2080/2080/1944
f 2076/2076/1941 2077/2077/1703 2081/2081/1945
f 2081/2081/1945 2077/2077/1703 2082/2082/579
f 2081/2081/1945 2082/2082/579 2083/2083/585
f 2084/2084/1946 2079/2079/1943 2076/2076/1941
f 2081/2081/1945 2084/2084/1946 2076/2076/1941
f 2084/2084/1946 2081/2081/1945 2085/2085/1947
f 2083/2083/585 2085/2085/1947 2081/2081/1945
f 2085/2085/1947 2083/2083/585 2086/2086/586
f 2087/2087/1948 2080/2080/1944 2079/2079/1943
f 2079/2079/1943 2084/2084/1946 2087/2087/1948
f 2088/2088/1949 2085/2085/1947 2086/2086/586
f 2089/2089/588 2088/2088/1949 2086/2086/586
f 2090/2090/592 2088/2088/1949 2089/2089/588
f 2075/2075/1940 2080/2080/1944 2091/2091/1950
f 2080/2080/1944 2087/2087/1948 2091/2091/1950
f 2088/2088/1949 2090/2090/592 2092/2092/1951
f 2093/2093/595 2092/2092/1951 2090/2090/592
f 2094/2094/1952 2085/2085/1947 2088/2088/1949
f 2092/2092/1951 2094/2094/1952 2088/2088/1949
f 2085/2085/1947 2094/2094/1952 2084/2084/1946
f 2092/2092/1951 2093/2093/595 2095/2095/1953
f 2093/2093/595 2096/2096/1954 2095/2095/1953
f 2094/2094/1952 2092/2092/1951 2097/2097/1955
f 2094/2094/1952 2098/2098/1956 2084/2084/1946
f 2097/2097/1955 2098/2098/1956 2094/2094/1952
f 2098/2098/1956 2087/2087/1948 2084/2084/1946
f 2098/2098/1956 2091/2091/1950 2087/2087/1948
f 2099/2099/1957 2092/2092/1951 2095/2095/1953
f 2092/2092/1951 2099/2099/1957 2097/2097/1955
f 2099/2099/1957 2100/2100/1958 2097/2097/1955
f 2098/2098/1956 2097/2097/1955 2100/2100/1958
f 2091/2091/1950 2098/2098/1956 2101/2101/1959
f 2095/2095/1953 2102/2102/1960 2099/2099/1957
f 2101/2101/1959 2103/2103/1961 2091/2091/1950
f 2103/2103/1961 2075/2075/1940 2091/2091/1950
f 2104/2104/1962 2098/2098/1956 2100/2100/1958
f 2098/2098/1956 2104/2104/1962 2101/2101/1959
f 2104/2104/1962 2105/2105/1963 2101/2101/1959
f 2103/2103/1961 2101/2101/1959 2105/2105/1963
f 2106/2106/1964 2075/2075/1940 2103/2103/1961
f 2106/2106/1964 2066/2066/1934 2075/2075/1940
f 2062/2062/1931 2066/2066/1934 2106/2106/1964
f 2106/2106/1964 2103/2103/1961 2107/2107/1965
f 2105/2105/1963 2107/2107/1965 2103/2103/1961
f 2108/2108/1966 2106/2106/1964 2107/2107/1965
f 2108/2108/1966 2059/2059/1929 2062/2062/1931
f 2059/2059/1929 2108/2108/1966 2063/2063/1932
f 2106/2106/1964 2108/2108/1966 2062/2062/1931
f 2107/2107/1965 2105/2105/1963 2109/2109/1967
f 2109/2109/1967 2108/2108/1966 2107/2107/1965
f 2105/2105/1963 2104/2104/1962 2109/2109/1967
f 2110/2110/1968 2108/2108/1966 2109/2109/1967
f 2063/2063/1932 2108/2108/1966 2110/2110/1968
f 2111/2111/1969 2055/2055/1927 2063/2063/1932
f 2111/2111/1969 2063/2063/1932 2110/2110/1968
f 2112/2112/1970 2110/2110/1968 2109/2109/1967
f 2112/2112/1970 2111/2111/1969 2110/2110/1968
f 2109/2109/1967 2104/2104/1962 2112/2112/1970
f 2055/2055/1927 2113/2113/1971 2054/2054/1926
f 2113/2113/1971 2055/2055/1927 2111/2111/1969
f 2114/2114/1972 2111/2111/1969 2112/2112/1970
f 2115/2115/1973 2054/2054/1926 2113/2113/1971
f 2054/2054/1926 2115/2115/1973 2051/2051/1924
f 2116/2116/1974 2111/2111/1969 2114/2114/1972
f 2111/2111/1969 2116/2116/1974 2113/2113/1971
f 2113/2113/1971 2117/2117/1975 2115/2115/1973
f 2117/2117/1975 2113/2113/1971 2118/2118/1976
f 2113/2113/1971 2116/2116/1974 2118/2118/1976
f 2114/2114/1972 2119/2119/1977 2116/2116/1974
f 2120/2120/1978 2118/2118/1976 2116/2116/1974
f 2116/2116/1974 2119/2119/1977 2120/2120/1978
f 2119/2119/1977 2114/2114/1972 2121/2121/1979
f 2112/2112/1970 2121/2121/1979 2114/2114/1972
f 2104/2104/1962 2122/2122/1980 2112/2112/1970
f 2112/2112/1970 2122/2122/1980 2121/2121/1979
f 2122/2122/1980 2123/2123/1981 2121/2121/1979
f 2123/2123/1981 2119/2119/1977 2121/2121/1979
f 2119/2119/1977 2123/2123/1981 2124/2124/1982
f 2124/2124/1982 2120/2120/1978 2119/2119/1977
f 2125/2125/1983 2124/2124/1982 2123/2123/1981
f 2123/2123/1981 2122/2122/1980 2125/2125/1983
f 2126/2126/1984 2125/2125/1983 2122/2122/1980
f 2126/2126/1984 2104/2104/1962 2100/2100/1958
f 2122/2122/1980 2104/2104/1962 2126/2126/1984
f 2124/2124/1982 2125/2125/1983 2127/2127/1985
f 2100/2100/1958 2128/2128/1986 2126/2126/1984
f 2100/2100/1958 2099/2099/1957 2128/2128/1986
f 2099/2099/1957 2102/2102/1960 2128/2128/1986
f 2129/2129/1987 2127/2127/1985 2125/2125/1983
f 2128/2128/1986 2129/2129/1987 2126/2126/1984
f 2125/2125/1983 2126/2126/1984 2129/2129/1987
f 2129/2129/1987 2128/2128/1986 2130/2130/1988
f 2130/2130/1988 2128/2128/1986 2102/2102/1960
f 2130/2130/1988 2131/2131/1989 2129/2129/1987
f 2127/2127/1985 2129/2129/1987 2131/2131/1989
f 2120/2120/1978 2124/2124/1982 2132/2132/1990
f 2127/2127/1985 2132/2132/1990 2124/2124/1982
f 2132/2132/1990 2127/2127/1985 2133/2133/1991
f 2131/2131/1989 2133/2133/1991 2127/2127/1985
f 2131/2131/1989 2130/2130/1988 2134/2134/1992
f 2132/2132/1990 2135/2135/1993 2120/2120/1978
f 2136/2136/1994 2130/2130/1988 2102/2102/1960
f 2130/2130/1988 2136/2136/1994 2134/2134/1992
f 2133/2133/1991 2137/2137/1995 2132/2132/1990
f 2135/2135/1993 2132/2132/1990 2137/2137/1995
f 2138/2138/1996 2136/2136/1994 2102/2102/1960
f 2102/2102/1960 2095/2095/1953 2138/2138/1996
f 2138/2138/1996 2095/2095/1953 2096/2096/1954
f 2139/2139/1997 2138/2138/1996 2096/2096/1954
f 2138/2138/1996 2140/2140/1998 2136/2136/1994
f 2138/2138/1996 2139/2139/1997 2140/2140/1998
f 2141/2141/1999 2140/2140/1998 2139/2139/1997
f 2140/2140/1998 2142/2142/2000 2136/2136/1994
f 2142/2142/2000 2134/2134/1992 2136/2136/1994
f 2140/2140/1998 2143/2143/2001 2142/2142/2000
f 2140/2140/1998 2141/2141/1999 2143/2143/2001
f 2144/2144/2002 2143/2143/2001 2141/2141/1999
f 2144/2144/2002 2141/2141/1999 2145/2145/1546
f 2146/2146/2003 2144/2144/2002 2145/2145/1546
f 2144/2144/2002 2147/2147/2004 2143/2143/2001
f 2147/2147/2004 2142/2142/2000 2143/2143/2001
f 2144/2144/2002 2146/2146/2003 2148/2148/2005
f 2146/2146/2003 2149/2149/1544 2148/2148/2005
f 2144/2144/2002 2148/2148/2005 2150/2150/2006
f 2147/2147/2004 2144/2144/2002 2150/2150/2006
f 2148/2148/2005 2151/2151/2007 2150/2150/2006
f 2150/2150/2006 2151/2151/2007 2147/2147/2004
f 2152/2152/1540 2149/2149/1544 2153/2153/2008
f 2148/2148/2005 2149/2149/1544 2154/2154/2009
f 2151/2151/2007 2148/2148/2005 2154/2154/2009
f 2149/2149/1544 2152/2152/1540 2155/2155/2010
f 2155/2155/2010 2152/2152/1540 2156/2156/1560
f 2157/2157/2011 2149/2149/1544 2155/2155/2010
f 2149/2149/1544 2157/2157/2011 2154/2154/2009
f 2154/2154/2009 2158/2158/2012 2151/2151/2007
f 2158/2158/2012 2154/2154/2009 2157/2157/2011
f 2156/2156/1560 2159/2159/2013 2155/2155/2010
f 2159/2159/2013 2156/2156/1560 2160/2160/1562
f 2159/2159/2013 2161/2161/2014 2155/2155/2010
f 2161/2161/2014 2158/2158/2012 2157/2157/2011
f 2157/2157/2011 2155/2155/2010 2161/2161/2014
f 2159/2159/2013 2160/2160/1562 2162/2162/2015
f 2162/2162/2015 2161/2161/2014 2159/2159/2013
f 2163/2163/1565 2162/2162/2015 2160/2160/1562
f 2162/2162/2015 2163/2163/1565 2164/2164/1566
f 2162/2162/2015 2164/2164/1566 2165/2165/2016
f 2166/2166/1569 2165/2165/2016 2164/2164/1566
f 2161/2161/2014 2162/2162/2015 2167/2167/2017
f 2167/2167/2017 2162/2162/2015 2165/2165/2016
f 2165/2165/2016 2168/2168/2018 2167/2167/2017
f 2168/2168/2018 2161/2161/2014 2167/2167/2017
f 2169/2169/2019 2168/2168/2018 2165/2165/2016
f 2165/2165/2016 2166/2166/1569 2169/2169/2019
f 2166/2166/1569 2170/2170/2020 2169/2169/2019
f 2170/2170/2020 2166/2166/1569 2171/2171/1574
f 2161/2161/2014 2168/2168/2018 2172/2172/2021
f 2158/2158/2012 2161/2161/2014 2172/2172/2021
f 2170/2170/2020 2171/2171/1574 2173/2173/2022
f 2173/2173/2022 2171/2171/1574 2174/2174/1577
f 2158/2158/2012 2172/2172/2021 2175/2175/2023
f 2174/2174/1577 2176/2176/2024 2173/2173/2022
f 2176/2176/2024 2174/2174/1577 2177/2177/1581
f 2178/2178/1496 2176/2176/2024 2177/2177/1581
f 2176/2176/2024 2178/2178/1496 2179/2179/1500
f 2179/2179/1500 2180/2180/2025 2176/2176/2024
f 2180/2180/2025 2170/2170/2020 2173/2173/2022
f 2176/2176/2024 2180/2180/2025 2173/2173/2022
f 2181/2181/1501 2180/2180/2025 2179/2179/1500
f 2170/2170/2020 2180/2180/2025 2182/2182/2026
f 2169/2169/2019 2170/2170/2020 2182/2182/2026
f 2180/2180/2025 2181/2181/1501 2183/2183/2027
f 2168/2168/2018 2169/2169/2019 2184/2184/2028
f 2182/2182/2026 2184/2184/2028 2169/2169/2019
f 2183/2183/2027 2185/2185/2029 2180/2180/2025
f 2185/2185/2029 2182/2182/2026 2180/2180/2025
f 2182/2182/2026 2186/2186/2030 2184/2184/2028
f 2186/2186/2030 2182/2182/2026 2185/2185/2029
f 2168/2168/2018 2187/2187/2031 2172/2172/2021
f 2187/2187/2031 2175/2175/2023 2172/2172/2021
f 2184/2184/2028 2187/2187/2031 2168/2168/2018
f 2186/2186/2030 2188/2188/2032 2184/2184/2028
f 2187/2187/2031 2184/2184/2028 2188/2188/2032
f 2189/2189/2033 2187/2187/2031 2188/2188/2032
f 2187/2187/2031 2189/2189/2033 2175/2175/2023
f 2188/2188/2032 2186/2186/2030 2190/2190/2034
f 2190/2190/2034 2189/2189/2033 2188/2188/2032
f 2186/2186/2030 2191/2191/2035 2190/2190/2034
f 2185/2185/2029 2191/2191/2035 2186/2186/2030
f 2183/2183/2027 2192/2192/2036 2185/2185/2029
f 2191/2191/2035 2185/2185/2029 2192/2192/2036
f 2191/2191/2035 2193/2193/2037 2190/2190/2034
f 2192/2192/2036 2194/2194/2038 2191/2191/2035
f 2191/2191/2035 2194/2194/2038 2193/2193/2037
f 2195/2195/1244 2194/2194/2038 2192/2192/2036
f 2196/2196/2039 2195/2195/1244 2192/2192/2036
f 2196/2196/2039 2183/2183/2027 2181/2181/1501
f 2192/2192/2036 2183/2183/2027 2196/2196/2039
f 2195/2195/1244 2196/2196/2039 2197/2197/1245
f 2181/2181/1501 2198/2198/2040 2196/2196/2039
f 2197/2197/1245 2196/2196/2039 2199/2199/1252
f 2198/2198/2040 2199/2199/1252 2196/2196/2039
f 2189/2189/2033 2190/2190/2034 2200/2200/2041
f 2193/2193/2037 2200/2200/2041 2190/2190/2034
f 2201/2201/2042 2200/2200/2041 2193/2193/2037
f 2193/2193/2037 2202/2202/1238 2201/2201/2042
f 2200/2200/2041 2203/2203/2043 2189/2189/2033
f 2204/2204/2044 2201/2201/2042 2202/2202/1238
f 2202/2202/1238 2205/2205/1242 2204/2204/2044
f 2200/2200/2041 2201/2201/2042 2206/2206/2045
f 2205/2205/1242 2207/2207/2046 2204/2204/2044
f 2207/2207/2046 2205/2205/1242 2208/2208/1247
f 2209/2209/2047 2207/2207/2046 2208/2208/1247
f 2201/2201/2042 2204/2204/2044 2210/2210/2048
f 2207/2207/2046 2210/2210/2048 2204/2204/2044
f 2210/2210/2048 2206/2206/2045 2201/2201/2042
f 2207/2207/2046 2209/2209/2047 2211/2211/2049
f 2212/2212/2050 2211/2211/2049 2209/2209/2047
f 2211/2211/2049 2213/2213/2051 2207/2207/2046
f 2210/2210/2048 2207/2207/2046 2213/2213/2051
f 2206/2206/2045 2210/2210/2048 2214/2214/2052
f 2213/2213/2051 2214/2214/2052 2210/2210/2048
f 2211/2211/2049 2212/2212/2050 2215/2215/2053
f 2216/2216/2054 2215/2215/2053 2212/2212/2050
f 2211/2211/2049 2215/2215/2053 2217/2217/2055
f 2213/2213/2051 2211/2211/2049 2217/2217/2055
f 2215/2215/2053 2216/2216/2054 2218/2218/2056
f 2219/2219/2057 2218/2218/2056 2216/2216/2054
f 2220/2220/2058 2217/2217/2055 2215/2215/2053
f 2218/2218/2056 2219/2219/2057 2221/2221/2059
f 2215/2215/2053 2222/2222/2060 2220/2220/2058
f 2221/2221/2059 2222/2222/2060 2218/2218/2056
f 2222/2222/2060 2215/2215/2053 2218/2218/2056
f 2213/2213/2051 2217/2217/2055 2223/2223/2061
f 2220/2220/2058 2223/2223/2061 2217/2217/2055
f 2220/2220/2058 2222/2222/2060 2224/2224/2062
f 2223/2223/2061 2220/2220/2058 2224/2224/2062
f 2214/2214/2052 2213/2213/2051 2225/2225/2063
f 2213/2213/2051 2223/2223/2061 2225/2225/2063
f 2226/2226/2064 2225/2225/2063 2223/2223/2061
f 2224/2224/2062 2226/2226/2064 2223/2223/2061
f 2227/2227/2065 2224/2224/2062 2222/2222/2060
f 2227/2227/2065 2228/2228/2066 2224/2224/2062
f 2226/2226/2064 2224/2224/2062 2228/2228/2066
f 2225/2225/2063 2226/2226/2064 2229/2229/2067
f 2222/2222/2060 2221/2221/2059 2230/2230/2068
f 2222/2222/2060 2230/2230/2068 2227/2227/2065
f 2228/2228/2066 2231/2231/2069 2226/2226/2064
f 2226/2226/2064 2231/2231/2069 2229/2229/2067
f 2232/2232/2070 2229/2229/2067 2231/2231/2069
f 2232/2232/2070 2225/2225/2063 2229/2229/2067
f 2225/2225/2063 2232/2232/2070 2233/2233/2071
f 2233/2233/2071 2214/2214/2052 2225/2225/2063
f 2232/2232/2070 2234/2234/2072 2233/2233/2071
f 2231/2231/2069 2234/2234/2072 2232/2232/2070
f 2214/2214/2052 2235/2235/2073 2206/2206/2045
f 2214/2214/2052 2233/2233/2071 2235/2235/2073
f 2235/2235/2073 2233/2233/2071 2236/2236/2074
f 2234/2234/2072 2236/2236/2074 2233/2233/2071
f 2235/2235/2073 2237/2237/2075 2206/2206/2045
f 2206/2206/2045 2237/2237/2075 2200/2200/2041
f 2203/2203/2043 2200/2200/2041 2237/2237/2075
f 2238/2238/2076 2235/2235/2073 2236/2236/2074
f 2238/2238/2076 2203/2203/2043 2237/2237/2075
f 2237/2237/2075 2235/2235/2073 2238/2238/2076
f 2239/2239/2077 2238/2238/2076 2236/2236/2074
f 2234/2234/2072 2239/2239/2077 2236/2236/2074
f 2238/2238/2076 2239/2239/2077 2240/2240/2078
f 2203/2203/2043 2238/2238/2076 2240/2240/2078
f 2241/2241/2079 2203/2203/2043 2240/2240/2078
f 2240/2240/2078 2242/2242/2080 2241/2241/2079
f 2239/2239/2077 2242/2242/2080 2240/2240/2078
f 2239/2239/2077 2234/2234/2072 2243/2243/2081
f 2242/2242/2080 2239/2239/2077 2244/2244/2082
f 2243/2243/2081 2244/2244/2082 2239/2239/2077
f 2245/2245/2083 2241/2241/2079 2242/2242/2080
f 2245/2245/2083 2242/2242/2080 2244/2244/2082
f 2234/2234/2072 2231/2231/2069 2246/2246/2084
f 2246/2246/2084 2243/2243/2081 2234/2234/2072
f 2244/2244/2082 2243/2243/2081 2247/2247/2085
f 2248/2248/2086 2246/2246/2084 2231/2231/2069
f 2231/2231/2069 2228/2228/2066 2248/2248/2086
f 2247/2247/2085 2243/2243/2081 2249/2249/2087
f 2243/2243/2081 2246/2246/2084 2249/2249/2087
f 2246/2246/2084 2248/2248/2086 2250/2250/2088
f 2250/2250/2088 2249/2249/2087 2246/2246/2084
f 2251/2251/2089 2244/2244/2082 2247/2247/2085
f 2244/2244/2082 2251/2251/2089 2245/2245/2083
f 2137/2137/1995 2133/2133/1991 2251/2251/2089
f 2247/2247/2085 2137/2137/1995 2251/2251/2089
f 2252/2252/2090 2247/2247/2085 2249/2249/2087
f 2137/2137/1995 2252/2252/2090 2135/2135/1993
f 2252/2252/2090 2137/2137/1995 2247/2247/2085
f 2251/2251/2089 2133/2133/1991 2253/2253/2091
f 2253/2253/2091 2245/2245/2083 2251/2251/2089
f 2133/2133/1991 2131/2131/1989 2253/2253/2091
f 2253/2253/2091 2131/2131/1989 2134/2134/1992
f 2241/2241/2079 2245/2245/2083 2254/2254/2092
f 2245/2245/2083 2253/2253/2091 2254/2254/2092
f 2255/2255/2093 2254/2254/2092 2253/2253/2091
f 2134/2134/1992 2142/2142/2000 2255/2255/2093
f 2142/2142/2000 2254/2254/2092 2255/2255/2093
f 2134/2134/1992 2255/2255/2093 2253/2253/2091
f 2142/2142/2000 2256/2256/2094 2254/2254/2092
f 2241/2241/2079 2254/2254/2092 2256/2256/2094
f 2142/2142/2000 2147/2147/2004 2256/2256/2094
f 2203/2203/2043 2241/2241/2079 2257/2257/2095
f 2257/2257/2095 2189/2189/2033 2203/2203/2043
f 2175/2175/2023 2189/2189/2033 2257/2257/2095
f 2256/2256/2094 2257/2257/2095 2241/2241/2079
f 2147/2147/2004 2258/2258/2096 2256/2256/2094
f 2258/2258/2096 2257/2257/2095 2256/2256/2094
f 2258/2258/2096 2175/2175/2023 2257/2257/2095
f 2151/2151/2007 2258/2258/2096 2147/2147/2004
f 2258/2258/2096 2158/2158/2012 2175/2175/2023
f 2158/2158/2012 2258/2258/2096 2151/2151/2007
f 2249/2249/2087 2250/2250/2088 2259/2259/2097
f 2259/2259/2097 2252/2252/2090 2249/2249/2087
f 2260/2260/2098 2135/2135/1993 2252/2252/2090
f 2252/2252/2090 2259/2259/2097 2260/2260/2098
f 2250/2250/2088 2261/2261/2099 2259/2259/2097
f 2135/2135/1993 2260/2260/2098 2262/2262/2100
f 2262/2262/2100 2120/2120/1978 2135/2135/1993
f 2120/2120/1978 2262/2262/2100 2118/2118/1976
f 2262/2262/2100 2117/2117/1975 2118/2118/1976
f 2263/2263/2101 2259/2259/2097 2261/2261/2099
f 2259/2259/2097 2263/2263/2101 2260/2260/2098
f 2264/2264/2102 2262/2262/2100 2260/2260/2098
f 2264/2264/2102 2260/2260/2098 2263/2263/2101
f 2117/2117/1975 2262/2262/2100 2264/2264/2102
f 2265/2265/2103 2264/2264/2102 2263/2263/2101
f 2265/2265/2103 2266/2266/2104 2264/2264/2102
f 2266/2266/2104 2117/2117/1975 2264/2264/2102
f 2117/2117/1975 2267/2267/2105 2115/2115/1973
f 2267/2267/2105 2117/2117/1975 2266/2266/2104
f 2268/2268/2106 2265/2265/2103 2263/2263/2101
f 2261/2261/2099 2268/2268/2106 2263/2263/2101
f 2115/2115/1973 2269/2269/2107 2051/2051/1924
f 2269/2269/2107 2115/2115/1973 2267/2267/2105
f 2266/2266/2104 2270/2270/2108 2267/2267/2105
f 2051/2051/1924 2271/2271/2109 2048/2048/1921
f 2046/2046/1919 2048/2048/1921 2271/2271/2109
f 2271/2271/2109 2051/2051/1924 2269/2269/2107
f 2267/2267/2105 2272/2272/2110 2269/2269/2107
f 2272/2272/2110 2267/2267/2105 2270/2270/2108
f 2273/2273/2111 2269/2269/2107 2272/2272/2110
f 2269/2269/2107 2273/2273/2111 2271/2271/2109
f 2274/2274/2112 2271/2271/2109 2273/2273/2111
f 2271/2271/2109 2274/2274/2112 2046/2046/1919
f 2275/2275/2113 2046/2046/1919 2274/2274/2112
f 2046/2046/1919 2275/2275/2113 2043/2043/1916
f 2042/2042/1915 2043/2043/1916 2275/2275/2113
f 2273/2273/2111 2276/2276/2114 2274/2274/2112
f 2040/2040/1913 2042/2042/1915 2277/2277/2115
f 2042/2042/1915 2275/2275/2113 2277/2277/2115
f 2278/2278/2116 2274/2274/2112 2276/2276/2114
f 2277/2277/2115 2275/2275/2113 2278/2278/2116
f 2275/2275/2113 2274/2274/2112 2278/2278/2116
f 2272/2272/2110 2279/2279/2117 2273/2273/2111
f 2273/2273/2111 2279/2279/2117 2276/2276/2114
f 2278/2278/2116 2276/2276/2114 2280/2280/2118
f 2270/2270/2108 2281/2281/2119 2272/2272/2110
f 2279/2279/2117 2272/2272/2110 2281/2281/2119
f 2276/2276/2114 2279/2279/2117 2282/2282/2120
f 2276/2276/2114 2282/2282/2120 2280/2280/2118
f 2279/2279/2117 2283/2283/2121 2282/2282/2120
f 2279/2279/2117 2281/2281/2119 2283/2283/2121
f 2270/2270/2108 2284/2284/2122 2281/2281/2119
f 2285/2285/2123 2281/2281/2119 2284/2284/2122
f 2281/2281/2119 2285/2285/2123 2283/2283/2121
f 2283/2283/2121 2286/2286/2124 2282/2282/2120
f 2286/2286/2124 1852/1852/1740 1851/1851/1739
f 2270/2270/2108 2266/2266/2104 2287/2287/2125
f 2287/2287/2125 2284/2284/2122 2270/2270/2108
f 2265/2265/2103 2287/2287/2125 2266/2266/2104
f 2287/2287/2125 2265/2265/2103 2288/2288/2126
f 2268/2268/2106 2288/2288/2126 2265/2265/2103
f 2288/2288/2126 2289/2289/2127 2287/2287/2125
f 2287/2287/2125 2289/2289/2127 2284/2284/2122
f 2284/2284/2122 2290/2290/2128 2285/2285/2123
f 2289/2289/2127 2290/2290/2128 2284/2284/2122
f 2289/2289/2127 1795/1795/1686 2290/2290/2128
f 1792/1792/1683 2290/2290/2128 1795/1795/1686
f 2291/2291/2129 1795/1795/1686 2289/2289/2127
f 2291/2291/2129 1793/1793/1684 1795/1795/1686
f 2289/2289/2127 2288/2288/2126 2291/2291/2129
f 1792/1792/1683 1791/1791/1682 2292/2292/2130
f 2292/2292/2130 2285/2285/2123 2290/2290/2128
f 2290/2290/2128 1792/1792/1683 2292/2292/2130
f 2288/2288/2126 2268/2268/2106 2293/2293/2131
f 2293/2293/2131 2291/2291/2129 2288/2288/2126
f 2294/2294/2132 1794/1794/1685 1797/1797/1688
f 2294/2294/2132 2292/2292/2130 1791/1791/1682
f 1794/1794/1685 2294/2294/2132 1791/1791/1682
f 2294/2294/2132 2295/2295/2133 2292/2292/2130
f 2285/2285/2123 2292/2292/2130 2295/2295/2133
f 2285/2285/2123 2296/2296/2134 2283/2283/2121
f 2296/2296/2134 2285/2285/2123 2295/2295/2133
f 2286/2286/2124 2283/2283/2121 2296/2296/2134
f 2296/2296/2134 1852/1852/1740 2286/2286/2124
f 2297/2297/2135 2296/2296/2134 2295/2295/2133
f 2294/2294/2132 2297/2297/2135 2295/2295/2133
f 1800/1800/1691 2298/2298/2136 1797/1797/1688
f 2297/2297/2135 2294/2294/2132 2298/2298/2136
f 1797/1797/1688 2298/2298/2136 2294/2294/2132
f 1852/1852/1740 2296/2296/2134 2299/2299/2137
f 2297/2297/2135 2299/2299/2137 2296/2296/2134
f 2299/2299/2137 1847/1847/1735 1852/1852/1740
f 2298/2298/2136 1800/1800/1691 2300/2300/2138
f 1802/1802/1693 2300/2300/2138 1800/1800/1691
f 2299/2299/2137 2297/2297/2135 2301/2301/2139
f 2301/2301/2139 2298/2298/2136 2300/2300/2138
f 2298/2298/2136 2301/2301/2139 2297/2297/2135
f 2302/2302/2140 2299/2299/2137 2301/2301/2139
f 2300/2300/2138 2302/2302/2140 2301/2301/2139
f 1802/1802/1693 2302/2302/2140 2300/2300/2138
f 1802/1802/1693 1804/1804/1695 2302/2302/2140
f 1847/1847/1735 2299/2299/2137 2303/2303/2141
f 2302/2302/2140 2303/2303/2141 2299/2299/2137
f 1846/1846/1734 1847/1847/1735 2303/2303/2141
f 2304/2304/2142 1846/1846/1734 2303/2303/2141
f 2304/2304/2142 2302/2302/2140 1804/1804/1695
f 2302/2302/2140 2304/2304/2142 2303/2303/2141
f 1838/1838/1726 1846/1846/1734 2305/2305/2143
f 1846/1846/1734 2304/2304/2142 2305/2305/2143
f 1804/1804/1695 2306/2306/2144 2304/2304/2142
f 2305/2305/2143 2304/2304/2142 2306/2306/2144
f 2306/2306/2144 1804/1804/1695 1831/1831/1719
f 2307/2307/2145 1838/1838/1726 2305/2305/2143
f 2306/2306/2144 2307/2307/2145 2305/2305/2143
f 2306/2306/2144 1831/1831/1719 2307/2307/2145
f 1838/1838/1726 2307/2307/2145 1829/1829/1717
f 2307/2307/2145 1831/1831/1719 1828/1828/1716
f 1828/1828/1716 1829/1829/1717 2307/2307/2145
f 2308/2308/2146 2282/2282/2120 2286/2286/2124
f 1855/1855/1743 2308/2308/2146 1851/1851/1739
f 2282/2282/2120 2308/2308/2146 2280/2280/2118
f 2286/2286/2124 1851/1851/1739 2308/2308/2146
f 2308/2308/2146 1855/1855/1743 2309/2309/2147
f 2309/2309/2147 2280/2280/2118 2308/2308/2146
f 1858/1858/1746 2309/2309/2147 1855/1855/1743
f 2278/2278/2116 2280/2280/2118 2310/2310/2148
f 2277/2277/2115 2278/2278/2116 2310/2310/2148
f 2280/2280/2118 2309/2309/2147 2310/2310/2148
f 2311/2311/2149 2310/2310/2148 2309/2309/2147
f 1859/1859/1747 2311/2311/2149 1858/1858/1746
f 2309/2309/2147 1858/1858/1746 2311/2311/2149
f 2277/2277/2115 2310/2310/2148 2312/2312/2150
f 2310/2310/2148 2311/2311/2149 2312/2312/2150
f 2040/2040/1913 2277/2277/2115 2312/2312/2150
f 2313/2313/2151 2312/2312/2150 2311/2311/2149
f 1862/1862/1750 2313/2313/2151 1859/1859/1747
f 2311/2311/2149 1859/1859/1747 2313/2313/2151
f 2040/2040/1913 2312/2312/2150 2314/2314/2152
f 2312/2312/2150 2313/2313/2151 2314/2314/2152
f 2315/2315/2153 2314/2314/2152 2313/2313/2151
f 1865/1865/1753 2315/2315/2153 1862/1862/1750
f 2313/2313/2151 1862/1862/1750 2315/2315/2153
f 2316/2316/2154 2040/2040/1913 2314/2314/2152
f 2314/2314/2152 2315/2315/2153 2316/2316/2154
f 2040/2040/1913 2316/2316/2154 2037/2037/1910
f 2036/2036/1909 2037/2037/1910 2316/2316/2154
f 2317/2317/2155 2316/2316/2154 2315/2315/2153
f 2316/2316/2154 2317/2317/2155 2036/2036/1909
f 1868/1868/1756 2317/2317/2155 1865/1865/1753
f 2315/2315/2153 1865/1865/1753 2317/2317/2155
f 2318/2318/2156 2036/2036/1909 2317/2317/2155
f 2317/2317/2155 1868/1868/1756 2318/2318/2156
f 2036/2036/1909 2318/2318/2156 2028/2028/1901
f 1871/1871/1759 2318/2318/2156 1868/1868/1756
f 2021/2021/1894 2028/2028/1901 2318/2318/2156
f 2318/2318/2156 1871/1871/1759 2021/2021/1894
f 2319/2319/2157 1770/1770/1661 1773/1773/1664
f 1770/1770/1661 2319/2319/2157 2320/2320/2158
f 2319/2319/2157 2321/2321/2159 2320/2320/2158
f 2322/2322/2160 1773/1773/1664 1777/1777/1668
f 1773/1773/1664 2322/2322/2160 2319/2319/2157
f 2321/2321/2159 2319/2319/2157 2323/2323/2161
f 2322/2322/2160 2323/2323/2161 2319/2319/2157
f 2323/2323/2161 2324/2324/2162 2321/2321/2159
f 1777/1777/1668 1775/1775/1666 2325/2325/2163
f 2322/2322/2160 1777/1777/1668 2325/2325/2163
f 2324/2324/2162 2323/2323/2161 2326/2326/2164
f 2324/2324/2162 2326/2326/2164 2327/2327/2165
f 2322/2322/2160 2328/2328/2166 2323/2323/2161
f 2328/2328/2166 2326/2326/2164 2323/2323/2161
f 2325/2325/2163 2329/2329/2167 2322/2322/2160
f 2329/2329/2167 2328/2328/2166 2322/2322/2160
f 2326/2326/2164 2328/2328/2166 2330/2330/2168
f 2330/2330/2168 2328/2328/2166 2331/2331/2169
f 2328/2328/2166 2329/2329/2167 2331/2331/2169
f 2327/2327/2165 2326/2326/2164 2332/2332/2170
f 2333/2333/2171 2326/2326/2164 2330/2330/2168
f 2326/2326/2164 2333/2333/2171 2332/2332/2170
f 2333/2333/2171 2334/2334/2172 2332/2332/2170
f 2327/2327/2165 2332/2332/2170 2334/2334/2172
f 2335/2335/2173 2327/2327/2165 2334/2334/2172
f 2330/2330/2168 2336/2336/2174 2333/2333/2171
f 2334/2334/2172 2337/2337/2175 2335/2335/2173
f 2335/2335/2173 2337/2337/2175 2338/2338/2176
f 2336/2336/2174 2339/2339/2177 2333/2333/2171
f 2334/2334/2172 2333/2333/2171 2339/2339/2177
f 2334/2334/2172 2340/2340/2178 2337/2337/2175
f 2339/2339/2177 2340/2340/2178 2334/2334/2172
f 2341/2341/2179 2221/2221/2059 2219/2219/2057
f 2341/2341/2179 2338/2338/2176 2337/2337/2175
f 2341/2341/2179 2219/2219/2057 2342/2342/2180
f 2338/2338/2176 2341/2341/2179 2342/2342/2180
f 2343/2343/2181 2221/2221/2059 2341/2341/2179
f 2343/2343/2181 2337/2337/2175 2340/2340/2178
f 2221/2221/2059 2343/2343/2181 2230/2230/2068
f 2337/2337/2175 2343/2343/2181 2341/2341/2179
f 2343/2343/2181 2344/2344/2182 2230/2230/2068
f 2344/2344/2182 2227/2227/2065 2230/2230/2068
f 2344/2344/2182 2343/2343/2181 2345/2345/2183
f 2340/2340/2178 2345/2345/2183 2343/2343/2181
f 2339/2339/2177 2346/2346/2184 2340/2340/2178
f 2346/2346/2184 2345/2345/2183 2340/2340/2178
f 2344/2344/2182 2347/2347/2185 2227/2227/2065
f 2228/2228/2066 2227/2227/2065 2347/2347/2185
f 2347/2347/2185 2248/2248/2086 2228/2228/2066
f 2339/2339/2177 2336/2336/2174 2348/2348/2186
f 2348/2348/2186 2346/2346/2184 2339/2339/2177
f 2248/2248/2086 2347/2347/2185 2349/2349/2187
f 2350/2350/2188 2346/2346/2184 2348/2348/2186
f 2351/2351/2189 2248/2248/2086 2349/2349/2187
f 2248/2248/2086 2351/2351/2189 2250/2250/2088
f 2261/2261/2099 2250/2250/2088 2351/2351/2189
f 2352/2352/2190 2351/2351/2189 2349/2349/2187
f 2347/2347/2185 2352/2352/2190 2349/2349/2187
f 2347/2347/2185 2344/2344/2182 2353/2353/2191
f 2352/2352/2190 2347/2347/2185 2353/2353/2191
f 2354/2354/2192 2261/2261/2099 2351/2351/2189
f 2268/2268/2106 2261/2261/2099 2354/2354/2192
f 2354/2354/2192 2293/2293/2131 2268/2268/2106
f 2355/2355/2193 2352/2352/2190 2353/2353/2191
f 2355/2355/2193 2344/2344/2182 2345/2345/2183
f 2344/2344/2182 2355/2355/2193 2353/2353/2191
f 2356/2356/2194 2354/2354/2192 2351/2351/2189
f 2351/2351/2189 2352/2352/2190 2356/2356/2194
f 2357/2357/2195 2352/2352/2190 2355/2355/2193
f 2357/2357/2195 2356/2356/2194 2352/2352/2190
f 2358/2358/2196 2345/2345/2183 2346/2346/2184
f 2346/2346/2184 2350/2350/2188 2358/2358/2196
f 2345/2345/2183 2358/2358/2196 2355/2355/2193
f 2355/2355/2193 2359/2359/2197 2357/2357/2195
f 2350/2350/2188 2359/2359/2197 2358/2358/2196
f 2359/2359/2197 2355/2355/2193 2358/2358/2196
f 2356/2356/2194 2357/2357/2195 2360/2360/2198
f 2359/2359/2197 2360/2360/2198 2357/2357/2195
f 2360/2360/2198 2354/2354/2192 2356/2356/2194
f 2361/2361/2199 2359/2359/2197 2350/2350/2188
f 2293/2293/2131 2354/2354/2192 2362/2362/2200
f 2360/2360/2198 2362/2362/2200 2354/2354/2192
f 2360/2360/2198 2359/2359/2197 2363/2363/2201
f 2361/2361/2199 2363/2363/2201 2359/2359/2197
f 2363/2363/2201 2364/2364/2202 2360/2360/2198
f 2362/2362/2200 2360/2360/2198 2364/2364/2202
f 2293/2293/2131 2365/2365/2203 2291/2291/2129
f 2291/2291/2129 2365/2365/2203 1793/1793/1684
f 2365/2365/2203 2293/2293/2131 2362/2362/2200
f 2362/2362/2200 2364/2364/2202 2366/2366/2204
f 2366/2366/2204 2365/2365/2203 2362/2362/2200
f 1789/1789/1680 1793/1793/1684 2367/2367/2205
f 2367/2367/2205 1786/1786/1677 1789/1789/1680
f 2365/2365/2203 2367/2367/2205 1793/1793/1684
f 2368/2368/2206 2367/2367/2205 2365/2365/2203
f 2365/2365/2203 2366/2366/2204 2368/2368/2206
f 1786/1786/1677 2367/2367/2205 2369/2369/2207
f 2370/2370/2208 2369/2369/2207 2367/2367/2205
f 2367/2367/2205 2368/2368/2206 2370/2370/2208
f 2371/2371/2209 1786/1786/1677 2369/2369/2207
f 2370/2370/2208 2371/2371/2209 2369/2369/2207
f 1786/1786/1677 2371/2371/2209 1780/1780/1671
f 1780/1780/1671 2371/2371/2209 1775/1775/1666
f 2371/2371/2209 2325/2325/2163 1775/1775/1666
f 2371/2371/2209 2370/2370/2208 2372/2372/2210
f 2325/2325/2163 2371/2371/2209 2372/2372/2210
f 2373/2373/2211 2372/2372/2210 2370/2370/2208
f 2329/2329/2167 2325/2325/2163 2373/2373/2211
f 2373/2373/2211 2325/2325/2163 2372/2372/2210
f 2374/2374/2212 2370/2370/2208 2368/2368/2206
f 2370/2370/2208 2374/2374/2212 2373/2373/2211
f 2374/2374/2212 2368/2368/2206 2366/2366/2204
f 2329/2329/2167 2375/2375/2213 2331/2331/2169
f 2375/2375/2213 2329/2329/2167 2373/2373/2211
f 2373/2373/2211 2376/2376/2214 2375/2375/2213
f 2376/2376/2214 2374/2374/2212 2366/2366/2204
f 2376/2376/2214 2373/2373/2211 2374/2374/2212
f 2377/2377/2215 2331/2331/2169 2375/2375/2213
f 2377/2377/2215 2375/2375/2213 2376/2376/2214
f 2331/2331/2169 2378/2378/2216 2330/2330/2168
f 2336/2336/2174 2330/2330/2168 2378/2378/2216
f 2331/2331/2169 2377/2377/2215 2378/2378/2216
f 2378/2378/2216 2379/2379/2217 2336/2336/2174
f 2379/2379/2217 2378/2378/2216 2377/2377/2215
f 2379/2379/2217 2348/2348/2186 2336/2336/2174
f 2348/2348/2186 2379/2379/2217 2350/2350/2188
f 2379/2379/2217 2361/2361/2199 2350/2350/2188
f 2376/2376/2214 2380/2380/2218 2377/2377/2215
f 2379/2379/2217 2377/2377/2215 2380/2380/2218
f 2380/2380/2218 2381/2381/2219 2379/2379/2217
f 2361/2361/2199 2379/2379/2217 2381/2381/2219
f 2380/2380/2218 2376/2376/2214 2382/2382/2220
f 2376/2376/2214 2366/2366/2204 2382/2382/2220
f 2366/2366/2204 2364/2364/2202 2382/2382/2220
f 2383/2383/2221 2381/2381/2219 2380/2380/2218
f 2380/2380/2218 2382/2382/2220 2383/2383/2221
f 2382/2382/2220 2384/2384/2222 2383/2383/2221
f 2364/2364/2202 2363/2363/2201 2384/2384/2222
f 2382/2382/2220 2364/2364/2202 2384/2384/2222
f 2381/2381/2219 2383/2383/2221 2385/2385/2223
f 2383/2383/2221 2384/2384/2222 2385/2385/2223
f 2384/2384/2222 2386/2386/2224 2385/2385/2223
f 2384/2384/2222 2363/2363/2201 2386/2386/2224
f 2381/2381/2219 2386/2386/2224 2361/2361/2199
f 2363/2363/2201 2361/2361/2199 2386/2386/2224
f 2386/2386/2224 2381/2381/2219 2385/2385/2223
f 2387/2387/2225 2388/2388/2226 2389/2389/2227
f 2390/2390/2228 2389/2389/2227 2388/2388/2226
f 2391/2391/2229 2387/2387/2225 2389/2389/2227
f 2390/2390/2228 2392/2392/2230 2389/2389/2227
f 2392/2392/2230 2390/2390/2228 2393/2393/2231
f 2389/2389/2227 2394/2394/2232 2391/2391/2229
f 2393/2393/2231 2395/2395/2233 2392/2392/2230
f 2395/2395/2233 2393/2393/2231 2396/2396/2234
f 2397/2397/2235 2395/2395/2233 2396/2396/2234
f 2389/2389/2227 2398/2398/2236 2394/2394/2232
f 2392/2392/2230 2398/2398/2236 2389/2389/2227
f 2395/2395/2233 2397/2397/2235 2399/2399/2237
f 2400/2400/2238 2399/2399/2237 2397/2397/2235
f 2401/2401/2239 2392/2392/2230 2395/2395/2233
f 2401/2401/2239 2395/2395/2233 2399/2399/2237
f 2392/2392/2230 2401/2401/2239 2398/2398/2236
f 2400/2400/2238 2402/2402/2240 2399/2399/2237
f 2403/2403/2226 2402/2402/2240 2400/2400/2238
f 2402/2402/2240 2403/2403/2226 2404/2404/2241
f 2399/2399/2237 2405/2405/2242 2401/2401/2239
f 2402/2402/2240 2405/2405/2242 2399/2399/2237
f 2406/2406/2243 2402/2402/2240 2404/2404/2241
f 2405/2405/2242 2402/2402/2240 2406/2406/2243
f 2404/2404/2241 2407/2407/2229 2406/2406/2243
f 2408/2408/2244 2406/2406/2243 2407/2407/2229
f 2406/2406/2243 2409/2409/2245 2405/2405/2242
f 2406/2406/2243 2408/2408/2244 2409/2409/2245
f 2408/2408/2244 2410/2410/2246 2409/2409/2245
f 2410/2410/2246 2411/2411/2247 2409/2409/2245
f 2411/2411/2247 2405/2405/2242 2409/2409/2245
f 2405/2405/2242 2411/2411/2247 2412/2412/2248
f 2405/2405/2242 2412/2412/2248 2401/2401/2239
f 2411/2411/2247 2413/2413/2249 2412/2412/2248
f 2413/2413/2249 2401/2401/2239 2412/2412/2248
f 2401/2401/2239 2413/2413/2249 2398/2398/2236
f 2410/2410/2246 2413/2413/2249 2411/2411/2247
f 2414/2414/2244 2413/2413/2249 2410/2410/2246
f 2398/2398/2236 2413/2413/2249 2415/2415/2250
f 2413/2413/2249 2414/2414/2244 2415/2415/2250
f 2415/2415/2250 2394/2394/2232 2398/2398/2236
f 2391/2391/2229 2415/2415/2250 2414/2414/2244
f 2415/2415/2250 2391/2391/2229 2394/2394/2232
f 2416/2416/2251 2417/2417/2252 2418/2418/2253
f 2419/2419/2254 2416/2416/2251 2418/2418/2253
f 2417/2417/2252 2416/2416/2251 2420/2420/2255
f 2416/2416/2251 2419/2419/2254 2421/2421/2256
f 2422/2422/2257 2421/2421/2256 2419/2419/2254
f 2420/2420/2255 2416/2416/2251 2423/2423/2258
f 2423/2423/2258 2424/2424/2259 2420/2420/2255
f 2425/2425/2260 2423/2423/2258 2416/2416/2251
f 2421/2421/2256 2425/2425/2260 2416/2416/2251
f 2421/2421/2256 2422/2422/2257 2426/2426/2261
f 2425/2425/2260 2421/2421/2256 2426/2426/2261
f 2426/2426/2261 2427/2427/2262 2425/2425/2260
f 2422/2422/2257 2427/2427/2262 2426/2426/2261
f 2427/2427/2262 2422/2422/2257 2428/2428/2263
f 2423/2423/2258 2425/2425/2260 2429/2429/2264
f 2423/2423/2258 2429/2429/2264 2424/2424/2259
f 2430/2430/2265 2424/2424/2259 2429/2429/2264
f 2425/2425/2260 2427/2427/2262 2431/2431/2266
f 2432/2432/2267 2431/2431/2266 2427/2427/2262
f 2428/2428/2263 2432/2432/2267 2427/2427/2262
f 2432/2432/2267 2428/2428/2263 2433/2433/2268
f 2433/2433/2268 2434/2434/2269 2432/2432/2267
f 2425/2425/2260 2435/2435/2270 2429/2429/2264
f 2431/2431/2266 2435/2435/2270 2425/2425/2260
f 2431/2431/2266 2432/2432/2267 2436/2436/2271
f 2436/2436/2271 2435/2435/2270 2431/2431/2266
f 2436/2436/2271 2432/2432/2267 2437/2437/2272
f 2434/2434/2269 2437/2437/2272 2432/2432/2267
f 2437/2437/2272 2434/2434/2269 2438/2438/2273
f 2439/2439/2274 2437/2437/2272 2438/2438/2273
f 2437/2437/2272 2439/2439/2274 2440/2440/2275
f 2441/2441/2276 2440/2440/2275 2439/2439/2274
f 2440/2440/2275 2442/2442/2277 2437/2437/2272
f 2437/2437/2272 2442/2442/2277 2436/2436/2271
f 2436/2436/2271 2442/2442/2277 2443/2443/2278
f 2435/2435/2270 2436/2436/2271 2443/2443/2278
f 2440/2440/2275 2441/2441/2276 2444/2444/2279
f 2442/2442/2277 2440/2440/2275 2445/2445/2280
f 2440/2440/2275 2444/2444/2279 2445/2445/2280
f 2441/2441/2276 2446/2446/2281 2444/2444/2279
f 2446/2446/2281 2441/2441/2276 2447/2447/2282
f 2448/2448/2283 2444/2444/2279 2446/2446/2281
f 2444/2444/2279 2448/2448/2283 2445/2445/2280
f 2447/2447/2282 2449/2449/2284 2446/2446/2281
f 2449/2449/2284 2447/2447/2282 2450/2450/2285
f 2446/2446/2281 2451/2451/2286 2448/2448/2283
f 2451/2451/2286 2446/2446/2281 2449/2449/2284
f 2450/2450/2285 2452/2452/2287 2449/2449/2284
f 2452/2452/2287 2450/2450/2285 2453/2453/2288
f 2454/2454/2289 2452/2452/2287 2453/2453/2288
f 2455/2455/2290 2449/2449/2284 2452/2452/2287
f 2449/2449/2284 2455/2455/2290 2451/2451/2286
f 2452/2452/2287 2454/2454/2289 2456/2456/2291
f 2457/2457/2292 2456/2456/2291 2454/2454/2289
f 2458/2458/2293 2452/2452/2287 2456/2456/2291
f 2452/2452/2287 2458/2458/2293 2455/2455/2290
f 2458/2458/2293 2456/2456/2291 2459/2459/2294
f 2456/2456/2291 2457/2457/2292 2459/2459/2294
f 2460/2460/2295 2459/2459/2294 2457/2457/2292
f 2461/2461/2296 2455/2455/2290 2458/2458/2293
f 2459/2459/2294 2460/2460/2295 2462/2462/2297
f 2463/2463/2298 2459/2459/2294 2462/2462/2297
f 2463/2463/2298 2461/2461/2296 2458/2458/2293
f 2459/2459/2294 2463/2463/2298 2458/2458/2293
f 2460/2460/2295 2464/2464/2299 2462/2462/2297
f 2464/2464/2299 2460/2460/2295 2465/2465/2300
f 2466/2466/2301 2464/2464/2299 2465/2465/2300
f 2467/2467/2302 2462/2462/2297 2464/2464/2299
f 2463/2463/2298 2462/2462/2297 2467/2467/2302
f 2468/2468/2303 2467/2467/2302 2464/2464/2299
f 2468/2468/2303 2464/2464/2299 2466/2466/2301
f 2469/2469/2304 2468/2468/2303 2466/2466/2301
f 2468/2468/2303 2469/2469/2304 2470/2470/2305
f 2470/2470/2305 2471/2471/2306 2468/2468/2303
f 2472/2472/2307 2468/2468/2303 2471/2471/2306
f 2467/2467/2302 2468/2468/2303 2473/2473/2308
f 2472/2472/2307 2473/2473/2308 2468/2468/2303
f 2473/2473/2308 2463/2463/2298 2467/2467/2302
f 2473/2473/2308 2472/2472/2307 2474/2474/2309
f 2475/2475/2310 2473/2473/2308 2474/2474/2309
f 2461/2461/2296 2463/2463/2298 2476/2476/2311
f 2473/2473/2308 2476/2476/2311 2463/2463/2298
f 2473/2473/2308 2475/2475/2310 2477/2477/2312
f 2477/2477/2312 2476/2476/2311 2473/2473/2308
f 2478/2478/2313 2477/2477/2312 2475/2475/2310
f 2476/2476/2311 2477/2477/2312 2479/2479/2314
f 2477/2477/2312 2478/2478/2313 2480/2480/2315
f 2481/2481/2316 2480/2480/2315 2478/2478/2313
f 2482/2482/2317 2477/2477/2312 2480/2480/2315
f 2477/2477/2312 2482/2482/2317 2479/2479/2314
f 2483/2483/2318 2476/2476/2311 2479/2479/2314
f 2482/2482/2317 2483/2483/2318 2479/2479/2314
f 2476/2476/2311 2483/2483/2318 2461/2461/2296
f 2484/2484/2319 2482/2482/2317 2480/2480/2315
f 2480/2480/2315 2481/2481/2316 2484/2484/2319
f 2485/2485/2320 2484/2484/2319 2481/2481/2316
f 2482/2482/2317 2484/2484/2319 2486/2486/2321
f 2482/2482/2317 2486/2486/2321 2483/2483/2318
f 2487/2487/2322 2486/2486/2321 2484/2484/2319
f 2484/2484/2319 2485/2485/2320 2487/2487/2322
f 2488/2488/2323 2487/2487/2322 2485/2485/2320
f 2489/2489/2324 2486/2486/2321 2487/2487/2322
f 2483/2483/2318 2486/2486/2321 2489/2489/2324
f 2490/2490/2325 2489/2489/2324 2487/2487/2322
f 2487/2487/2322 2488/2488/2323 2490/2490/2325
f 2488/2488/2323 2491/2491/2326 2490/2490/2325
f 2491/2491/2326 2488/2488/2323 2492/2492/2327
f 2489/2489/2324 2490/2490/2325 2493/2493/2328
f 2494/2494/2329 2491/2491/2326 2492/2492/2327
f 2492/2492/2327 2495/2495/2330 2494/2494/2329
f 2496/2496/2331 2493/2493/2328 2490/2490/2325
f 2491/2491/2326 2496/2496/2331 2490/2490/2325
f 2494/2494/2329 2497/2497/2332 2491/2491/2326
f 2497/2497/2332 2496/2496/2331 2491/2491/2326
f 2498/2498/2333 2494/2494/2329 2495/2495/2330
f 2495/2495/2330 2499/2499/2334 2498/2498/2333
f 2500/2500/2335 2494/2494/2329 2498/2498/2333
f 2494/2494/2329 2500/2500/2335 2497/2497/2332
f 2500/2500/2335 2498/2498/2333 2501/2501/2336
f 2499/2499/2334 2501/2501/2336 2498/2498/2333
f 2501/2501/2336 2499/2499/2334 2502/2502/2337
f 2503/2503/2338 2500/2500/2335 2501/2501/2336
f 2503/2503/2338 2501/2501/2336 2502/2502/2337
f 2502/2502/2337 2504/2504/2339 2503/2503/2338
f 2505/2505/2340 2503/2503/2338 2504/2504/2339
f 2503/2503/2338 2505/2505/2340 2506/2506/2341
f 2506/2506/2341 2507/2507/2342 2503/2503/2338
f 2500/2500/2335 2503/2503/2338 2507/2507/2342
f 2508/2508/2343 2507/2507/2342 2506/2506/2341
f 2505/2505/2340 2508/2508/2343 2506/2506/2341
f 2508/2508/2343 2505/2505/2340 2509/2509/2344
f 2510/2510/2345 2508/2508/2343 2509/2509/2344
f 2511/2511/2346 2500/2500/2335 2507/2507/2342
f 2511/2511/2346 2507/2507/2342 2508/2508/2343
f 2508/2508/2343 2512/2512/2347 2511/2511/2346
f 2430/2430/2265 2512/2512/2347 2510/2510/2345
f 2508/2508/2343 2510/2510/2345 2512/2512/2347
f 2429/2429/2264 2513/2513/2348 2430/2430/2265
f 2513/2513/2348 2512/2512/2347 2430/2430/2265
f 2514/2514/2349 2512/2512/2347 2513/2513/2348
f 2429/2429/2264 2514/2514/2349 2513/2513/2348
f 2512/2512/2347 2514/2514/2349 2511/2511/2346
f 2429/2429/2264 2435/2435/2270 2514/2514/2349
f 2443/2443/2278 2514/2514/2349 2435/2435/2270
f 2514/2514/2349 2443/2443/2278 2511/2511/2346
f 2443/2443/2278 2515/2515/2350 2511/2511/2346
f 2515/2515/2350 2497/2497/2332 2500/2500/2335
f 2500/2500/2335 2511/2511/2346 2515/2515/2350
f 2515/2515/2350 2443/2443/2278 2516/2516/2351
f 2442/2442/2277 2516/2516/2351 2443/2443/2278
f 2445/2445/2280 2516/2516/2351 2442/2442/2277
f 2497/2497/2332 2515/2515/2350 2517/2517/2352
f 2517/2517/2352 2496/2496/2331 2497/2497/2332
f 2515/2515/2350 2516/2516/2351 2517/2517/2352
f 2516/2516/2351 2445/2445/2280 2518/2518/2353
f 2516/2516/2351 2518/2518/2353 2517/2517/2352
f 2517/2517/2352 2518/2518/2353 2519/2519/2354
f 2496/2496/2331 2517/2517/2352 2519/2519/2354
f 2518/2518/2353 2520/2520/2355 2519/2519/2354
f 2520/2520/2355 2445/2445/2280 2448/2448/2283
f 2445/2445/2280 2520/2520/2355 2518/2518/2353
f 2519/2519/2354 2521/2521/2356 2496/2496/2331
f 2519/2519/2354 2520/2520/2355 2521/2521/2356
f 2521/2521/2356 2493/2493/2328 2496/2496/2331
f 2520/2520/2355 2522/2522/2357 2521/2521/2356
f 2448/2448/2283 2451/2451/2286 2522/2522/2357
f 2522/2522/2357 2520/2520/2355 2448/2448/2283
f 2523/2523/2358 2493/2493/2328 2521/2521/2356
f 2522/2522/2357 2523/2523/2358 2521/2521/2356
f 2493/2493/2328 2523/2523/2358 2489/2489/2324
f 2523/2523/2358 2483/2483/2318 2489/2489/2324
f 2523/2523/2358 2461/2461/2296 2483/2483/2318
f 2523/2523/2358 2522/2522/2357 2524/2524/2359
f 2461/2461/2296 2523/2523/2358 2524/2524/2359
f 2524/2524/2359 2451/2451/2286 2455/2455/2290
f 2455/2455/2290 2461/2461/2296 2524/2524/2359
f 2451/2451/2286 2524/2524/2359 2522/2522/2357
f 2525/2525/2360 2526/2526/2361 2527/2527/2362
f 2526/2526/2361 2528/2528/2363 2527/2527/2362
f 2526/2526/2361 2525/2525/2360 2529/2529/2364
f 2528/2528/2363 2526/2526/2361 2530/2530/2365
f 2530/2530/2365 2531/2531/2366 2528/2528/2363
f 2529/2529/2364 2532/2532/2367 2526/2526/2361
f 2531/2531/2366 2530/2530/2365 2533/2533/2368
f 2529/2529/2364 2534/2534/2369 2532/2532/2367
f 2535/2535/2370 2534/2534/2369 2529/2529/2364
f 2534/2534/2369 2535/2535/2370 2536/2536/2371
f 2532/2532/2367 2537/2537/2372 2526/2526/2361
f 2530/2530/2365 2537/2537/2372 2533/2533/2368
f 2537/2537/2372 2530/2530/2365 2526/2526/2361
f 2538/2538/2373 2532/2532/2367 2534/2534/2369
f 2537/2537/2372 2532/2532/2367 2538/2538/2373
f 2536/2536/2371 2538/2538/2373 2534/2534/2369
f 2539/2539/2374 2531/2531/2366 2533/2533/2368
f 2537/2537/2372 2539/2539/2374 2533/2533/2368
f 2538/2538/2373 2536/2536/2371 2540/2540/2375
f 2531/2531/2366 2539/2539/2374 2541/2541/2376
f 2541/2541/2376 2542/2542/2377 2531/2531/2366
f 2542/2542/2377 2541/2541/2376 2543/2543/2378
f 2539/2539/2374 2544/2544/2379 2541/2541/2376
f 2544/2544/2379 2543/2543/2378 2541/2541/2376
f 2543/2543/2378 2544/2544/2379 2545/2545/2380
f 2546/2546/2381 2544/2544/2379 2539/2539/2374
f 2537/2537/2372 2546/2546/2381 2539/2539/2374
f 2546/2546/2381 2537/2537/2372 2547/2547/2382
f 2537/2537/2372 2538/2538/2373 2547/2547/2382
f 2547/2547/2382 2548/2548/2383 2546/2546/2381
f 2544/2544/2379 2546/2546/2381 2548/2548/2383
f 2548/2548/2383 2549/2549/2384 2544/2544/2379
f 2549/2549/2384 2545/2545/2380 2544/2544/2379
f 2545/2545/2380 2549/2549/2384 2550/2550/2385
f 2549/2549/2384 2551/2551/2386 2550/2550/2385
f 2538/2538/2373 2540/2540/2375 2552/2552/2387
f 2538/2538/2373 2552/2552/2387 2547/2547/2382
f 2551/2551/2386 2549/2549/2384 2553/2553/2388
f 2553/2553/2388 2554/2554/2389 2551/2551/2386
f 2553/2553/2388 2549/2549/2384 2555/2555/2390
f 2549/2549/2384 2548/2548/2383 2555/2555/2390
f 2548/2548/2383 2547/2547/2382 2556/2556/2391
f 2556/2556/2391 2555/2555/2390 2548/2548/2383
f 2552/2552/2387 2556/2556/2391 2547/2547/2382
f 2555/2555/2390 2557/2557/2392 2553/2553/2388
f 2536/2536/2371 2558/2558/2393 2540/2540/2375
f 2558/2558/2393 2552/2552/2387 2540/2540/2375
f 2536/2536/2371 2559/2559/2394 2558/2558/2393
f 2552/2552/2387 2558/2558/2393 2560/2560/2395
f 2556/2556/2391 2552/2552/2387 2560/2560/2395
f 2561/2561/2396 2560/2560/2395 2558/2558/2393
f 2559/2559/2394 2561/2561/2396 2558/2558/2393
f 2561/2561/2396 2559/2559/2394 2562/2562/2397
f 2563/2563/2398 2561/2561/2396 2562/2562/2397
f 2564/2564/2399 2557/2557/2392 2555/2555/2390
f 2555/2555/2390 2556/2556/2391 2564/2564/2399
f 2561/2561/2396 2563/2563/2398 2565/2565/2400
f 2566/2566/2401 2556/2556/2391 2560/2560/2395
f 2556/2556/2391 2566/2566/2401 2564/2564/2399
f 2560/2560/2395 2561/2561/2396 2567/2567/2402
f 2561/2561/2396 2565/2565/2400 2567/2567/2402
f 2565/2565/2400 2568/2568/2403 2567/2567/2402
f 2563/2563/2398 2568/2568/2403 2565/2565/2400
f 2563/2563/2398 2569/2569/2404 2568/2568/2403
f 2570/2570/2405 2568/2568/2403 2569/2569/2404
f 2568/2568/2403 2571/2571/2406 2567/2567/2402
f 2560/2560/2395 2571/2571/2406 2566/2566/2401
f 2571/2571/2406 2560/2560/2395 2567/2567/2402
f 2571/2571/2406 2568/2568/2403 2572/2572/2407
f 2568/2568/2403 2570/2570/2405 2572/2572/2407
f 2573/2573/2408 2572/2572/2407 2570/2570/2405
f 2571/2571/2406 2572/2572/2407 2574/2574/2409
f 2572/2572/2407 2573/2573/2408 2574/2574/2409
f 2573/2573/2408 2575/2575/2410 2574/2574/2409
f 2576/2576/2411 2571/2571/2406 2574/2574/2409
f 2574/2574/2409 2575/2575/2410 2576/2576/2411
f 2575/2575/2410 2577/2577/2412 2576/2576/2411
f 2571/2571/2406 2576/2576/2411 2578/2578/2413
f 2578/2578/2413 2566/2566/2401 2571/2571/2406
f 2576/2576/2411 2579/2579/2414 2578/2578/2413
f 2576/2576/2411 2577/2577/2412 2579/2579/2414
f 2580/2580/2415 2579/2579/2414 2577/2577/2412
f 2566/2566/2401 2581/2581/2416 2564/2564/2399
f 2566/2566/2401 2578/2578/2413 2581/2581/2416
f 2578/2578/2413 2579/2579/2414 2582/2582/2417
f 2582/2582/2417 2581/2581/2416 2578/2578/2413
f 2579/2579/2414 2583/2583/2418 2582/2582/2417
f 2579/2579/2414 2580/2580/2415 2583/2583/2418
f 2557/2557/2392 2564/2564/2399 2584/2584/2419
f 2564/2564/2399 2581/2581/2416 2584/2584/2419
f 2581/2581/2416 2582/2582/2417 2585/2585/2420
f 2581/2581/2416 2585/2585/2420 2584/2584/2419
f 2586/2586/2421 2557/2557/2392 2584/2584/2419
f 2584/2584/2419 2585/2585/2420 2586/2586/2421
f 2585/2585/2420 2587/2587/2422 2586/2586/2421
f 2582/2582/2417 2587/2587/2422 2585/2585/2420
f 2582/2582/2417 2583/2583/2418 2588/2588/2423
f 2587/2587/2422 2582/2582/2417 2588/2588/2423
f 2586/2586/2421 2587/2587/2422 2589/2589/2424
f 2588/2588/2423 2590/2590/2425 2587/2587/2422
f 2590/2590/2425 2589/2589/2424 2587/2587/2422
f 2590/2590/2425 2588/2588/2423 2591/2591/2426
f 2583/2583/2418 2591/2591/2426 2588/2588/2423
f 2591/2591/2426 2583/2583/2418 2592/2592/2427
f 2580/2580/2415 2592/2592/2427 2583/2583/2418
f 2592/2592/2427 2580/2580/2415 2593/2593/2428
f 2592/2592/2427 2594/2594/2429 2591/2591/2426
f 2593/2593/2428 2595/2595/2430 2592/2592/2427
f 2594/2594/2429 2592/2592/2427 2595/2595/2430
f 2595/2595/2430 2593/2593/2428 2596/2596/2431
f 2590/2590/2425 2591/2591/2426 2597/2597/2432
f 2597/2597/2432 2591/2591/2426 2594/2594/2429
f 2598/2598/2433 2597/2597/2432 2594/2594/2429
f 2595/2595/2430 2598/2598/2433 2594/2594/2429
f 2596/2596/2431 2599/2599/2434 2595/2595/2430
f 2598/2598/2433 2595/2595/2430 2599/2599/2434
f 2599/2599/2434 2596/2596/2431 2600/2600/2435
f 2601/2601/2436 2598/2598/2433 2599/2599/2434
f 2601/2601/2436 2599/2599/2434 2600/2600/2435
f 2601/2601/2436 2600/2600/2435 2602/2602/2437
f 2603/2603/2438 2597/2597/2432 2598/2598/2433
f 2598/2598/2433 2601/2601/2436 2603/2603/2438
f 2601/2601/2436 2604/2604/2439 2603/2603/2438
f 2597/2597/2432 2603/2603/2438 2604/2604/2439
f 2604/2604/2439 2601/2601/2436 2605/2605/2440
f 2602/2602/2437 2605/2605/2440 2601/2601/2436
f 2605/2605/2440 2602/2602/2437 2606/2606/2441
f 2607/2607/2442 2605/2605/2440 2606/2606/2441
f 2597/2597/2432 2604/2604/2439 2608/2608/2443
f 2608/2608/2443 2590/2590/2425 2597/2597/2432
f 2609/2609/2444 2608/2608/2443 2604/2604/2439
f 2605/2605/2440 2609/2609/2444 2604/2604/2439
f 2605/2605/2440 2607/2607/2442 2610/2610/2445
f 2611/2611/2446 2610/2610/2445 2607/2607/2442
f 2611/2611/2446 2612/2612/2447 2610/2610/2445
f 2612/2612/2447 2613/2613/2448 2610/2610/2445
f 2614/2614/2449 2610/2610/2445 2613/2613/2448
f 2609/2609/2444 2605/2605/2440 2615/2615/2450
f 2610/2610/2445 2615/2615/2450 2605/2605/2440
f 2615/2615/2450 2610/2610/2445 2616/2616/2451
f 2616/2616/2451 2610/2610/2445 2614/2614/2449
f 2616/2616/2451 2614/2614/2449 2617/2617/2452
f 2618/2618/2453 2616/2616/2451 2617/2617/2452
f 2616/2616/2451 2618/2618/2453 2619/2619/2454
f 2619/2619/2454 2609/2609/2444 2615/2615/2450
f 2619/2619/2454 2615/2615/2450 2616/2616/2451
f 2609/2609/2444 2619/2619/2454 2620/2620/2455
f 2618/2618/2453 2620/2620/2455 2619/2619/2454
f 2620/2620/2455 2618/2618/2453 2621/2621/2456
f 2622/2622/2457 2609/2609/2444 2620/2620/2455
f 2608/2608/2443 2609/2609/2444 2622/2622/2457
f 2622/2622/2457 2620/2620/2455 2623/2623/2458
f 2621/2621/2456 2623/2623/2458 2620/2620/2455
f 2623/2623/2458 2621/2621/2456 2624/2624/2459
f 2625/2625/2460 2622/2622/2457 2623/2623/2458
f 2624/2624/2459 2625/2625/2460 2623/2623/2458
f 2625/2625/2460 2624/2624/2459 2626/2626/2461
f 2626/2626/2461 2627/2627/2462 2625/2625/2460
f 2625/2625/2460 2628/2628/2463 2622/2622/2457
f 2628/2628/2463 2608/2608/2443 2622/2622/2457
f 2629/2629/2464 2628/2628/2463 2625/2625/2460
f 2629/2629/2464 2625/2625/2460 2627/2627/2462
f 2630/2630/2465 2629/2629/2464 2627/2627/2462
f 2608/2608/2443 2628/2628/2463 2631/2631/2466
f 2590/2590/2425 2608/2608/2443 2631/2631/2466
f 2589/2589/2424 2590/2590/2425 2631/2631/2466
f 2631/2631/2466 2632/2632/2467 2589/2589/2424
f 2629/2629/2464 2632/2632/2467 2628/2628/2463
f 2632/2632/2467 2631/2631/2466 2628/2628/2463
f 2629/2629/2464 2630/2630/2465 2633/2633/2468
f 2633/2633/2468 2632/2632/2467 2629/2629/2464
f 2554/2554/2389 2633/2633/2468 2630/2630/2465
f 2632/2632/2467 2633/2633/2468 2634/2634/2469
f 2586/2586/2421 2589/2589/2424 2634/2634/2469
f 2557/2557/2392 2586/2586/2421 2634/2634/2469
f 2634/2634/2469 2589/2589/2424 2632/2632/2467
f 2633/2633/2468 2554/2554/2389 2635/2635/2470
f 2635/2635/2470 2634/2634/2469 2633/2633/2468
f 2634/2634/2469 2635/2635/2470 2557/2557/2392
f 2554/2554/2389 2553/2553/2388 2635/2635/2470
f 2553/2553/2388 2557/2557/2392 2635/2635/2470
f 2636/2636/2471 2637/2637/2472 2638/2638/2473
f 2637/2637/2472 2636/2636/2471 2639/2639/2474
f 2640/2640/2475 2636/2636/2471 2638/2638/2473
f 2641/2641/2476 2639/2639/2474 2636/2636/2471
f 2639/2639/2474 2641/2641/2476 2642/2642/2477
f 2636/2636/2471 2640/2640/2475 2643/2643/2478
f 2644/2644/2479 2642/2642/2477 2641/2641/2476
f 2642/2642/2477 2644/2644/2479 2645/2645/2480
f 2644/2644/2479 2646/2646/2481 2645/2645/2480
f 2647/2647/2482 2636/2636/2471 2643/2643/2478
f 2647/2647/2482 2641/2641/2476 2636/2636/2471
f 2641/2641/2476 2648/2648/2483 2644/2644/2479
f 2648/2648/2483 2641/2641/2476 2647/2647/2482
f 2644/2644/2479 2648/2648/2483 2649/2649/2484
f 2646/2646/2481 2644/2644/2479 2649/2649/2484
f 2649/2649/2484 2650/2650/2485 2646/2646/2481
f 2651/2651/2486 2647/2647/2482 2643/2643/2478
f 2640/2640/2475 2651/2651/2486 2643/2643/2478
f 2651/2651/2486 2640/2640/2475 2652/2652/2487
f 2651/2651/2486 2652/2652/2487 2653/2653/2488
f 2651/2651/2486 2653/2653/2488 2654/2654/2489
f 2654/2654/2489 2648/2648/2483 2647/2647/2482
f 2654/2654/2489 2647/2647/2482 2651/2651/2486
f 2653/2653/2488 2655/2655/2490 2654/2654/2489
f 2648/2648/2483 2654/2654/2489 2655/2655/2490
f 2648/2648/2483 2655/2655/2490 2656/2656/2491
f 2656/2656/2491 2649/2649/2484 2648/2648/2483
f 2656/2656/2491 2655/2655/2490 2657/2657/2492
f 2657/2657/2492 2655/2655/2490 2653/2653/2488
f 2658/2658/2493 2656/2656/2491 2657/2657/2492
f 2653/2653/2488 2658/2658/2493 2657/2657/2492
f 2653/2653/2488 2659/2659/2494 2658/2658/2493
f 2659/2659/2494 2653/2653/2488 2660/2660/2495
f 2660/2660/2495 2661/2661/2496 2659/2659/2494
f 2656/2656/2491 2658/2658/2493 2661/2661/2496
f 2659/2659/2494 2661/2661/2496 2658/2658/2493
f 2661/2661/2496 2660/2660/2495 2662/2662/2475
f 2662/2662/2475 2663/2663/2473 2661/2661/2496
f 2664/2664/2497 2656/2656/2491 2661/2661/2496
f 2661/2661/2496 2663/2663/2473 2664/2664/2497
f 2656/2656/2491 2664/2664/2497 2649/2649/2484
f 2664/2664/2497 2650/2650/2485 2649/2649/2484
f 2665/2665/2472 2650/2650/2485 2664/2664/2497
f 2663/2663/2473 2665/2665/2472 2664/2664/2497
f 2666/2666/2498 2667/2667/2499 2668/2668/2255
f 2667/2667/2499 2666/2666/2498 2669/2669/2500
f 2667/2667/2499 2670/2670/2501 2668/2668/2255
f 2671/2671/2252 2668/2668/2255 2670/2670/2501
f 2669/2669/2500 2672/2672/2502 2667/2667/2499
f 2667/2667/2499 2672/2672/2502 2670/2670/2501
f 2670/2670/2501 2673/2673/2503 2671/2671/2252
f 2671/2671/2252 2673/2673/2503 2674/2674/2253
f 2673/2673/2503 2675/2675/2504 2674/2674/2253
f 2670/2670/2501 2672/2672/2502 2676/2676/2505
f 2673/2673/2503 2670/2670/2501 2676/2676/2505
f 2672/2672/2502 2669/2669/2500 2676/2676/2505
f 2676/2676/2505 2677/2677/2506 2673/2673/2503
f 2675/2675/2504 2673/2673/2503 2677/2677/2506
f 2677/2677/2506 2678/2678/2507 2675/2675/2504
f 2677/2677/2506 2676/2676/2505 2679/2679/2508
f 2679/2679/2508 2680/2680/2509 2677/2677/2506
f 2678/2678/2507 2677/2677/2506 2680/2680/2509
f 2680/2680/2509 2681/2681/2263 2678/2678/2507
f 2681/2681/2263 2680/2680/2509 2682/2682/2268
f 2676/2676/2505 2669/2669/2500 2683/2683/2510
f 2676/2676/2505 2683/2683/2510 2679/2679/2508
f 2683/2683/2510 2684/2684/2511 2679/2679/2508
f 2680/2680/2509 2679/2679/2508 2684/2684/2511
f 2680/2680/2509 2685/2685/2512 2682/2682/2268
f 2685/2685/2512 2680/2680/2509 2684/2684/2511
f 2685/2685/2512 2686/2686/2513 2682/2682/2268
f 2687/2687/2269 2682/2682/2268 2686/2686/2513
f 2686/2686/2513 2688/2688/2514 2687/2687/2269
f 2685/2685/2512 2689/2689/2515 2686/2686/2513
f 2684/2684/2511 2683/2683/2510 2689/2689/2515
f 2689/2689/2515 2685/2685/2512 2684/2684/2511
f 2688/2688/2514 2686/2686/2513 2690/2690/2516
f 2690/2690/2516 2691/2691/2517 2688/2688/2514
f 2689/2689/2515 2692/2692/2518 2686/2686/2513
f 2686/2686/2513 2692/2692/2518 2690/2690/2516
f 2690/2690/2516 2692/2692/2518 2693/2693/2519
f 2691/2691/2517 2690/2690/2516 2693/2693/2519
f 2693/2693/2519 2694/2694/2276 2691/2691/2517
f 2694/2694/2276 2693/2693/2519 2695/2695/2520
f 2695/2695/2520 2693/2693/2519 2692/2692/2518
f 2695/2695/2520 2696/2696/2521 2694/2694/2276
f 2669/2669/2500 2697/2697/2522 2683/2683/2510
f 2683/2683/2510 2697/2697/2522 2689/2689/2515
f 2696/2696/2521 2695/2695/2520 2698/2698/2523
f 2699/2699/2285 2696/2696/2521 2698/2698/2523
f 2697/2697/2522 2669/2669/2500 2700/2700/2524
f 2701/2701/2345 2700/2700/2524 2669/2669/2500
f 2702/2702/2525 2692/2692/2518 2689/2689/2515
f 2702/2702/2525 2689/2689/2515 2697/2697/2522
f 2702/2702/2525 2697/2697/2522 2703/2703/2526
f 2700/2700/2524 2703/2703/2526 2697/2697/2522
f 2703/2703/2526 2700/2700/2524 2704/2704/2527
f 2704/2704/2527 2700/2700/2524 2701/2701/2345
f 2705/2705/2528 2704/2704/2527 2701/2701/2345
f 2704/2704/2527 2705/2705/2528 2706/2706/2529
f 2707/2707/2340 2706/2706/2529 2705/2705/2528
f 2704/2704/2527 2706/2706/2529 2708/2708/2530
f 2704/2704/2527 2708/2708/2530 2703/2703/2526
f 2703/2703/2526 2708/2708/2530 2709/2709/2531
f 2709/2709/2531 2702/2702/2525 2703/2703/2526
f 2706/2706/2529 2707/2707/2340 2710/2710/2532
f 2711/2711/2533 2706/2706/2529 2710/2710/2532
f 2706/2706/2529 2711/2711/2533 2708/2708/2530
f 2707/2707/2340 2712/2712/2534 2710/2710/2532
f 2712/2712/2534 2707/2707/2340 2713/2713/2339
f 2714/2714/2535 2710/2710/2532 2712/2712/2534
f 2710/2710/2532 2714/2714/2535 2711/2711/2533
f 2711/2711/2533 2715/2715/2536 2708/2708/2530
f 2708/2708/2530 2715/2715/2536 2709/2709/2531
f 2711/2711/2533 2716/2716/2537 2715/2715/2536
f 2716/2716/2537 2711/2711/2533 2714/2714/2535
f 2717/2717/2538 2716/2716/2537 2714/2714/2535
f 2717/2717/2538 2714/2714/2535 2712/2712/2534
f 2712/2712/2534 2718/2718/2539 2717/2717/2538
f 2713/2713/2339 2718/2718/2539 2712/2712/2534
f 2713/2713/2339 2719/2719/2540 2718/2718/2539
f 2719/2719/2540 2720/2720/2541 2718/2718/2539
f 2718/2718/2539 2721/2721/2542 2717/2717/2538
f 2721/2721/2542 2716/2716/2537 2717/2717/2538
f 2721/2721/2542 2718/2718/2539 2722/2722/2543
f 2722/2722/2543 2718/2718/2539 2720/2720/2541
f 2720/2720/2541 2723/2723/2544 2722/2722/2543
f 2723/2723/2544 2720/2720/2541 2724/2724/2545
f 2725/2725/2546 2722/2722/2543 2723/2723/2544
f 2722/2722/2543 2725/2725/2546 2721/2721/2542
f 2725/2725/2546 2726/2726/2547 2721/2721/2542
f 2726/2726/2547 2715/2715/2536 2716/2716/2537
f 2716/2716/2537 2721/2721/2542 2726/2726/2547
f 2727/2727/2548 2723/2723/2544 2724/2724/2545
f 2724/2724/2545 2728/2728/2327 2727/2727/2548
f 2729/2729/2549 2709/2709/2531 2715/2715/2536
f 2726/2726/2547 2729/2729/2549 2715/2715/2536
f 2730/2730/2550 2727/2727/2548 2728/2728/2327
f 2728/2728/2327 2731/2731/2323 2730/2730/2550
f 2731/2731/2323 2732/2732/2320 2730/2730/2550
f 2723/2723/2544 2727/2727/2548 2733/2733/2551
f 2730/2730/2550 2733/2733/2551 2727/2727/2548
f 2733/2733/2551 2725/2725/2546 2723/2723/2544
f 2730/2730/2550 2732/2732/2320 2734/2734/2552
f 2732/2732/2320 2735/2735/2553 2734/2734/2552
f 2730/2730/2550 2734/2734/2552 2736/2736/2554
f 2733/2733/2551 2730/2730/2550 2736/2736/2554
f 2734/2734/2552 2735/2735/2553 2737/2737/2555
f 2738/2738/2313 2737/2737/2555 2735/2735/2553
f 2736/2736/2554 2734/2734/2552 2739/2739/2556
f 2734/2734/2552 2737/2737/2555 2739/2739/2556
f 2736/2736/2554 2739/2739/2556 2740/2740/2557
f 2733/2733/2551 2736/2736/2554 2740/2740/2557
f 2737/2737/2555 2738/2738/2313 2741/2741/2558
f 2742/2742/2310 2741/2741/2558 2738/2738/2313
f 2739/2739/2556 2737/2737/2555 2743/2743/2559
f 2741/2741/2558 2743/2743/2559 2737/2737/2555
f 2744/2744/2560 2741/2741/2558 2742/2742/2310
f 2745/2745/2309 2744/2744/2560 2742/2742/2310
f 2740/2740/2557 2739/2739/2556 2746/2746/2561
f 2739/2739/2556 2743/2743/2559 2746/2746/2561
f 2744/2744/2560 2745/2745/2309 2747/2747/2562
f 2740/2740/2557 2748/2748/2563 2733/2733/2551
f 2725/2725/2546 2733/2733/2551 2748/2748/2563
f 2745/2745/2309 2749/2749/2564 2747/2747/2562
f 2749/2749/2564 2745/2745/2309 2750/2750/2307
f 2726/2726/2547 2725/2725/2546 2751/2751/2565
f 2729/2729/2549 2726/2726/2547 2751/2751/2565
f 2748/2748/2563 2751/2751/2565 2725/2725/2546
f 2751/2751/2565 2748/2748/2563 2752/2752/2566
f 2752/2752/2566 2729/2729/2549 2751/2751/2565
f 2748/2748/2563 2753/2753/2567 2752/2752/2566
f 2753/2753/2567 2748/2748/2563 2740/2740/2557
f 2754/2754/2568 2740/2740/2557 2746/2746/2561
f 2740/2740/2557 2754/2754/2568 2753/2753/2567
f 2752/2752/2566 2755/2755/2569 2729/2729/2549
f 2709/2709/2531 2729/2729/2549 2755/2755/2569
f 2755/2755/2569 2702/2702/2525 2709/2709/2531
f 2756/2756/2570 2692/2692/2518 2702/2702/2525
f 2702/2702/2525 2755/2755/2569 2756/2756/2570
f 2757/2757/2571 2756/2756/2570 2755/2755/2569
f 2755/2755/2569 2752/2752/2566 2757/2757/2571
f 2692/2692/2518 2758/2758/2572 2695/2695/2520
f 2692/2692/2518 2756/2756/2570 2758/2758/2572
f 2756/2756/2570 2757/2757/2571 2759/2759/2573
f 2759/2759/2573 2758/2758/2572 2756/2756/2570
f 2758/2758/2572 2759/2759/2573 2760/2760/2574
f 2695/2695/2520 2760/2760/2574 2698/2698/2523
f 2758/2758/2572 2760/2760/2574 2695/2695/2520
f 2759/2759/2573 2761/2761/2575 2760/2760/2574
f 2757/2757/2571 2761/2761/2575 2759/2759/2573
f 2752/2752/2566 2762/2762/2576 2757/2757/2571
f 2761/2761/2575 2757/2757/2571 2762/2762/2576
f 2762/2762/2576 2752/2752/2566 2753/2753/2567
f 2760/2760/2574 2763/2763/2577 2698/2698/2523
f 2760/2760/2574 2761/2761/2575 2763/2763/2577
f 2764/2764/2578 2763/2763/2577 2761/2761/2575
f 2764/2764/2578 2761/2761/2575 2762/2762/2576
f 2753/2753/2567 2765/2765/2579 2762/2762/2576
f 2762/2762/2576 2765/2765/2579 2764/2764/2578
f 2765/2765/2579 2753/2753/2567 2754/2754/2568
f 2698/2698/2523 2766/2766/2580 2699/2699/2285
f 2698/2698/2523 2763/2763/2577 2766/2766/2580
f 2767/2767/2288 2699/2699/2285 2766/2766/2580
f 2763/2763/2577 2764/2764/2578 2768/2768/2581
f 2768/2768/2581 2766/2766/2580 2763/2763/2577
f 2766/2766/2580 2769/2769/2582 2767/2767/2288
f 2766/2766/2580 2768/2768/2581 2769/2769/2582
f 2770/2770/2583 2767/2767/2288 2769/2769/2582
f 2767/2767/2288 2770/2770/2583 2771/2771/2584
f 2769/2769/2582 2772/2772/2585 2770/2770/2583
f 2772/2772/2585 2769/2769/2582 2768/2768/2581
f 2773/2773/2586 2768/2768/2581 2764/2764/2578
f 2768/2768/2581 2773/2773/2586 2772/2772/2585
f 2764/2764/2578 2765/2765/2579 2773/2773/2586
f 2773/2773/2586 2774/2774/2587 2772/2772/2585
f 2774/2774/2587 2770/2770/2583 2772/2772/2585
f 2770/2770/2583 2774/2774/2587 2775/2775/2588
f 2775/2775/2588 2771/2771/2584 2770/2770/2583
f 2771/2771/2584 2775/2775/2588 2776/2776/2589
f 2773/2773/2586 2765/2765/2579 2777/2777/2590
f 2754/2754/2568 2777/2777/2590 2765/2765/2579
f 2773/2773/2586 2777/2777/2590 2778/2778/2591
f 2774/2774/2587 2773/2773/2586 2778/2778/2591
f 2778/2778/2591 2779/2779/2592 2774/2774/2587
f 2774/2774/2587 2779/2779/2592 2775/2775/2588
f 2780/2780/2593 2776/2776/2589 2775/2775/2588
f 2780/2780/2593 2775/2775/2588 2779/2779/2592
f 2776/2776/2589 2780/2780/2593 2781/2781/2295
f 2779/2779/2592 2778/2778/2591 2782/2782/2594
f 2783/2783/2595 2781/2781/2295 2780/2780/2593
f 2784/2784/2596 2781/2781/2295 2783/2783/2595
f 2785/2785/2597 2780/2780/2593 2779/2779/2592
f 2783/2783/2595 2780/2780/2593 2785/2785/2597
f 2782/2782/2594 2785/2785/2597 2779/2779/2592
f 2783/2783/2595 2786/2786/2598 2784/2784/2596
f 2787/2787/2301 2784/2784/2596 2786/2786/2598
f 2786/2786/2598 2783/2783/2595 2788/2788/2599
f 2783/2783/2595 2785/2785/2597 2788/2788/2599
f 2786/2786/2598 2789/2789/2600 2787/2787/2301
f 2790/2790/2304 2787/2787/2301 2789/2789/2600
f 2786/2786/2598 2791/2791/2601 2789/2789/2600
f 2791/2791/2601 2786/2786/2598 2788/2788/2599
f 2792/2792/2602 2791/2791/2601 2788/2788/2599
f 2785/2785/2597 2782/2782/2594 2792/2792/2602
f 2785/2785/2597 2792/2792/2602 2788/2788/2599
f 2793/2793/2603 2789/2789/2600 2791/2791/2601
f 2792/2792/2602 2793/2793/2603 2791/2791/2601
f 2794/2794/2604 2789/2789/2600 2793/2793/2603
f 2789/2789/2600 2794/2794/2604 2790/2790/2304
f 2790/2790/2304 2794/2794/2604 2795/2795/2305
f 2796/2796/2605 2793/2793/2603 2792/2792/2602
f 2796/2796/2605 2794/2794/2604 2793/2793/2603
f 2797/2797/2606 2795/2795/2305 2794/2794/2604
f 2794/2794/2604 2796/2796/2605 2797/2797/2606
f 2796/2796/2605 2749/2749/2564 2797/2797/2606
f 2750/2750/2307 2797/2797/2606 2749/2749/2564
f 2795/2795/2305 2797/2797/2606 2798/2798/2306
f 2797/2797/2606 2750/2750/2307 2798/2798/2306
f 2796/2796/2605 2792/2792/2602 2799/2799/2607
f 2799/2799/2607 2747/2747/2562 2749/2749/2564
f 2749/2749/2564 2796/2796/2605 2799/2799/2607
f 2747/2747/2562 2799/2799/2607 2800/2800/2608
f 2792/2792/2602 2800/2800/2608 2799/2799/2607
f 2800/2800/2608 2744/2744/2560 2747/2747/2562
f 2792/2792/2602 2782/2782/2594 2801/2801/2609
f 2800/2800/2608 2792/2792/2602 2801/2801/2609
f 2801/2801/2609 2802/2802/2610 2800/2800/2608
f 2802/2802/2610 2741/2741/2558 2744/2744/2560
f 2744/2744/2560 2800/2800/2608 2802/2802/2610
f 2782/2782/2594 2803/2803/2611 2801/2801/2609
f 2782/2782/2594 2778/2778/2591 2803/2803/2611
f 2803/2803/2611 2778/2778/2591 2777/2777/2590
f 2803/2803/2611 2804/2804/2612 2801/2801/2609
f 2802/2802/2610 2801/2801/2609 2804/2804/2612
f 2804/2804/2612 2805/2805/2613 2802/2802/2610
f 2743/2743/2559 2741/2741/2558 2805/2805/2613
f 2741/2741/2558 2802/2802/2610 2805/2805/2613
f 2805/2805/2613 2804/2804/2612 2806/2806/2614
f 2743/2743/2559 2805/2805/2613 2806/2806/2614
f 2804/2804/2612 2803/2803/2611 2806/2806/2614
f 2746/2746/2561 2743/2743/2559 2807/2807/2615
f 2743/2743/2559 2806/2806/2614 2807/2807/2615
f 2803/2803/2611 2808/2808/2616 2806/2806/2614
f 2806/2806/2614 2808/2808/2616 2807/2807/2615
f 2808/2808/2616 2746/2746/2561 2807/2807/2615
f 2808/2808/2616 2803/2803/2611 2777/2777/2590
f 2746/2746/2561 2808/2808/2616 2754/2754/2568
f 2777/2777/2590 2754/2754/2568 2808/2808/2616
f 2809/2809/2617 2810/2810/2618 2811/2811/2619
f 2811/2811/2619 2812/2812/2620 2809/2809/2617
f 2810/2810/2618 2809/2809/2617 2813/2813/2621
f 2813/2813/2621 2814/2814/2622 2810/2810/2618
f 2809/2809/2617 2812/2812/2620 2815/2815/2623
f 2815/2815/2623 2813/2813/2621 2809/2809/2617
f 2814/2814/2622 2813/2813/2621 2816/2816/2624
f 2817/2817/2625 2816/2816/2624 2813/2813/2621
f 2813/2813/2621 2815/2815/2623 2817/2817/2625
f 2818/2818/2626 2814/2814/2622 2816/2816/2624
f 2814/2814/2622 2818/2818/2626 2819/2819/2627
f 2818/2818/2626 2820/2820/2628 2819/2819/2627
f 2816/2816/2624 2817/2817/2625 2821/2821/2629
f 2821/2821/2629 2818/2818/2626 2816/2816/2624
f 2820/2820/2628 2818/2818/2626 2822/2822/2630
f 2822/2822/2630 2823/2823/2631 2820/2820/2628
f 2818/2818/2626 2821/2821/2629 2824/2824/2632
f 2822/2822/2630 2825/2825/2633 2823/2823/2631
f 2818/2818/2626 2826/2826/2634 2822/2822/2630
f 2826/2826/2634 2825/2825/2633 2822/2822/2630
f 2826/2826/2634 2818/2818/2626 2824/2824/2632
f 2827/2827/2635 2823/2823/2631 2825/2825/2633
f 2823/2823/2631 2827/2827/2635 2828/2828/2636
f 2827/2827/2635 2829/2829/2637 2828/2828/2636
f 2830/2830/2638 2827/2827/2635 2825/2825/2633
f 2825/2825/2633 2826/2826/2634 2830/2830/2638
f 2824/2824/2632 2831/2831/2639 2826/2826/2634
f 2832/2832/2640 2826/2826/2634 2831/2831/2639
f 2826/2826/2634 2832/2832/2640 2830/2830/2638
f 2821/2821/2629 2833/2833/2641 2824/2824/2632
f 2833/2833/2641 2831/2831/2639 2824/2824/2632
f 2831/2831/2639 2834/2834/2642 2832/2832/2640
f 2835/2835/2643 2833/2833/2641 2821/2821/2629
f 2817/2817/2625 2835/2835/2643 2821/2821/2629
f 2834/2834/2642 2831/2831/2639 2836/2836/2644
f 2833/2833/2641 2836/2836/2644 2831/2831/2639
f 2836/2836/2644 2833/2833/2641 2837/2837/2645
f 2835/2835/2643 2837/2837/2645 2833/2833/2641
f 2835/2835/2643 2817/2817/2625 2838/2838/2646
f 2839/2839/2647 2837/2837/2645 2835/2835/2643
f 2838/2838/2646 2839/2839/2647 2835/2835/2643
f 2839/2839/2647 2840/2840/2648 2837/2837/2645
f 2836/2836/2644 2837/2837/2645 2840/2840/2648
f 2841/2841/2649 2817/2817/2625 2815/2815/2623
f 2812/2812/2620 2841/2841/2649 2815/2815/2623
f 2817/2817/2625 2841/2841/2649 2838/2838/2646
f 2842/2842/2650 2839/2839/2647 2838/2838/2646
f 2841/2841/2649 2842/2842/2650 2838/2838/2646
f 2839/2839/2647 2842/2842/2650 2843/2843/2651
f 2840/2840/2648 2839/2839/2647 2843/2843/2651
f 2812/2812/2620 2844/2844/2652 2841/2841/2649
f 2842/2842/2650 2841/2841/2649 2844/2844/2652
f 2845/2845/2653 2843/2843/2651 2842/2842/2650
f 2844/2844/2652 2845/2845/2653 2842/2842/2650
f 2812/2812/2620 2846/2846/2654 2844/2844/2652
f 2845/2845/2653 2844/2844/2652 2846/2846/2654
f 2812/2812/2620 2847/2847/2655 2846/2846/2654
f 2848/2848/2656 2846/2846/2654 2847/2847/2655
f 2845/2845/2653 2846/2846/2654 2848/2848/2656
f 2849/2849/2657 2848/2848/2656 2847/2847/2655
f 2849/2849/2657 2847/2847/2655 2812/2812/2620
f 2849/2849/2657 2812/2812/2620 2850/2850/2619
f 2850/2850/2619 2851/2851/2658 2849/2849/2657
f 2848/2848/2656 2849/2849/2657 2852/2852/2659
f 2852/2852/2659 2849/2849/2657 2851/2851/2658
f 2853/2853/2622 2852/2852/2659 2851/2851/2658
f 2848/2848/2656 2854/2854/2660 2845/2845/2653
f 2852/2852/2659 2854/2854/2660 2848/2848/2656
f 2843/2843/2651 2845/2845/2653 2854/2854/2660
f 2854/2854/2660 2852/2852/2659 2855/2855/2661
f 2852/2852/2659 2853/2853/2622 2855/2855/2661
f 2853/2853/2622 2856/2856/2627 2855/2855/2661
f 2855/2855/2661 2857/2857/2662 2854/2854/2660
f 2843/2843/2651 2857/2857/2662 2840/2840/2648
f 2857/2857/2662 2843/2843/2651 2854/2854/2660
f 2858/2858/2663 2855/2855/2661 2856/2856/2627
f 2857/2857/2662 2855/2855/2661 2858/2858/2663
f 2856/2856/2627 2859/2859/2664 2858/2858/2663
f 2859/2859/2664 2856/2856/2627 2860/2860/2628
f 2861/2861/2665 2858/2858/2663 2859/2859/2664
f 2858/2858/2663 2861/2861/2665 2857/2857/2662
f 2857/2857/2662 2862/2862/2666 2840/2840/2648
f 2862/2862/2666 2857/2857/2662 2861/2861/2665
f 2840/2840/2648 2862/2862/2666 2836/2836/2644
f 2862/2862/2666 2834/2834/2642 2836/2836/2644
f 2863/2863/2667 2862/2862/2666 2861/2861/2665
f 2859/2859/2664 2863/2863/2667 2861/2861/2665
f 2863/2863/2667 2859/2859/2664 2864/2864/2668
f 2860/2860/2628 2864/2864/2668 2859/2859/2664
f 2864/2864/2668 2860/2860/2628 2865/2865/2631
f 2866/2866/2669 2864/2864/2668 2865/2865/2631
f 2864/2864/2668 2866/2866/2669 2867/2867/2670
f 2867/2867/2670 2863/2863/2667 2864/2864/2668
f 2866/2866/2669 2868/2868/2671 2867/2867/2670
f 2834/2834/2642 2862/2862/2666 2869/2869/2672
f 2862/2862/2666 2863/2863/2667 2869/2869/2672
f 2863/2863/2667 2870/2870/2673 2869/2869/2672
f 2863/2863/2667 2867/2867/2670 2870/2870/2673
f 2868/2868/2671 2871/2871/2674 2867/2867/2670
f 2867/2867/2670 2871/2871/2674 2870/2870/2673
f 2872/2872/2675 2871/2871/2674 2868/2868/2671
f 2871/2871/2674 2872/2872/2675 2873/2873/2676
f 2870/2870/2673 2871/2871/2674 2874/2874/2677
f 2871/2871/2674 2873/2873/2676 2874/2874/2677
f 2874/2874/2677 2873/2873/2676 2875/2875/2678
f 2869/2869/2672 2870/2870/2673 2876/2876/2679
f 2874/2874/2677 2876/2876/2679 2870/2870/2673
f 2876/2876/2679 2834/2834/2642 2869/2869/2672
f 2876/2876/2679 2874/2874/2677 2877/2877/2680
f 2875/2875/2678 2877/2877/2680 2874/2874/2677
f 2877/2877/2680 2875/2875/2678 2878/2878/2681
f 2877/2877/2680 2879/2879/2682 2876/2876/2679
f 2834/2834/2642 2876/2876/2679 2879/2879/2682
f 2877/2877/2680 2878/2878/2681 2880/2880/2683
f 2879/2879/2682 2877/2877/2680 2880/2880/2683
f 2878/2878/2681 2881/2881/2684 2880/2880/2683
f 2879/2879/2682 2880/2880/2683 2882/2882/2685
f 2834/2834/2642 2882/2882/2685 2832/2832/2640
f 2832/2832/2640 2882/2882/2685 2830/2830/2638
f 2882/2882/2685 2834/2834/2642 2879/2879/2682
f 2880/2880/2683 2883/2883/2686 2882/2882/2685
f 2880/2880/2683 2881/2881/2684 2883/2883/2686
f 2881/2881/2684 2884/2884/2687 2883/2883/2686
f 2885/2885/2688 2883/2883/2686 2884/2884/2687
f 2883/2883/2686 2885/2885/2688 2886/2886/2689
f 2886/2886/2689 2882/2882/2685 2883/2883/2686
f 2882/2882/2685 2886/2886/2689 2887/2887/2690
f 2830/2830/2638 2882/2882/2685 2887/2887/2690
f 2887/2887/2690 2888/2888/2691 2830/2830/2638
f 2888/2888/2691 2827/2827/2635 2830/2830/2638
f 2888/2888/2691 2887/2887/2690 2889/2889/2692
f 2887/2887/2690 2886/2886/2689 2889/2889/2692
f 2889/2889/2692 2886/2886/2689 2890/2890/2693
f 2885/2885/2688 2890/2890/2693 2886/2886/2689
f 2890/2890/2693 2885/2885/2688 2891/2891/2694
f 2892/2892/2695 2890/2890/2693 2891/2891/2694
f 2893/2893/2696 2889/2889/2692 2890/2890/2693
f 2890/2890/2693 2892/2892/2695 2893/2893/2696
f 2889/2889/2692 2893/2893/2696 2894/2894/2697
f 2894/2894/2697 2888/2888/2691 2889/2889/2692
f 2829/2829/2637 2827/2827/2635 2895/2895/2698
f 2888/2888/2691 2895/2895/2698 2827/2827/2635
f 2888/2888/2691 2894/2894/2697 2896/2896/2699
f 2895/2895/2698 2888/2888/2691 2896/2896/2699
f 2897/2897/2700 2829/2829/2637 2895/2895/2698
f 2898/2898/2701 2829/2829/2637 2897/2897/2700
f 2895/2895/2698 2899/2899/2702 2897/2897/2700
f 2899/2899/2702 2895/2895/2698 2896/2896/2699
f 2900/2900/2703 2899/2899/2702 2896/2896/2699
f 2894/2894/2697 2900/2900/2703 2896/2896/2699
f 2901/2901/2704 2898/2898/2701 2897/2897/2700
f 2898/2898/2701 2901/2901/2704 2902/2902/2705
f 2901/2901/2704 2903/2903/2706 2902/2902/2705
f 2901/2901/2704 2897/2897/2700 2904/2904/2707
f 2899/2899/2702 2904/2904/2707 2897/2897/2700
f 2905/2905/2708 2904/2904/2707 2899/2899/2702
f 2899/2899/2702 2900/2900/2703 2905/2905/2708
f 2903/2903/2706 2901/2901/2704 2906/2906/2709
f 2904/2904/2707 2907/2907/2710 2901/2901/2704
f 2906/2906/2709 2901/2901/2704 2907/2907/2710
f 2908/2908/2711 2907/2907/2710 2904/2904/2707
f 2904/2904/2707 2905/2905/2708 2908/2908/2711
f 2909/2909/2712 2903/2903/2706 2906/2906/2709
f 2903/2903/2706 2909/2909/2712 2910/2910/2713
f 2906/2906/2709 2911/2911/2714 2909/2909/2712
f 2911/2911/2714 2906/2906/2709 2907/2907/2710
f 2912/2912/2715 2910/2910/2713 2909/2909/2712
f 2910/2910/2713 2912/2912/2715 2913/2913/2716
f 2914/2914/2717 2913/2913/2716 2912/2912/2715
f 2914/2914/2717 2912/2912/2715 2915/2915/2718
f 2915/2915/2718 2909/2909/2712 2911/2911/2714
f 2909/2909/2712 2915/2915/2718 2912/2912/2715
f 2916/2916/2719 2914/2914/2717 2915/2915/2718
f 2911/2911/2714 2916/2916/2719 2915/2915/2718
f 2907/2907/2710 2908/2908/2711 2917/2917/2720
f 2917/2917/2720 2911/2911/2714 2907/2907/2710
f 2911/2911/2714 2917/2917/2720 2918/2918/2721
f 2916/2916/2719 2911/2911/2714 2918/2918/2721
f 2919/2919/2722 2916/2916/2719 2918/2918/2721
f 2920/2920/2723 2918/2918/2721 2917/2917/2720
f 2918/2918/2721 2920/2920/2723 2919/2919/2722
f 2917/2917/2720 2921/2921/2724 2920/2920/2723
f 2921/2921/2724 2917/2917/2720 2908/2908/2711
f 2922/2922/2725 2914/2914/2717 2916/2916/2719
f 2916/2916/2719 2919/2919/2722 2922/2922/2725
f 2923/2923/2726 2914/2914/2717 2922/2922/2725
f 2922/2922/2725 2919/2919/2722 2923/2923/2726
f 2920/2920/2723 2924/2924/2727 2919/2919/2722
f 2924/2924/2727 2923/2923/2726 2919/2919/2722
f 2924/2924/2727 2920/2920/2723 2925/2925/2728
f 2921/2921/2724 2925/2925/2728 2920/2920/2723
f 2926/2926/2729 2908/2908/2711 2905/2905/2708
f 2908/2908/2711 2926/2926/2729 2921/2921/2724
f 2925/2925/2728 2921/2921/2724 2927/2927/2730
f 2921/2921/2724 2926/2926/2729 2927/2927/2730
f 2924/2924/2727 2925/2925/2728 2928/2928/2731
f 2929/2929/2732 2905/2905/2708 2900/2900/2703
f 2905/2905/2708 2929/2929/2732 2926/2926/2729
f 2926/2926/2729 2929/2929/2732 2930/2930/2733
f 2926/2926/2729 2930/2930/2733 2927/2927/2730
f 2931/2931/2734 2925/2925/2728 2927/2927/2730
f 2930/2930/2733 2931/2931/2734 2927/2927/2730
f 2925/2925/2728 2931/2931/2734 2928/2928/2731
f 2900/2900/2703 2894/2894/2697 2932/2932/2735
f 2894/2894/2697 2893/2893/2696 2932/2932/2735
f 2929/2929/2732 2900/2900/2703 2932/2932/2735
f 2892/2892/2695 2933/2933/2736 2893/2893/2696
f 2893/2893/2696 2933/2933/2736 2932/2932/2735
f 2933/2933/2736 2892/2892/2695 2934/2934/2737
f 2935/2935/2738 2933/2933/2736 2934/2934/2737
f 2932/2932/2735 2933/2933/2736 2936/2936/2739
f 2933/2933/2736 2935/2935/2738 2936/2936/2739
f 2937/2937/2740 2936/2936/2739 2935/2935/2738
f 2929/2929/2732 2932/2932/2735 2938/2938/2741
f 2936/2936/2739 2938/2938/2741 2932/2932/2735
f 2936/2936/2739 2937/2937/2740 2939/2939/2742
f 2939/2939/2742 2938/2938/2741 2936/2936/2739
f 2940/2940/2743 2939/2939/2742 2937/2937/2740
f 2929/2929/2732 2941/2941/2744 2930/2930/2733
f 2941/2941/2744 2929/2929/2732 2938/2938/2741
f 2941/2941/2744 2938/2938/2741 2942/2942/2745
f 2938/2938/2741 2939/2939/2742 2942/2942/2745
f 2939/2939/2742 2940/2940/2743 2943/2943/2746
f 2943/2943/2746 2942/2942/2745 2939/2939/2742
f 2944/2944/2747 2943/2943/2746 2940/2940/2743
f 2942/2942/2745 2943/2943/2746 2945/2945/2748
f 2945/2945/2748 2941/2941/2744 2942/2942/2745
f 2945/2945/2748 2943/2943/2746 2946/2946/2749
f 2943/2943/2746 2944/2944/2747 2946/2946/2749
f 2947/2947/2675 2946/2946/2749 2944/2944/2747
f 2946/2946/2749 2947/2947/2675 2948/2948/2671
f 2946/2946/2749 2949/2949/2750 2945/2945/2748
f 2948/2948/2671 2949/2949/2750 2946/2946/2749
f 2949/2949/2750 2948/2948/2671 2950/2950/2669
f 2949/2949/2750 2951/2951/2751 2945/2945/2748
f 2930/2930/2733 2941/2941/2744 2951/2951/2751
f 2941/2941/2744 2945/2945/2748 2951/2951/2751
f 2952/2952/2752 2949/2949/2750 2950/2950/2669
f 2951/2951/2751 2949/2949/2750 2952/2952/2752
f 2952/2952/2752 2950/2950/2669 2953/2953/2637
f 2954/2954/2701 2952/2952/2752 2953/2953/2637
f 2952/2952/2752 2955/2955/2753 2951/2951/2751
f 2931/2931/2734 2930/2930/2733 2955/2955/2753
f 2955/2955/2753 2930/2930/2733 2951/2951/2751
f 2952/2952/2752 2954/2954/2701 2956/2956/2754
f 2955/2955/2753 2952/2952/2752 2956/2956/2754
f 2957/2957/2705 2956/2956/2754 2954/2954/2701
f 2958/2958/2755 2955/2955/2753 2956/2956/2754
f 2956/2956/2754 2957/2957/2705 2958/2958/2755
f 2958/2958/2755 2928/2928/2731 2931/2931/2734
f 2955/2955/2753 2958/2958/2755 2931/2931/2734
f 2957/2957/2705 2959/2959/2706 2958/2958/2755
f 2960/2960/2756 2958/2958/2755 2959/2959/2706
f 2928/2928/2731 2958/2958/2755 2960/2960/2756
f 2924/2924/2727 2928/2928/2731 2961/2961/2757
f 2961/2961/2757 2923/2923/2726 2924/2924/2727
f 2960/2960/2756 2961/2961/2757 2928/2928/2731
f 2959/2959/2706 2962/2962/2758 2960/2960/2756
f 2961/2961/2757 2960/2960/2756 2962/2962/2758
f 2962/2962/2758 2959/2959/2706 2963/2963/2713
f 2964/2964/2759 2961/2961/2757 2962/2962/2758
f 2964/2964/2759 2914/2914/2717 2923/2923/2726
f 2923/2923/2726 2961/2961/2757 2964/2964/2759
f 2965/2965/2760 2962/2962/2758 2963/2963/2713
f 2964/2964/2759 2962/2962/2758 2965/2965/2760
f 2965/2965/2760 2914/2914/2717 2964/2964/2759
f 2966/2966/2716 2914/2914/2717 2965/2965/2760
f 2965/2965/2760 2963/2963/2713 2966/2966/2716
f 2967/2967/2761 2968/2968/2762 2969/2969/2362
f 2970/2970/2360 2969/2969/2362 2968/2968/2762
f 2968/2968/2762 2967/2967/2761 2971/2971/2763
f 2972/2972/2764 2971/2971/2763 2967/2967/2761
f 2971/2971/2763 2972/2972/2764 2973/2973/2765
f 2970/2970/2360 2968/2968/2762 2974/2974/2766
f 2975/2975/2767 2970/2970/2360 2974/2974/2766
f 2976/2976/2370 2975/2975/2767 2974/2974/2766
f 2968/2968/2762 2977/2977/2768 2974/2974/2766
f 2971/2971/2763 2977/2977/2768 2968/2968/2762
f 2976/2976/2370 2974/2974/2766 2978/2978/2769
f 2974/2974/2766 2977/2977/2768 2978/2978/2769
f 2979/2979/2770 2978/2978/2769 2977/2977/2768
f 2979/2979/2770 2976/2976/2370 2978/2978/2769
f 2973/2973/2765 2980/2980/2771 2971/2971/2763
f 2977/2977/2768 2971/2971/2763 2980/2980/2771
f 2981/2981/2772 2977/2977/2768 2980/2980/2771
f 2977/2977/2768 2981/2981/2772 2979/2979/2770
f 2980/2980/2771 2973/2973/2765 2982/2982/2773
f 2981/2981/2772 2980/2980/2771 2982/2982/2773
f 2973/2973/2765 2983/2983/2774 2982/2982/2773
f 2983/2983/2774 2973/2973/2765 2984/2984/2378
f 2985/2985/2775 2982/2982/2773 2983/2983/2774
f 2982/2982/2773 2985/2985/2775 2981/2981/2772
f 2983/2983/2774 2986/2986/2776 2985/2985/2775
f 2984/2984/2378 2986/2986/2776 2983/2983/2774
f 2986/2986/2776 2984/2984/2378 2987/2987/2777
f 2988/2988/2778 2986/2986/2776 2987/2987/2777
f 2986/2986/2776 2988/2988/2778 2989/2989/2779
f 2990/2990/2780 2989/2989/2779 2988/2988/2778
f 2991/2991/2781 2985/2985/2775 2986/2986/2776
f 2991/2991/2781 2986/2986/2776 2989/2989/2779
f 2989/2989/2779 2990/2990/2780 2992/2992/2782
f 2989/2989/2779 2992/2992/2782 2991/2991/2781
f 2993/2993/2389 2992/2992/2782 2990/2990/2780
f 2992/2992/2782 2994/2994/2783 2991/2991/2781
f 2992/2992/2782 2993/2993/2389 2994/2994/2783
f 2995/2995/2784 2994/2994/2783 2993/2993/2389
f 2994/2994/2783 2995/2995/2784 2996/2996/2785
f 2995/2995/2784 2997/2997/2462 2996/2996/2785
f 2991/2991/2781 2994/2994/2783 2998/2998/2786
f 2999/2999/2787 2996/2996/2785 2997/2997/2462
f 3000/3000/2461 2999/2999/2787 2997/2997/2462
f 2994/2994/2783 3001/3001/2788 2998/2998/2786
f 3001/3001/2788 2994/2994/2783 2996/2996/2785
f 2996/2996/2785 3002/3002/2789 3001/3001/2788
f 3002/3002/2789 2996/2996/2785 2999/2999/2787
f 2999/2999/2787 3000/3000/2461 3003/3003/2790
f 3004/3004/2791 2999/2999/2787 3003/3003/2790
f 2999/2999/2787 3004/3004/2791 3002/3002/2789
f 3000/3000/2461 3005/3005/2792 3003/3003/2790
f 3005/3005/2792 3000/3000/2461 3006/3006/2459
f 3007/3007/2793 3003/3003/2790 3005/3005/2792
f 3003/3003/2790 3007/3007/2793 3004/3004/2791
f 3006/3006/2459 3008/3008/2794 3005/3005/2792
f 3008/3008/2794 3006/3006/2459 3009/3009/2795
f 3010/3010/2796 3005/3005/2792 3008/3008/2794
f 3005/3005/2792 3010/3010/2796 3007/3007/2793
f 3010/3010/2796 3011/3011/2797 3007/3007/2793
f 3011/3011/2797 3004/3004/2791 3007/3007/2793
f 3009/3009/2795 3012/3012/2798 3008/3008/2794
f 3012/3012/2798 3009/3009/2795 3013/3013/2453
f 3008/3008/2794 3012/3012/2798 3014/3014/2799
f 3014/3014/2799 3010/3010/2796 3008/3008/2794
f 3015/3015/2800 3012/3012/2798 3013/3013/2453
f 3013/3013/2453 3016/3016/2452 3015/3015/2800
f 3012/3012/2798 3015/3015/2800 3017/3017/2801
f 3017/3017/2801 3014/3014/2799 3012/3012/2798
f 3014/3014/2799 3018/3018/2802 3010/3010/2796
f 3011/3011/2797 3010/3010/2796 3018/3018/2802
f 3018/3018/2802 3014/3014/2799 3019/3019/2803
f 3017/3017/2801 3019/3019/2803 3014/3014/2799
f 3020/3020/2804 3017/3017/2801 3015/3015/2800
f 3020/3020/2804 3015/3015/2800 3021/3021/2805
f 3016/3016/2452 3021/3021/2805 3015/3015/2800
f 3016/3016/2452 3022/3022/2449 3021/3021/2805
f 3019/3019/2803 3017/3017/2801 3023/3023/2806
f 3023/3023/2806 3017/3017/2801 3020/3020/2804
f 3023/3023/2806 3020/3020/2804 3024/3024/2807
f 3021/3021/2805 3024/3024/2807 3020/3020/2804
f 3024/3024/2807 3021/3021/2805 3025/3025/2808
f 3022/3022/2449 3025/3025/2808 3021/3021/2805
f 3022/3022/2449 3026/3026/2448 3025/3025/2808
f 3023/3023/2806 3024/3024/2807 3027/3027/2809
f 3027/3027/2809 3024/3024/2807 3025/3025/2808
f 3027/3027/2809 3025/3025/2808 3028/3028/2810
f 3026/3026/2448 3028/3028/2810 3025/3025/2808
f 3026/3026/2448 3029/3029/2811 3028/3028/2810
f 3028/3028/2810 3030/3030/2812 3027/3027/2809
f 3030/3030/2812 3023/3023/2806 3027/3027/2809
f 3030/3030/2812 3028/3028/2810 3031/3031/2813
f 3029/3029/2811 3031/3031/2813 3028/3028/2810
f 3031/3031/2813 3029/3029/2811 3032/3032/2446
f 3033/3033/2442 3031/3031/2813 3032/3032/2446
f 3034/3034/2814 3030/3030/2812 3031/3031/2813
f 3031/3031/2813 3033/3033/2442 3034/3034/2814
f 3035/3035/2441 3034/3034/2814 3033/3033/2442
f 3036/3036/2815 3023/3023/2806 3030/3030/2812
f 3030/3030/2812 3034/3034/2814 3036/3036/2815
f 3037/3037/2816 3036/3036/2815 3034/3034/2814
f 3034/3034/2814 3035/3035/2441 3037/3037/2816
f 3035/3035/2441 3038/3038/2817 3037/3037/2816
f 3038/3038/2817 3035/3035/2441 3039/3039/2437
f 3036/3036/2815 3037/3037/2816 3040/3040/2818
f 3038/3038/2817 3040/3040/2818 3037/3037/2816
f 3040/3040/2818 3023/3023/2806 3036/3036/2815
f 3041/3041/2819 3038/3038/2817 3039/3039/2437
f 3039/3039/2437 3042/3042/2435 3041/3041/2819
f 3041/3041/2819 3043/3043/2820 3038/3038/2817
f 3040/3040/2818 3038/3038/2817 3043/3043/2820
f 3023/3023/2806 3040/3040/2818 3044/3044/2821
f 3043/3043/2820 3044/3044/2821 3040/3040/2818
f 3019/3019/2803 3023/3023/2806 3044/3044/2821
f 3044/3044/2821 3043/3043/2820 3045/3045/2822
f 3046/3046/2823 3044/3044/2821 3045/3045/2822
f 3019/3019/2803 3046/3046/2823 3018/3018/2802
f 3044/3044/2821 3046/3046/2823 3019/3019/2803
f 3043/3043/2820 3041/3041/2819 3047/3047/2824
f 3047/3047/2824 3045/3045/2822 3043/3043/2820
f 3045/3045/2822 3047/3047/2824 3048/3048/2825
f 3046/3046/2823 3045/3045/2822 3048/3048/2825
f 3049/3049/2826 3048/3048/2825 3047/3047/2824
f 3041/3041/2819 3049/3049/2826 3047/3047/2824
f 3049/3049/2826 3041/3041/2819 3050/3050/2827
f 3042/3042/2435 3050/3050/2827 3041/3041/2819
f 3050/3050/2827 3042/3042/2435 3051/3051/2828
f 3048/3048/2825 3049/3049/2826 3052/3052/2829
f 3053/3053/2830 3050/3050/2827 3051/3051/2828
f 3053/3053/2830 3051/3051/2828 3054/3054/2831
f 3055/3055/2832 3050/3050/2827 3053/3053/2830
f 3055/3055/2832 3049/3049/2826 3050/3050/2827
f 3056/3056/2833 3049/3049/2826 3055/3055/2832
f 3056/3056/2833 3052/3052/2829 3049/3049/2826
f 3048/3048/2825 3052/3052/2829 3057/3057/2834
f 3057/3057/2834 3052/3052/2829 3056/3056/2833
f 3057/3057/2834 3046/3046/2823 3048/3048/2825
f 3058/3058/2835 3018/3018/2802 3046/3046/2823
f 3018/3018/2802 3058/3058/2835 3011/3011/2797
f 3057/3057/2834 3058/3058/2835 3046/3046/2823
f 3059/3059/2836 3058/3058/2835 3057/3057/2834
f 3059/3059/2836 3057/3057/2834 3056/3056/2833
f 3060/3060/2837 3011/3011/2797 3058/3058/2835
f 3058/3058/2835 3059/3059/2836 3060/3060/2837
f 3004/3004/2791 3011/3011/2797 3061/3061/2838
f 3061/3061/2838 3002/3002/2789 3004/3004/2791
f 3060/3060/2837 3061/3061/2838 3011/3011/2797
f 3062/3062/2839 3056/3056/2833 3055/3055/2832
f 3059/3059/2836 3056/3056/2833 3062/3062/2839
f 3002/3002/2789 3061/3061/2838 3063/3063/2840
f 3001/3001/2788 3002/3002/2789 3063/3063/2840
f 3061/3061/2838 3064/3064/2841 3063/3063/2840
f 3064/3064/2841 3061/3061/2838 3060/3060/2837
f 3060/3060/2837 3065/3065/2842 3064/3064/2841
f 3065/3065/2842 3059/3059/2836 3062/3062/2839
f 3065/3065/2842 3060/3060/2837 3059/3059/2836
f 3066/3066/2843 3001/3001/2788 3063/3063/2840
f 3066/3066/2843 2998/2998/2786 3001/3001/2788
f 3063/3063/2840 3067/3067/2844 3066/3066/2843
f 3067/3067/2844 3063/3063/2840 3064/3064/2841
f 3067/3067/2844 3068/3068/2845 3066/3066/2843
f 3068/3068/2845 2991/2991/2781 2998/2998/2786
f 2998/2998/2786 3066/3066/2843 3068/3068/2845
f 3064/3064/2841 3069/3069/2846 3067/3067/2844
f 3069/3069/2846 3064/3064/2841 3065/3065/2842
f 3070/3070/2847 2985/2985/2775 2991/2991/2781
f 2991/2991/2781 3068/3068/2845 3070/3070/2847
f 3071/3071/2848 3070/3070/2847 3068/3068/2845
f 3068/3068/2845 3067/3067/2844 3071/3071/2848
f 3072/3072/2849 3067/3067/2844 3069/3069/2846
f 3067/3067/2844 3072/3072/2849 3071/3071/2848
f 3070/3070/2847 3071/3071/2848 3073/3073/2850
f 3072/3072/2849 3073/3073/2850 3071/3071/2848
f 2981/2981/2772 2985/2985/2775 3074/3074/2851
f 3074/3074/2851 2979/2979/2770 2981/2981/2772
f 2985/2985/2775 3070/3070/2847 3074/3074/2851
f 3075/3075/2852 3070/3070/2847 3073/3073/2850
f 3070/3070/2847 3075/3075/2852 3074/3074/2851
f 2979/2979/2770 3074/3074/2851 3076/3076/2853
f 3074/3074/2851 3075/3075/2852 3076/3076/2853
f 3077/3077/2394 2979/2979/2770 3076/3076/2853
f 3078/3078/2854 3076/3076/2853 3075/3075/2852
f 3076/3076/2853 3078/3078/2854 3077/3077/2394
f 3079/3079/2855 3077/3077/2394 3078/3078/2854
f 3075/3075/2852 3073/3073/2850 3080/3080/2856
f 3075/3075/2852 3080/3080/2856 3078/3078/2854
f 3078/3078/2854 3080/3080/2856 3081/3081/2857
f 3079/3079/2855 3078/3078/2854 3081/3081/2857
f 3081/3081/2857 3082/3082/2398 3079/3079/2855
f 3073/3073/2850 3072/3072/2849 3083/3083/2858
f 3080/3080/2856 3073/3073/2850 3083/3083/2858
f 3084/3084/2859 3081/3081/2857 3080/3080/2856
f 3084/3084/2859 3080/3080/2856 3083/3083/2858
f 3081/3081/2857 3084/3084/2859 3085/3085/2860
f 3082/3082/2398 3081/3081/2857 3085/3085/2860
f 3086/3086/2861 3082/3082/2398 3085/3085/2860
f 3082/3082/2398 3086/3086/2861 3087/3087/2404
f 3086/3086/2861 3085/3085/2860 3088/3088/2862
f 3084/3084/2859 3088/3088/2862 3085/3085/2860
f 3089/3089/2863 3084/3084/2859 3083/3083/2858
f 3084/3084/2859 3089/3089/2863 3088/3088/2862
f 3090/3090/2864 3088/3088/2862 3089/3089/2863
f 3090/3090/2864 3086/3086/2861 3088/3088/2862
f 3091/3091/2865 3086/3086/2861 3090/3090/2864
f 3086/3086/2861 3091/3091/2865 3087/3087/2404
f 3087/3087/2404 3091/3091/2865 3092/3092/2866
f 3091/3091/2865 3093/3093/2867 3092/3092/2866
f 3094/3094/2868 3091/3091/2865 3090/3090/2864
f 3089/3089/2863 3094/3094/2868 3090/3090/2864
f 3094/3094/2868 3089/3089/2863 3095/3095/2869
f 3072/3072/2849 3095/3095/2869 3083/3083/2858
f 3095/3095/2869 3089/3089/2863 3083/3083/2858
f 3091/3091/2865 3094/3094/2868 3096/3096/2870
f 3093/3093/2867 3091/3091/2865 3096/3096/2870
f 3069/3069/2846 3097/3097/2871 3072/3072/2849
f 3095/3095/2869 3072/3072/2849 3097/3097/2871
f 3098/3098/2872 3095/3095/2869 3097/3097/2871
f 3098/3098/2872 3096/3096/2870 3094/3094/2868
f 3095/3095/2869 3098/3098/2872 3094/3094/2868
f 3097/3097/2871 3069/3069/2846 3099/3099/2873
f 3097/3097/2871 3099/3099/2873 3098/3098/2872
f 3065/3065/2842 3099/3099/2873 3069/3069/2846
f 3099/3099/2873 3065/3065/2842 3062/3062/2839
f 3096/3096/2870 3098/3098/2872 3100/3100/2874
f 3100/3100/2874 3093/3093/2867 3096/3096/2870
f 3093/3093/2867 3100/3100/2874 3101/3101/2410
f 3098/3098/2872 3102/3102/2875 3100/3100/2874
f 3099/3099/2873 3062/3062/2839 3102/3102/2875
f 3098/3098/2872 3099/3099/2873 3102/3102/2875
f 3100/3100/2874 3103/3103/2876 3101/3101/2410
f 3100/3100/2874 3102/3102/2875 3103/3103/2876
f 3101/3101/2410 3103/3103/2876 3104/3104/2877
f 3062/3062/2839 3055/3055/2832 3105/3105/2878
f 3105/3105/2878 3055/3055/2832 3053/3053/2830
f 3102/3102/2875 3062/3062/2839 3105/3105/2878
f 3102/3102/2875 3106/3106/2879 3103/3103/2876
f 3106/3106/2879 3102/3102/2875 3105/3105/2878
f 3103/3103/2876 3106/3106/2879 3104/3104/2877
f 3105/3105/2878 3053/3053/2830 3106/3106/2879
f 3106/3106/2879 3053/3053/2830 3054/3054/2831
f 3106/3106/2879 3054/3054/2831 3107/3107/2415
f 3104/3104/2877 3106/3106/2879 3107/3107/2415
f 3108/3108/2880 3109/3109/2881 3110/3110/1655
f 3111/3111/2882 3110/3110/1655 3109/3109/2881
f 3109/3109/2881 3108/3108/2880 3112/3112/2883
f 3113/3113/2884 3112/3112/2883 3108/3108/2880
f 3111/3111/2882 3109/3109/2881 3114/3114/2885
f 3115/3115/1648 3111/3111/2882 3114/3114/2885
f 3114/3114/2885 3109/3109/2881 3116/3116/2886
f 3112/3112/2883 3116/3116/2886 3109/3109/2881
f 3112/3112/2883 3113/3113/2884 3117/3117/2887
f 3117/3117/2887 3113/3113/2884 3118/3118/2888
f 3115/3115/1648 3114/3114/2885 3119/3119/2889
f 3119/3119/2889 3120/3120/1469 3115/3115/1648
f 3120/3120/1469 3119/3119/2889 3121/3121/2890
f 3116/3116/2886 3122/3122/2891 3114/3114/2885
f 3119/3119/2889 3114/3114/2885 3122/3122/2891
f 3123/3123/2892 3121/3121/2890 3119/3119/2889
f 3119/3119/2889 3122/3122/2891 3123/3123/2892
f 3121/3121/2890 3123/3123/2892 3124/3124/1465
f 3125/3125/2893 3122/3122/2891 3116/3116/2886
f 3124/3124/1465 3123/3123/2892 3126/3126/2894
f 3124/3124/1465 3126/3126/2894 3127/3127/1457
f 3128/3128/2895 3123/3123/2892 3122/3122/2891
f 3123/3123/2892 3128/3128/2895 3126/3126/2894
f 3122/3122/2891 3125/3125/2893 3128/3128/2895
f 3129/3129/2896 3127/3127/1457 3126/3126/2894
f 3127/3127/1457 3129/3129/2896 3130/3130/1454
f 3126/3126/2894 3131/3131/2897 3129/3129/2896
f 3131/3131/2897 3126/3126/2894 3128/3128/2895
f 3132/3132/2898 3130/3130/1454 3129/3129/2896
f 3130/3130/1454 3132/3132/2898 3133/3133/2899
f 3134/3134/2900 3129/3129/2896 3131/3131/2897
f 3129/3129/2896 3134/3134/2900 3132/3132/2898
f 3135/3135/2901 3128/3128/2895 3125/3125/2893
f 3128/3128/2895 3135/3135/2901 3131/3131/2897
f 3136/3136/2902 3131/3131/2897 3135/3135/2901
f 3131/3131/2897 3136/3136/2902 3134/3134/2900
f 3137/3137/2903 3132/3132/2898 3134/3134/2900
f 3138/3138/2904 3133/3133/2899 3132/3132/2898
f 3132/3132/2898 3137/3137/2903 3138/3138/2904
f 3133/3133/2899 3138/3138/2904 3139/3139/2905
f 3138/3138/2904 3140/3140/1434 3139/3139/2905
f 3141/3141/2906 3134/3134/2900 3136/3136/2902
f 3134/3134/2900 3141/3141/2906 3137/3137/2903
f 3140/3140/1434 3138/3138/2904 3142/3142/2907
f 3143/3143/1388 3140/3140/1434 3142/3142/2907
f 3144/3144/2908 3138/3138/2904 3137/3137/2903
f 3138/3138/2904 3144/3144/2908 3142/3142/2907
f 3141/3141/2906 3144/3144/2908 3137/3137/2903
f 3145/3145/2909 3142/3142/2907 3144/3144/2908
f 3142/3142/2907 3145/3145/2909 3143/3143/1388
f 3145/3145/2909 3146/3146/1387 3143/3143/1388
f 3144/3144/2908 3147/3147/2910 3145/3145/2909
f 3146/3146/1387 3145/3145/2909 3148/3148/2911
f 3147/3147/2910 3148/3148/2911 3145/3145/2909
f 3149/3149/2912 3146/3146/1387 3148/3148/2911
f 3146/3146/1387 3149/3149/2912 3150/3150/1384
f 3151/3151/1381 3150/3150/1384 3149/3149/2912
f 3149/3149/2912 3148/3148/2911 3152/3152/2913
f 3148/3148/2911 3147/3147/2910 3152/3152/2913
f 3144/3144/2908 3153/3153/2914 3147/3147/2910
f 3153/3153/2914 3152/3152/2913 3147/3147/2910
f 3149/3149/2912 3154/3154/2915 3151/3151/1381
f 3154/3154/2915 3155/3155/2916 3151/3151/1381
f 3154/3154/2915 3149/3149/2912 3156/3156/2917
f 3152/3152/2913 3156/3156/2917 3149/3149/2912
f 3157/3157/2918 3156/3156/2917 3152/3152/2913
f 3152/3152/2913 3153/3153/2914 3157/3157/2918
f 3153/3153/2914 3144/3144/2908 3158/3158/2919
f 3144/3144/2908 3141/3141/2906 3158/3158/2919
f 3158/3158/2919 3159/3159/2920 3153/3153/2914
f 3159/3159/2920 3157/3157/2918 3153/3153/2914
f 3160/3160/2921 3158/3158/2919 3141/3141/2906
f 3161/3161/2922 3158/3158/2919 3160/3160/2921
f 3159/3159/2920 3158/3158/2919 3161/3161/2922
f 3160/3160/2921 3141/3141/2906 3162/3162/2923
f 3162/3162/2923 3141/3141/2906 3136/3136/2902
f 3163/3163/2924 3161/3161/2922 3160/3160/2921
f 3164/3164/2925 3136/3136/2902 3135/3135/2901
f 3162/3162/2923 3136/3136/2902 3164/3164/2925
f 3160/3160/2921 3165/3165/2926 3163/3163/2924
f 3165/3165/2926 3160/3160/2921 3162/3162/2923
f 3166/3166/2927 3162/3162/2923 3164/3164/2925
f 3162/3162/2923 3166/3166/2927 3165/3165/2926
f 3167/3167/2928 3135/3135/2901 3125/3125/2893
f 3135/3135/2901 3167/3167/2928 3164/3164/2925
f 3168/3168/2929 3164/3164/2925 3167/3167/2928
f 3166/3166/2927 3164/3164/2925 3168/3168/2929
f 3125/3125/2893 3169/3169/2930 3167/3167/2928
f 3169/3169/2930 3125/3125/2893 3116/3116/2886
f 3116/3116/2886 3112/3112/2883 3169/3169/2930
f 3117/3117/2887 3169/3169/2930 3112/3112/2883
f 3169/3169/2930 3117/3117/2887 3170/3170/2931
f 3167/3167/2928 3170/3170/2931 3168/3168/2929
f 3170/3170/2931 3167/3167/2928 3169/3169/2930
f 3171/3171/2932 3117/3117/2887 3118/3118/2888
f 3171/3171/2932 3170/3170/2931 3117/3117/2887
f 3172/3172/2933 3168/3168/2929 3170/3170/2931
f 3170/3170/2931 3171/3171/2932 3172/3172/2933
f 3118/3118/2888 3173/3173/2934 3171/3171/2932
f 3173/3173/2934 3118/3118/2888 3174/3174/2935
f 3175/3175/2936 3171/3171/2932 3173/3173/2934
f 3171/3171/2932 3175/3175/2936 3172/3172/2933
f 3176/3176/2937 3166/3166/2927 3168/3168/2929
f 3168/3168/2929 3172/3172/2933 3176/3176/2937
f 3177/3177/2938 3172/3172/2933 3175/3175/2936
f 3172/3172/2933 3177/3177/2938 3176/3176/2937
f 3178/3178/2939 3165/3165/2926 3166/3166/2927
f 3178/3178/2939 3166/3166/2927 3176/3176/2937
f 3179/3179/2940 3176/3176/2937 3177/3177/2938
f 3176/3176/2937 3179/3179/2940 3178/3178/2939
f 3178/3178/2939 3180/3180/2941 3165/3165/2926
f 3179/3179/2940 3180/3180/2941 3178/3178/2939
f 3180/3180/2941 3163/3163/2924 3165/3165/2926
f 3179/3179/2940 3181/3181/2942 3180/3180/2941
f 3180/3180/2941 3181/3181/2942 3182/3182/2943
f 3180/3180/2941 3182/3182/2943 3163/3163/2924
f 3161/3161/2922 3163/3163/2924 3183/3183/2944
f 3183/3183/2944 3159/3159/2920 3161/3161/2922
f 3163/3163/2924 3182/3182/2943 3183/3183/2944
f 3184/3184/2945 3181/3181/2942 3179/3179/2940
f 3177/3177/2938 3184/3184/2945 3179/3179/2940
f 3159/3159/2920 3183/3183/2944 3185/3185/2946
f 3175/3175/2936 3186/3186/2947 3177/3177/2938
f 3184/3184/2945 3177/3177/2938 3186/3186/2947
f 3157/3157/2918 3159/3159/2920 3187/3187/2948
f 3185/3185/2946 3187/3187/2948 3159/3159/2920
f 3186/3186/2947 3175/3175/2936 3188/3188/2949
f 3173/3173/2934 3188/3188/2949 3175/3175/2936
f 3189/3189/2950 3157/3157/2918 3187/3187/2948
f 3190/3190/2951 3173/3173/2934 3174/3174/2935
f 3188/3188/2949 3173/3173/2934 3190/3190/2951
f 3190/3190/2951 3174/3174/2935 3191/3191/2165
f 3191/3191/2165 3192/3192/2952 3190/3190/2951
f 3193/3193/2953 3190/3190/2951 3192/3192/2952
f 3190/3190/2951 3193/3193/2953 3188/3188/2949
f 3192/3192/2952 3194/3194/2954 3193/3193/2953
f 3195/3195/2955 3186/3186/2947 3188/3188/2949
f 3193/3193/2953 3195/3195/2955 3188/3188/2949
f 3196/3196/2956 3195/3195/2955 3193/3193/2953
f 3196/3196/2956 3193/3193/2953 3194/3194/2954
f 3186/3186/2947 3195/3195/2955 3197/3197/2957
f 3197/3197/2957 3184/3184/2945 3186/3186/2947
f 3198/3198/2958 3197/3197/2957 3195/3195/2955
f 3195/3195/2955 3196/3196/2956 3198/3198/2958
f 3194/3194/2954 3199/3199/2959 3196/3196/2956
f 3199/3199/2959 3194/3194/2954 3200/3200/2960
f 3201/3201/2961 3196/3196/2956 3199/3199/2959
f 3196/3196/2956 3201/3201/2961 3198/3198/2958
f 3200/3200/2960 3202/3202/2962 3199/3199/2959
f 3202/3202/2962 3200/3200/2960 3203/3203/2057
f 3199/3199/2959 3202/3202/2962 3204/3204/2963
f 3199/3199/2959 3204/3204/2963 3201/3201/2961
f 3203/3203/2057 3205/3205/2964 3202/3202/2962
f 3203/3203/2057 3206/3206/2054 3205/3205/2964
f 3207/3207/2965 3205/3205/2964 3206/3206/2054
f 3202/3202/2962 3208/3208/2966 3204/3204/2963
f 3202/3202/2962 3205/3205/2964 3208/3208/2966
f 3209/3209/2967 3208/3208/2966 3205/3205/2964
f 3205/3205/2964 3207/3207/2965 3209/3209/2967
f 3210/3210/2047 3209/3209/2967 3207/3207/2965
f 3211/3211/2968 3204/3204/2963 3208/3208/2966
f 3209/3209/2967 3210/3210/2047 3212/3212/2969
f 3213/3213/1247 3212/3212/2969 3210/3210/2047
f 3212/3212/2969 3213/3213/1247 3214/3214/2970
f 3212/3212/2969 3215/3215/2971 3209/3209/2967
f 3215/3215/2971 3211/3211/2968 3208/3208/2966
f 3208/3208/2966 3209/3209/2967 3215/3215/2971
f 3215/3215/2971 3212/3212/2969 3216/3216/2972
f 3214/3214/2970 3216/3216/2972 3212/3212/2969
f 3216/3216/2972 3214/3214/2970 3217/3217/1249
f 3211/3211/2968 3215/3215/2971 3218/3218/2973
f 3216/3216/2972 3218/3218/2973 3215/3215/2971
f 3218/3218/2973 3216/3216/2972 3219/3219/2974
f 3217/3217/1249 3219/3219/2974 3216/3216/2972
f 3219/3219/2974 3217/3217/1249 3220/3220/1254
f 3218/3218/2973 3221/3221/2975 3211/3211/2968
f 3220/3220/1254 3222/3222/2976 3219/3219/2974
f 3222/3222/2976 3220/3220/1254 3223/3223/1257
f 3224/3224/2977 3219/3219/2974 3222/3222/2976
f 3221/3221/2975 3218/3218/2973 3224/3224/2977
f 3219/3219/2974 3224/3224/2977 3218/3218/2973
f 3223/3223/1257 3225/3225/2978 3222/3222/2976
f 3225/3225/2978 3223/3223/1257 3226/3226/2979
f 3222/3222/2976 3227/3227/2980 3224/3224/2977
f 3227/3227/2980 3222/3222/2976 3225/3225/2978
f 3228/3228/2981 3224/3224/2977 3227/3227/2980
f 3224/3224/2977 3228/3228/2981 3221/3221/2975
f 3226/3226/2979 3229/3229/2982 3225/3225/2978
f 3229/3229/2982 3226/3226/2979 3230/3230/2983
f 3231/3231/1272 3229/3229/2982 3230/3230/2983
f 3225/3225/2978 3232/3232/2984 3227/3227/2980
f 3232/3232/2984 3225/3225/2978 3229/3229/2982
f 3229/3229/2982 3231/3231/1272 3233/3233/2985
f 3231/3231/1272 3234/3234/1348 3233/3233/2985
f 3235/3235/2986 3229/3229/2982 3233/3233/2985
f 3229/3229/2982 3235/3235/2986 3232/3232/2984
f 3236/3236/2987 3227/3227/2980 3232/3232/2984
f 3235/3235/2986 3236/3236/2987 3232/3232/2984
f 3227/3227/2980 3236/3236/2987 3228/3228/2981
f 3233/3233/2985 3237/3237/2988 3235/3235/2986
f 3233/3233/2985 3234/3234/1348 3237/3237/2988
f 3234/3234/1348 3238/3238/2989 3237/3237/2988
f 3235/3235/2986 3237/3237/2988 3239/3239/2990
f 3239/3239/2990 3237/3237/2988 3240/3240/2991
f 3237/3237/2988 3238/3238/2989 3240/3240/2991
f 3238/3238/2989 3241/3241/2992 3240/3240/2991
f 3241/3241/2992 3238/3238/2989 3242/3242/1354
f 3243/3243/1357 3241/3241/2992 3242/3242/1354
f 3240/3240/2991 3241/3241/2992 3244/3244/2993
f 3239/3239/2990 3240/3240/2991 3244/3244/2993
f 3245/3245/2994 3241/3241/2992 3243/3243/1357
f 3243/3243/1357 3246/3246/2995 3245/3245/2994
f 3245/3245/2994 3247/3247/2996 3241/3241/2992
f 3244/3244/2993 3241/3241/2992 3247/3247/2996
f 3235/3235/2986 3239/3239/2990 3248/3248/2997
f 3244/3244/2993 3248/3248/2997 3239/3239/2990
f 3247/3247/2996 3249/3249/2998 3244/3244/2993
f 3248/3248/2997 3244/3244/2993 3249/3249/2998
f 3236/3236/2987 3235/3235/2986 3250/3250/2999
f 3250/3250/2999 3235/3235/2986 3248/3248/2997
f 3248/3248/2997 3251/3251/3000 3250/3250/2999
f 3252/3252/3001 3250/3250/2999 3251/3251/3000
f 3250/3250/2999 3252/3252/3001 3236/3236/2987
f 3253/3253/3002 3236/3236/2987 3252/3252/3001
f 3236/3236/2987 3253/3253/3002 3228/3228/2981
f 3254/3254/3003 3252/3252/3001 3251/3251/3000
f 3228/3228/2981 3255/3255/3004 3221/3221/2975
f 3255/3255/3004 3228/3228/2981 3253/3253/3002
f 3254/3254/3003 3256/3256/3005 3252/3252/3001
f 3256/3256/3005 3253/3253/3002 3252/3252/3001
f 3255/3255/3004 3253/3253/3002 3257/3257/3006
f 3256/3256/3005 3257/3257/3006 3253/3253/3002
f 3221/3221/2975 3258/3258/3007 3211/3211/2968
f 3204/3204/2963 3211/3211/2968 3258/3258/3007
f 3258/3258/3007 3201/3201/2961 3204/3204/2963
f 3258/3258/3007 3221/3221/2975 3255/3255/3004
f 3259/3259/3008 3258/3258/3007 3255/3255/3004
f 3201/3201/2961 3258/3258/3007 3259/3259/3008
f 3257/3257/3006 3259/3259/3008 3255/3255/3004
f 3259/3259/3008 3198/3198/2958 3201/3201/2961
f 3257/3257/3006 3260/3260/3009 3259/3259/3008
f 3197/3197/2957 3198/3198/2958 3260/3260/3009
f 3198/3198/2958 3259/3259/3008 3260/3260/3009
f 3256/3256/3005 3261/3261/3010 3257/3257/3006
f 3260/3260/3009 3257/3257/3006 3261/3261/3010
f 3260/3260/3009 3262/3262/3011 3197/3197/2957
f 3262/3262/3011 3260/3260/3009 3261/3261/3010
f 3184/3184/2945 3197/3197/2957 3262/3262/3011
f 3263/3263/3012 3262/3262/3011 3261/3261/3010
f 3254/3254/3003 3263/3263/3012 3256/3256/3005
f 3261/3261/3010 3256/3256/3005 3263/3263/3012
f 3262/3262/3011 3263/3263/3012 3264/3264/3013
f 3264/3264/3013 3184/3184/2945 3262/3262/3011
f 3263/3263/3012 3254/3254/3003 3265/3265/3014
f 3265/3265/3014 3264/3264/3013 3263/3263/3012
f 3181/3181/2942 3184/3184/2945 3266/3266/3015
f 3184/3184/2945 3264/3264/3013 3266/3266/3015
f 3267/3267/3016 3266/3266/3015 3264/3264/3013
f 3264/3264/3013 3265/3265/3014 3267/3267/3016
f 3268/3268/3017 3254/3254/3003 3251/3251/3000
f 3268/3268/3017 3265/3265/3014 3254/3254/3003
f 3269/3269/3018 3267/3267/3016 3265/3265/3014
f 3265/3265/3014 3268/3268/3017 3269/3269/3018
f 3251/3251/3000 3248/3248/2997 3270/3270/3019
f 3268/3268/3017 3251/3251/3000 3270/3270/3019
f 3271/3271/3020 3268/3268/3017 3270/3270/3019
f 3271/3271/3020 3269/3269/3018 3268/3268/3017
f 3270/3270/3019 3248/3248/2997 3272/3272/3021
f 3272/3272/3021 3248/3248/2997 3249/3249/2998
f 3273/3273/3022 3270/3270/3019 3272/3272/3021
f 3270/3270/3019 3273/3273/3022 3271/3271/3020
f 3273/3273/3022 3274/3274/3023 3271/3271/3020
f 3269/3269/3018 3271/3271/3020 3274/3274/3023
f 3275/3275/3024 3269/3269/3018 3274/3274/3023
f 3267/3267/3016 3269/3269/3018 3275/3275/3024
f 3275/3275/3024 3276/3276/3025 3267/3267/3016
f 3266/3266/3015 3267/3267/3016 3276/3276/3025
f 3275/3275/3024 3274/3274/3023 3277/3277/3026
f 3266/3266/3015 3278/3278/3027 3181/3181/2942
f 3181/3181/2942 3278/3278/3027 3182/3182/2943
f 3278/3278/3027 3266/3266/3015 3276/3276/3025
f 3277/3277/3026 3279/3279/3028 3275/3275/3024
f 3276/3276/3025 3275/3275/3024 3279/3279/3028
f 3276/3276/3025 3280/3280/3029 3278/3278/3027
f 3280/3280/3029 3276/3276/3025 3279/3279/3028
f 3278/3278/3027 3280/3280/3029 3281/3281/3030
f 3281/3281/3030 3183/3183/2944 3182/3182/2943
f 3281/3281/3030 3185/3185/2946 3183/3183/2944
f 3182/3182/2943 3278/3278/3027 3281/3281/3030
f 3279/3279/3028 3277/3277/3026 3282/3282/3031
f 3282/3282/3031 3280/3280/3029 3279/3279/3028
f 3283/3283/3032 3281/3281/3030 3280/3280/3029
f 3282/3282/3031 3283/3283/3032 3280/3280/3029
f 3281/3281/3030 3283/3283/3032 3284/3284/3033
f 3185/3185/2946 3281/3281/3030 3284/3284/3033
f 3285/3285/3034 3187/3187/2948 3185/3185/2946
f 3185/3185/2946 3284/3284/3033 3285/3285/3034
f 3284/3284/3033 3283/3283/3032 3286/3286/3035
f 3286/3286/3035 3285/3285/3034 3284/3284/3033
f 3187/3187/2948 3287/3287/3036 3189/3189/2950
f 3287/3287/3036 3187/3187/2948 3285/3285/3034
f 3285/3285/3034 3288/3288/3037 3287/3287/3036
f 3288/3288/3037 3285/3285/3034 3286/3286/3035
f 3283/3283/3032 3282/3282/3031 3289/3289/3038
f 3289/3289/3038 3286/3286/3035 3283/3283/3032
f 3290/3290/3039 3286/3286/3035 3289/3289/3038
f 3286/3286/3035 3290/3290/3039 3288/3288/3037
f 3291/3291/3040 3290/3290/3039 3289/3289/3038
f 3291/3291/3040 3289/3289/3038 3282/3282/3031
f 3282/3282/3031 3277/3277/3026 3292/3292/3041
f 3282/3282/3031 3292/3292/3041 3291/3291/3040
f 3290/3290/3039 3291/3291/3040 3293/3293/3042
f 3277/3277/3026 3294/3294/3043 3292/3292/3041
f 3294/3294/3043 3277/3277/3026 3274/3274/3023
f 3274/3274/3023 3273/3273/3022 3294/3294/3043
f 3292/3292/3041 3294/3294/3043 3295/3295/3044
f 3291/3291/3040 3295/3295/3044 3293/3293/3042
f 3295/3295/3044 3291/3291/3040 3292/3292/3041
f 3296/3296/3045 3295/3295/3044 3294/3294/3043
f 3294/3294/3043 3273/3273/3022 3296/3296/3045
f 3296/3296/3045 3273/3273/3022 3297/3297/3046
f 3272/3272/3021 3297/3297/3046 3273/3273/3022
f 3298/3298/3047 3295/3295/3044 3296/3296/3045
f 3299/3299/3048 3272/3272/3021 3249/3249/2998
f 3297/3297/3046 3272/3272/3021 3299/3299/3048
f 3296/3296/3045 3297/3297/3046 3300/3300/3049
f 3299/3299/3048 3300/3300/3049 3297/3297/3046
f 3296/3296/3045 3300/3300/3049 3298/3298/3047
f 3249/3249/2998 3247/3247/2996 3301/3301/3050
f 3249/3249/2998 3301/3301/3050 3299/3299/3048
f 3300/3300/3049 3299/3299/3048 3302/3302/3051
f 3302/3302/3051 3299/3299/3048 3301/3301/3050
f 3301/3301/3050 3303/3303/3052 3302/3302/3051
f 3247/3247/2996 3303/3303/3052 3301/3301/3050
f 3303/3303/3052 3247/3247/2996 3304/3304/3053
f 3247/3247/2996 3245/3245/2994 3304/3304/3053
f 3305/3305/3054 3245/3245/2994 3246/3246/2995
f 3245/3245/2994 3305/3305/3054 3304/3304/3053
f 3306/3306/3055 3304/3304/3053 3305/3305/3054
f 3306/3306/3055 3303/3303/3052 3304/3304/3053
f 3246/3246/2995 3307/3307/3056 3305/3305/3054
f 3307/3307/3056 3246/3246/2995 3308/3308/3057
f 3309/3309/3058 3305/3305/3054 3307/3307/3056
f 3305/3305/3054 3309/3309/3058 3306/3306/3055
f 3306/3306/3055 3309/3309/3058 3310/3310/3059
f 3303/3303/3052 3306/3306/3055 3310/3310/3059
f 3311/3311/3060 3309/3309/3058 3307/3307/3056
f 3308/3308/3057 3311/3311/3060 3307/3307/3056
f 3311/3311/3060 3308/3308/3057 3312/3312/1367
f 3313/3313/1370 3311/3311/3060 3312/3312/1367
f 3303/3303/3052 3314/3314/3061 3302/3302/3051
f 3314/3314/3061 3303/3303/3052 3310/3310/3059
f 3310/3310/3059 3315/3315/3062 3314/3314/3061
f 3315/3315/3062 3310/3310/3059 3309/3309/3058
f 3316/3316/3063 3302/3302/3051 3314/3314/3061
f 3302/3302/3051 3316/3316/3063 3300/3300/3049
f 3316/3316/3063 3314/3314/3061 3317/3317/3064
f 3314/3314/3061 3315/3315/3062 3317/3317/3064
f 3318/3318/3065 3317/3317/3064 3315/3315/3062
f 3309/3309/3058 3318/3318/3065 3315/3315/3062
f 3319/3319/3066 3298/3298/3047 3300/3300/3049
f 3300/3300/3049 3316/3316/3063 3319/3319/3066
f 3317/3317/3064 3320/3320/3067 3316/3316/3063
f 3319/3319/3066 3316/3316/3063 3320/3320/3067
f 3317/3317/3064 3318/3318/3065 3321/3321/3068
f 3317/3317/3064 3321/3321/3068 3320/3320/3067
f 3322/3322/3069 3320/3320/3067 3321/3321/3068
f 3322/3322/3069 3319/3319/3066 3320/3320/3067
f 3319/3319/3066 3323/3323/3070 3298/3298/3047
f 3319/3319/3066 3322/3322/3069 3323/3323/3070
f 3295/3295/3044 3298/3298/3047 3324/3324/3071
f 3324/3324/3071 3293/3293/3042 3295/3295/3044
f 3324/3324/3071 3298/3298/3047 3323/3323/3070
f 3322/3322/3069 3325/3325/3072 3323/3323/3070
f 3293/3293/3042 3324/3324/3071 3326/3326/3073
f 3323/3323/3070 3327/3327/3074 3324/3324/3071
f 3327/3327/3074 3326/3326/3073 3324/3324/3071
f 3325/3325/3072 3327/3327/3074 3323/3323/3070
f 3327/3327/3074 3328/3328/3075 3326/3326/3073
f 3293/3293/3042 3328/3328/3075 3290/3290/3039
f 3328/3328/3075 3293/3293/3042 3326/3326/3073
f 3325/3325/3072 3329/3329/3076 3327/3327/3074
f 3327/3327/3074 3329/3329/3076 3328/3328/3075
f 3290/3290/3039 3328/3328/3075 3330/3330/3077
f 3329/3329/3076 3330/3330/3077 3328/3328/3075
f 3288/3288/3037 3290/3290/3039 3330/3330/3077
f 3325/3325/3072 3331/3331/3078 3329/3329/3076
f 3287/3287/3036 3288/3288/3037 3332/3332/3079
f 3332/3332/3079 3189/3189/2950 3287/3287/3036
f 3288/3288/3037 3330/3330/3077 3332/3332/3079
f 3331/3331/3078 3333/3333/3080 3329/3329/3076
f 3330/3330/3077 3329/3329/3076 3333/3333/3080
f 3330/3330/3077 3334/3334/3081 3332/3332/3079
f 3334/3334/3081 3330/3330/3077 3333/3333/3080
f 3334/3334/3081 3335/3335/3082 3332/3332/3079
f 3189/3189/2950 3332/3332/3079 3335/3335/3082
f 3157/3157/2918 3189/3189/2950 3336/3336/3083
f 3156/3156/2917 3157/3157/2918 3336/3336/3083
f 3335/3335/3082 3336/3336/3083 3189/3189/2950
f 3336/3336/3083 3335/3335/3082 3337/3337/3084
f 3337/3337/3084 3156/3156/2917 3336/3336/3083
f 3338/3338/3085 3337/3337/3084 3335/3335/3082
f 3335/3335/3082 3334/3334/3081 3338/3338/3085
f 3333/3333/3080 3331/3331/3078 3339/3339/3086
f 3333/3333/3080 3339/3339/3086 3334/3334/3081
f 3334/3334/3081 3340/3340/3087 3338/3338/3085
f 3340/3340/3087 3334/3334/3081 3339/3339/3086
f 3340/3340/3087 3341/3341/3088 3338/3338/3085
f 3337/3337/3084 3338/3338/3085 3341/3341/3088
f 3337/3337/3084 3341/3341/3088 3342/3342/3089
f 3156/3156/2917 3342/3342/3089 3154/3154/2915
f 3156/3156/2917 3337/3337/3084 3342/3342/3089
f 3342/3342/3089 3343/3343/3090 3154/3154/2915
f 3155/3155/2916 3154/3154/2915 3343/3343/3090
f 3343/3343/3090 3342/3342/3089 3344/3344/3091
f 3341/3341/3088 3344/3344/3091 3342/3342/3089
f 3345/3345/3092 3155/3155/2916 3343/3343/3090
f 3155/3155/2916 3345/3345/3092 3346/3346/3093
f 3347/3347/3094 3343/3343/3090 3344/3344/3091
f 3343/3343/3090 3347/3347/3094 3345/3345/3092
f 3341/3341/3088 3347/3347/3094 3344/3344/3091
f 3347/3347/3094 3348/3348/3095 3345/3345/3092
f 3348/3348/3095 3346/3346/3093 3345/3345/3092
f 3313/3313/1370 3349/3349/1371 3348/3348/3095
f 3349/3349/1371 3346/3346/3093 3348/3348/3095
f 3341/3341/3088 3340/3340/3087 3350/3350/3096
f 3341/3341/3088 3350/3350/3096 3347/3347/3094
f 3313/3313/1370 3348/3348/3095 3351/3351/3097
f 3351/3351/3097 3311/3311/3060 3313/3313/1370
f 3348/3348/3095 3347/3347/3094 3352/3352/3098
f 3353/3353/3099 3348/3348/3095 3352/3352/3098
f 3353/3353/3099 3311/3311/3060 3351/3351/3097
f 3348/3348/3095 3353/3353/3099 3351/3351/3097
f 3347/3347/3094 3354/3354/3100 3352/3352/3098
f 3354/3354/3100 3347/3347/3094 3350/3350/3096
f 3353/3353/3099 3352/3352/3098 3354/3354/3100
f 3354/3354/3100 3350/3350/3096 3340/3340/3087
f 3355/3355/3101 3309/3309/3058 3311/3311/3060
f 3309/3309/3058 3355/3355/3101 3318/3318/3065
f 3353/3353/3099 3318/3318/3065 3355/3355/3101
f 3311/3311/3060 3353/3353/3099 3355/3355/3101
f 3318/3318/3065 3353/3353/3099 3356/3356/3102
f 3353/3353/3099 3354/3354/3100 3356/3356/3102
f 3356/3356/3102 3321/3321/3068 3318/3318/3065
f 3357/3357/3103 3356/3356/3102 3354/3354/3100
f 3339/3339/3086 3357/3357/3103 3340/3340/3087
f 3357/3357/3103 3339/3339/3086 3331/3331/3078
f 3354/3354/3100 3340/3340/3087 3357/3357/3103
f 3321/3321/3068 3356/3356/3102 3358/3358/3104
f 3356/3356/3102 3357/3357/3103 3358/3358/3104
f 3331/3331/3078 3358/3358/3104 3357/3357/3103
f 3358/3358/3104 3322/3322/3069 3321/3321/3068
f 3358/3358/3104 3331/3331/3078 3325/3325/3072
f 3322/3322/3069 3358/3358/3104 3325/3325/3072
o desirefx_me_2_0001_mesh0.dat-Sk_Rhinoceros_beetle-1_mesh0001
v -1.724581 0.149225 -1.462570
v -1.839842 0.147905 -1.366472
v -1.780698 0.110098 -1.472685
v -1.752312 0.210653 -1.450729
v -1.876264 0.041804 -1.485540
v -1.837580 0.222403 -1.404566
v -1.830246 0.266435 -1.465894
v -1.933195 0.088773 -1.371841
v -1.926759 0.244753 -1.424698
v -1.871985 0.302354 -1.503957
v -1.929801 0.196070 -1.371966
v -1.976580 0.053787 -1.522033
v -1.944391 0.047855 -1.561903
v -1.994401 0.195346 -1.497809
v -2.000391 0.071762 -1.596519
v -1.975523 0.081846 -1.621013
v -2.026410 0.104197 -1.701758
v -1.999086 0.227386 -1.565276
v -2.002151 0.272905 -1.664701
v -2.057498 0.150714 -1.817093
v -1.942003 0.302394 -1.519606
v -1.904649 0.383528 -1.601612
v -2.002800 0.322132 -1.774562
v -1.879037 0.483310 -1.716186
v -2.136311 0.268297 -2.199216
v -1.849833 0.626300 -1.836963
v -2.093268 0.389702 -2.193946
v -1.896567 0.656466 -1.979107
v -1.760428 0.825110 -1.943850
v -2.131290 0.411648 -2.568004
v -2.181324 0.286080 -2.582878
v -1.996853 0.626757 -2.278134
v -1.781564 0.931298 -2.207562
v -1.652518 1.019894 -2.092198
v -1.545973 1.150075 -2.267238
v -2.158607 0.355491 -2.902356
v -2.200347 0.215506 -2.861079
v -1.627680 1.054750 -2.428434
v -1.417686 1.170149 -2.535460
v -1.860940 0.881323 -2.427830
v -2.044490 0.630078 -2.633055
v -1.702718 1.020028 -2.682962
v -1.852149 0.870878 -2.782136
v -2.037541 0.597173 -3.017045
v -1.541183 1.121500 -2.609834
v -1.668956 1.010798 -2.866084
v -1.349226 1.142072 -2.979787
v -1.181041 1.140159 -2.992062
v -1.798014 0.804480 -3.134048
v -1.564542 0.941928 -3.221255
v -1.309340 1.042151 -3.314049
v -1.121078 1.084934 -3.237673
v -1.100269 0.849873 -3.707615
v -1.801735 0.691512 -3.469391
v -1.283391 0.863306 -3.678298
v -1.563286 0.814338 -3.577365
v -1.285156 0.630610 -4.013964
v -1.130497 0.596668 -4.083459
v -1.523695 0.605881 -3.915688
v -1.750366 0.511912 -3.827206
v -1.271481 0.400359 -4.287441
v -1.118623 0.355056 -4.353410
v -1.475581 0.379588 -4.191456
v -1.683239 0.285670 -4.110031
v -1.961671 0.329660 -3.703678
v -2.027281 0.494950 -3.344662
v -2.139495 0.241847 -3.205484
v -2.162380 0.109721 -3.181937
v -2.100881 0.115236 -3.583295
v -2.108654 -0.036007 -3.586906
v -1.854588 0.133247 -4.034319
v -1.986941 -0.055491 -4.000463
v -2.005753 -0.179604 -3.976851
v -1.602407 0.094325 -4.340931
v -1.854801 -0.205357 -4.285122
v -1.842493 -0.353899 -4.243011
v -1.746226 -0.041230 -4.290240
v -1.709553 -0.337712 -4.432682
v -1.700305 -0.470139 -4.410101
v -1.639327 -0.193165 -4.468681
v -1.509558 -0.079167 -4.503693
v -1.419145 0.174333 -4.405934
v -1.223143 0.193218 -4.478609
v -1.063003 0.153602 -4.519353
v -1.340657 -0.002889 -4.545081
v -1.155653 0.017352 -4.579185
v -1.010329 0.000629 -4.601117
v -1.412077 -0.227337 -4.612239
v -1.254653 -0.158927 -4.630060
v -1.086345 -0.120658 -4.636939
v -0.953249 -0.100458 -4.634826
v -1.521154 -0.326806 -4.571315
v -1.306262 -0.372608 -4.675673
v -1.171103 -0.313284 -4.675943
v -1.020847 -0.266237 -4.672340
v -0.899616 -0.230140 -4.675341
v -0.872463 -0.410703 -4.719554
v -0.979652 -0.439654 -4.716463
v -0.865217 -0.533413 -4.747211
v -1.107161 -0.476146 -4.722298
v -0.945884 -0.607945 -4.759911
v -0.885705 -0.750251 -4.785460
v -1.221694 -0.510768 -4.716541
v -0.934287 -0.759768 -4.784116
v -0.892549 -0.829345 -4.778202
v -0.935236 -0.835400 -4.776948
v -1.065856 -0.630940 -4.756751
v -1.047424 -0.765164 -4.781394
v -1.059251 -0.836894 -4.775238
v -1.178324 -0.809208 -4.748789
v -1.194170 -0.728416 -4.752477
v -1.299309 -0.729657 -4.705910
v -1.185743 -0.622887 -4.740824
v -1.300035 -0.654606 -4.712470
v -1.416413 -0.646763 -4.652936
v -1.277476 -0.566616 -4.718064
v -1.417538 -0.560031 -4.660419
v -1.572403 -0.541524 -4.509082
v -1.400871 -0.450660 -4.658762
v -1.581064 -0.436724 -4.532542
v -0.183022 0.130205 -1.461361
v -0.069514 0.206931 -1.385876
v -0.193188 0.200602 -1.470237
v -0.082372 0.285513 -1.498131
v -0.065525 0.128638 -1.359553
v -0.118987 0.078307 -1.479301
v 0.010149 0.278809 -1.468022
v -0.014034 0.073440 -1.384337
v -0.073857 0.051776 -1.503219
v 0.010422 0.196070 -1.371966
v 0.010469 0.136060 -1.354835
v 0.009196 0.038717 -1.457935
v 0.052365 0.054462 -1.595190
v 0.013818 0.088773 -1.371841
v 0.065388 0.062468 -1.522001
v 0.038289 0.069979 -1.431652
v 0.111851 0.111284 -1.723945
v 0.051728 0.136559 -1.413319
v 0.109333 0.183372 -1.623569
v 0.052509 0.197025 -1.429971
v 0.102271 0.266660 -1.735740
v 0.160289 0.189525 -1.948423
v 0.057729 0.262693 -1.539434
v 0.048578 0.298993 -1.591749
v 0.004189 0.320632 -1.519570
v -0.007993 0.375107 -1.596888
v 0.038213 0.352729 -1.665774
v -0.046495 0.519880 -1.755107
v 0.087036 0.384293 -1.897591
v 0.218598 0.243269 -2.160240
v -0.006776 0.503396 -1.809969
v -0.091394 0.683164 -1.865627
v 0.041827 0.693094 -2.205147
v 0.280646 0.202556 -2.466054
v -0.059933 0.672154 -1.914590
v -0.283389 1.000486 -2.110061
v 0.089926 0.649387 -2.568938
v 0.291868 0.155585 -2.845906
v -0.252296 0.979013 -2.169404
v -0.456177 1.152524 -2.323814
v -0.110565 0.910786 -2.350242
v 0.132285 0.595511 -2.924259
v 0.271243 0.097458 -3.172439
v -0.084321 0.875938 -2.682133
v -0.268398 1.069417 -2.454989
v -0.409530 1.120910 -2.373504
v -0.645523 1.200979 -2.645415
v -0.318074 1.078818 -2.715367
v -0.583688 1.166873 -2.673455
v -0.783547 1.139887 -3.074136
v -0.834079 1.147942 -3.068163
v -0.852420 1.080154 -3.306386
v -0.349457 1.027146 -3.045636
v -0.083152 0.805021 -2.996709
v -0.789304 1.057784 -3.323873
v -0.836284 0.791681 -3.749645
v 0.113071 0.531200 -3.283736
v -0.074887 0.726982 -3.344024
v -0.380778 0.913391 -3.359510
v -0.152649 0.567775 -3.699347
v 0.022947 0.358326 -3.678112
v 0.198265 -0.069073 -3.621045
v -0.381110 0.718183 -3.754119
v -0.124110 0.145419 -4.081226
v 0.081007 -0.223337 -4.053802
v -0.277965 0.297983 -4.106452
v -0.407228 0.435959 -4.132483
v -0.767616 0.771504 -3.748672
v -0.745357 0.481767 -4.157310
v -0.794955 0.492863 -4.165175
v -0.468138 0.251443 -4.358690
v -0.747428 0.302185 -4.381681
v -0.790386 0.319309 -4.385414
v -0.356785 0.118916 -4.341780
v -0.592684 0.007849 -4.589377
v -0.840864 0.075391 -4.563538
v -0.883218 0.086842 -4.570413
v -0.225322 -0.048111 -4.333054
v -0.097269 -0.396274 -4.290959
v -0.473891 -0.111157 -4.552944
v -0.396717 -0.245701 -4.543232
v -0.342022 -0.545431 -4.501818
v -0.707402 -0.246746 -4.720115
v -0.611676 -0.326082 -4.708111
v -0.568187 -0.446030 -4.703430
v -0.503410 -0.648242 -4.655217
v -0.737967 -0.627066 -4.805313
v -0.703996 -0.775978 -4.783003
v -0.810545 -0.651230 -4.843907
v -0.830651 -0.814809 -4.860035
v -0.958709 -0.807087 -4.904288
v -0.931967 -0.617056 -4.880928
v -1.029148 -0.790660 -4.919776
v -1.044126 -0.600231 -4.897730
v -0.951629 -0.189130 -4.757412
v -0.988698 -0.185011 -4.762697
vt 0.941547 1.927981
vt 0.920671 1.905745
vt 0.946504 1.907557
vt 0.922419 1.935602
vt 0.939289 1.869422
vt 0.905217 1.918421
vt 0.889725 1.929541
vt 0.914944 1.884300
vt 0.887054 1.903208
vt 0.869199 1.919668
vt 0.900264 1.898957
vt 0.909696 1.853896
vt 0.915456 1.843546
vt 0.880927 1.876317
vt 0.893350 1.840374
vt 0.894319 1.831645
vt 0.866420 1.825011
vt 0.864898 1.871619
vt 0.840204 1.864161
vt 0.834080 1.812900
vt 0.862746 1.899786
vt 0.833766 1.906441
vt 0.811638 1.855845
vt 0.794691 1.907942
vt 0.740069 1.765658
vt 0.747007 1.917141
vt 0.720871 1.792510
vt 0.715362 1.894440
vt 0.690278 1.945416
vt 0.642856 1.734763
vt 0.659749 1.704247
vt 0.664445 1.831837
vt 0.619797 1.918654
vt 0.621688 1.967857
vt 0.554324 1.975974
vt 0.581196 1.671907
vt 0.610221 1.646303
vt 0.539120 1.925919
vt 0.472650 1.961935
vt 0.587589 1.867285
vt 0.594679 1.773891
vt 0.501002 1.870725
vt 0.516254 1.814475
vt 0.519039 1.713166
vt 0.481913 1.920953
vt 0.461879 1.846683
vt 0.377489 1.892795
vt 0.343305 1.920448
vt 0.444730 1.758627
vt 0.379852 1.795329
vt 0.312270 1.829672
vt 0.287912 1.880099
vt 0.203864 1.768754
vt 0.388152 1.689612
vt 0.246821 1.747075
vt 0.319506 1.720248
vt 0.195583 1.654692
vt 0.152121 1.659549
vt 0.261776 1.638632
vt 0.324003 1.612498
vt 0.154309 1.571721
vt 0.111169 1.571941
vt 0.212966 1.561333
vt 0.271584 1.536680
vt 0.393162 1.574811
vt 0.461060 1.649462
vt 0.528444 1.606393
vt 0.551777 1.578215
vt 0.453936 1.533553
vt 0.470217 1.497129
vt 0.323630 1.501344
vt 0.364275 1.454266
vt 0.382772 1.425539
vt 0.223260 1.474489
vt 0.293703 1.399260
vt 0.310623 1.363621
vt 0.264940 1.441918
vt 0.242825 1.360050
vt 0.248168 1.326083
vt 0.219086 1.395297
vt 0.183617 1.423961
vt 0.172635 1.496218
vt 0.119370 1.506571
vt 0.077041 1.508969
vt 0.139222 1.445985
vt 0.091939 1.459671
vt 0.054811 1.465733
vt 0.150249 1.384142
vt 0.110641 1.404923
vt 0.069081 1.422080
vt 0.036118 1.432656
vt 0.181600 1.359274
vt 0.119807 1.347568
vt 0.086094 1.365285
vt 0.048904 1.381330
vt 0.018785 1.393087
vt 0.008317 1.344082
vt 0.035255 1.334968
vt 0.004638 1.311535
vt 0.067209 1.323217
vt 0.024287 1.290854
vt 0.007293 1.254367
vt 0.096232 1.312790
vt 0.019627 1.251412
vt 0.008404 1.233841
vt 0.019282 1.231862
vt 0.054727 1.283371
vt 0.048529 1.248794
vt 0.051242 1.230335
vt 0.082984 1.236404
vt 0.086972 1.257078
vt 0.116756 1.255997
vt 0.085791 1.284189
vt 0.116290 1.275282
vt 0.150569 1.277013
vt 0.110123 1.297852
vt 0.149320 1.299250
vt 0.206301 1.304746
vt 0.144702 1.327055
vt 0.202360 1.332113
vt 0.982390 1.631311
vt 0.960325 1.604810
vt 0.995362 1.602170
vt 0.959681 1.566035
vt 0.954471 1.620894
vt 0.959288 1.649073
vt 0.941498 1.580205
vt 0.940859 1.627690
vt 0.939472 1.653909
vt 0.944601 1.604021
vt 0.942145 1.614520
vt 0.927767 1.634225
vt 0.894497 1.629102
vt 0.937951 1.621544
vt 0.909166 1.624348
vt 0.927550 1.624309
vt 0.864242 1.600641
vt 0.929230 1.609938
vt 0.891151 1.588226
vt 0.932574 1.598266
vt 0.875602 1.559186
vt 0.826579 1.570570
vt 0.920019 1.576111
vt 0.914719 1.562919
vt 0.939407 1.565769
vt 0.936412 1.545089
vt 0.907127 1.544020
vt 0.909618 1.494621
vt 0.853328 1.517582
vt 0.772622 1.527491
vt 0.891952 1.494974
vt 0.902847 1.444838
vt 0.819753 1.414903
vt 0.696281 1.505358
vt 0.888197 1.444336
vt 0.894756 1.328164
vt 0.733653 1.386199
vt 0.605712 1.469018
vt 0.877381 1.328979
vt 0.875069 1.250811
vt 0.820751 1.339300
vt 0.650021 1.357195
vt 0.526818 1.435513
vt 0.742460 1.313319
vt 0.822881 1.280853
vt 0.857683 1.257548
vt 0.824563 1.168265
vt 0.770957 1.241091
vt 0.810975 1.181279
vt 0.731657 1.100567
vt 0.737006 1.088966
vt 0.676953 1.068276
vt 0.696701 1.205471
vt 0.668256 1.287745
vt 0.667646 1.082705
vt 0.543420 1.050079
vt 0.567494 1.324270
vt 0.586244 1.260990
vt 0.618821 1.179124
vt 0.496701 1.231437
vt 0.469335 1.289898
vt 0.411384 1.389839
vt 0.514024 1.160200
vt 0.361078 1.247537
vt 0.302653 1.335469
vt 0.381640 1.197317
vt 0.396691 1.150449
vt 0.538960 1.067231
vt 0.412461 1.064252
vt 0.413044 1.051540
vt 0.324682 1.137157
vt 0.337129 1.059352
vt 0.338795 1.047977
vt 0.309862 1.178397
vt 0.239887 1.115988
vt 0.242703 1.049264
vt 0.242225 1.038302
vt 0.283191 1.223533
vt 0.223943 1.294906
vt 0.231075 1.159065
vt 0.208174 1.189709
vt 0.150237 1.238307
vt 0.164973 1.105932
vt 0.155089 1.135336
vt 0.132110 1.156871
vt 0.095282 1.195924
vt 0.071575 1.129939
vt 0.041850 1.153886
vt 0.058006 1.113627
vt 0.018379 1.123533
vt 0.007373 1.091501
vt 0.054895 1.080872
vt 0.004638 1.073298
vt 0.049116 1.053101
vt 0.158503 1.043578
vt 0.156478 1.034490
vn 0.6033 -0.3453 0.7189
vn 0.4469 -0.2167 0.8680
vn 0.4415 -0.7390 0.5089
vn 0.5261 0.4320 0.7325
vn 0.1467 -0.9187 0.3666
vn 0.2429 0.6425 0.7268
vn 0.1919 0.7762 0.6006
vn -0.4680 -0.5093 0.7222
vn -0.3687 0.7383 0.5648
vn -0.0576 0.7897 0.6108
vn -0.3701 0.4123 0.8325
vn -0.6134 -0.7678 0.1850
vn -0.1890 -0.9643 -0.1856
vn -0.9383 0.1295 0.3208
vn -0.7366 -0.6722 -0.0751
vn -0.0080 -0.9218 -0.3876
vn -0.9589 -0.2661 0.0986
vn -0.9357 0.2665 0.2311
vn -0.9106 0.3573 0.2079
vn -0.9541 0.1944 0.2280
vn -0.5977 0.6671 0.4446
vn -0.6760 0.6360 0.3723
vn -0.8681 0.4147 0.2730
vn -0.8035 0.4999 0.3232
vn -0.9324 0.3083 0.1888
vn -0.7861 0.4974 0.3669
vn -0.9013 0.3858 0.1970
vn -0.8168 0.4980 0.2914
vn -0.7495 0.5784 0.3219
vn -0.9241 0.3725 0.0849
vn -0.9406 0.3365 0.0443
vn -0.8641 0.4746 0.1677
vn -0.7354 0.6582 0.1611
vn -0.6841 0.6905 0.2350
vn -0.6380 0.7689 -0.0412
vn -0.9365 0.3449 -0.0632
vn -0.9690 0.2229 -0.1069
vn -0.5731 0.8195 -0.0012
vn -0.3298 0.9419 -0.0634
vn -0.7351 0.6759 0.0533
vn -0.8704 0.4921 0.0170
vn -0.5973 0.8008 -0.0432
vn -0.7190 0.6829 -0.1291
vn -0.8385 0.5224 -0.1553
vn -0.4429 0.8953 -0.0483
vn -0.5423 0.8109 -0.2198
vn -0.2789 0.9370 -0.2103
vn -0.0411 0.9790 -0.1996
vn -0.6501 0.7175 -0.2502
vn -0.5010 0.8138 -0.2946
vn -0.1964 0.9119 -0.3604
vn -0.0707 0.9344 -0.3491
vn -0.0310 0.8629 -0.5044
vn -0.6409 0.6911 -0.3342
vn -0.1969 0.8379 -0.5090
vn -0.4485 0.7900 -0.4181
vn -0.2051 0.7745 -0.5985
vn -0.0861 0.7778 -0.6226
vn -0.4135 0.7088 -0.5715
vn -0.6028 0.6216 -0.5003
vn -0.2345 0.6863 -0.6885
vn -0.0791 0.6776 -0.7312
vn -0.4223 0.6406 -0.6413
vn -0.5841 0.5445 -0.6020
vn -0.7647 0.4689 -0.4420
vn -0.8264 0.5009 -0.2572
vn -0.9523 0.2565 -0.1652
vn -0.9817 0.1127 -0.1536
vn -0.9252 0.2485 -0.2869
vn -0.9683 0.0671 -0.2405
vn -0.7284 0.4353 -0.5292
vn -0.8599 0.2606 -0.4389
vn -0.9222 -0.0170 -0.3863
vn -0.5767 0.4666 -0.6706
vn -0.7925 0.1028 -0.6012
vn -0.8296 -0.1921 -0.5242
vn -0.6423 0.4157 -0.6439
vn -0.6973 -0.0499 -0.7151
vn -0.7215 -0.1799 -0.6687
vn -0.5730 0.2566 -0.7783
vn -0.4833 0.3960 -0.7808
vn -0.4198 0.5365 -0.7321
vn -0.1959 0.5481 -0.8132
vn -0.0787 0.5150 -0.8536
vn -0.3001 0.4113 -0.8607
vn -0.1380 0.3985 -0.9067
vn -0.0720 0.3637 -0.9287
vn -0.3788 0.2631 -0.8873
vn -0.1657 0.2985 -0.9399
vn -0.0674 0.2767 -0.9586
vn -0.0502 0.2627 -0.9636
vn -0.5136 0.1188 -0.8498
vn -0.2501 0.1987 -0.9476
vn -0.0860 0.2321 -0.9689
vn -0.0607 0.2354 -0.9700
vn -0.0958 0.2414 -0.9657
vn -0.0884 0.2211 -0.9712
vn -0.0583 0.2327 -0.9708
vn -0.0528 0.2087 -0.9766
vn -0.0728 0.2192 -0.9730
vn -0.0458 0.1940 -0.9799
vn -0.0245 0.0795 -0.9965
vn -0.1591 0.1947 -0.9679
vn -0.0319 0.0342 -0.9989
vn -0.0128 -0.0923 -0.9957
vn -0.0161 -0.0908 -0.9957
vn -0.0908 0.1656 -0.9820
vn -0.1107 0.0041 -0.9938
vn -0.1205 -0.0652 -0.9906
vn -0.2816 -0.0845 -0.9558
vn -0.2643 0.0192 -0.9642
vn -0.4209 -0.0951 -0.9021
vn -0.1667 0.1302 -0.9774
vn -0.3711 -0.0138 -0.9285
vn -0.5448 -0.0789 -0.8348
vn -0.2739 0.1055 -0.9560
vn -0.5401 -0.0264 -0.8412
vn -0.6907 -0.1657 -0.7038
vn -0.4026 0.1388 -0.9048
vn -0.6373 -0.0730 -0.7671
vn -0.6127 -0.1831 0.7688
vn -0.3431 0.5177 0.7838
vn -0.5296 0.4033 0.7462
vn -0.2195 0.7754 0.5921
vn -0.3602 -0.2089 0.9092
vn -0.4342 -0.7766 0.4564
vn 0.3441 0.7435 0.5734
vn -0.1113 -0.7782 0.6180
vn -0.2538 -0.9508 0.1775
vn 0.3959 0.4303 0.8112
vn 0.3114 -0.1146 0.9433
vn 0.2224 -0.9526 0.2075
vn 0.3478 -0.9362 -0.0513
vn 0.5213 -0.4954 0.6949
vn 0.8154 -0.5537 0.1689
vn 0.6574 -0.6379 0.4011
vn 0.9699 -0.2235 0.0966
vn 0.8972 -0.0716 0.4358
vn 0.9722 0.1366 0.1902
vn 0.8449 0.3474 0.4069
vn 0.9370 0.2994 0.1799
vn 0.9472 0.2197 0.2334
vn 0.8172 0.5012 0.2846
vn 0.8217 0.5122 0.2498
vn 0.4391 0.7509 0.4932
vn 0.5803 0.6970 0.4213
vn 0.8055 0.5190 0.2860
vn 0.7570 0.5401 0.3677
vn 0.8866 0.3880 0.2517
vn 0.9115 0.3381 0.2341
vn 0.8025 0.4891 0.3417
vn 0.7521 0.5460 0.3692
vn 0.8353 0.5057 0.2158
vn 0.9186 0.3902 0.0625
vn 0.7559 0.5831 0.2977
vn 0.7015 0.6907 0.1754
vn 0.8677 0.4964 0.0246
vn 0.9349 0.3538 -0.0263
vn 0.6428 0.7420 0.1904
vn 0.5693 0.8222 -0.0043
vn 0.7332 0.6723 0.1024
vn 0.8595 0.5047 -0.0809
vn 0.9295 0.3071 -0.2043
vn 0.7263 0.6836 -0.0720
vn 0.5697 0.8195 0.0624
vn 0.4393 0.8983 0.0009
vn 0.3548 0.9189 -0.1726
vn 0.4933 0.8622 -0.1154
vn 0.3357 0.9292 -0.1544
vn 0.2415 0.9325 -0.2684
vn 0.1264 0.9646 -0.2314
vn 0.1702 0.9099 -0.3782
vn 0.4436 0.8645 -0.2365
vn 0.6880 0.7087 -0.1561
vn 0.2352 0.8631 -0.4470
vn 0.2249 0.8095 -0.5424
vn 0.8124 0.5202 -0.2633
vn 0.6285 0.7175 -0.3004
vn 0.3580 0.8420 -0.4037
vn 0.6314 0.6188 -0.4674
vn 0.7970 0.4243 -0.4298
vn 0.8602 0.3511 -0.3700
vn 0.3473 0.7943 -0.4986
vn 0.7226 0.4423 -0.5313
vn 0.7681 0.3302 -0.5487
vn 0.6481 0.5125 -0.5633
vn 0.3925 0.6964 -0.6008
vn 0.1834 0.8217 -0.5395
vn 0.2106 0.7796 -0.5898
vn 0.2916 0.7635 -0.5762
vn 0.4148 0.6076 -0.6773
vn 0.2256 0.6776 -0.7000
vn 0.3030 0.6062 -0.7353
vn 0.6049 0.4372 -0.6655
vn 0.3344 0.4601 -0.8225
vn 0.1975 0.5211 -0.8303
vn 0.2398 0.5157 -0.8225
vn 0.6587 0.3134 -0.6840
vn 0.6854 0.1207 -0.7181
vn 0.5265 0.3126 -0.7906
vn 0.6186 0.1512 -0.7710
vn 0.6644 0.0244 -0.7470
vn 0.3043 0.2996 -0.9042
vn 0.4405 0.2173 -0.8711
vn 0.5767 0.0642 -0.8144
vn 0.5857 0.0027 -0.8105
vn 0.4477 0.0699 -0.8915
vn 0.5100 -0.0018 -0.8602
vn 0.4000 0.0815 -0.9129
vn 0.4241 0.0371 -0.9049
vn 0.2908 0.0707 -0.9542
vn 0.2409 0.1747 -0.9547
vn 0.1995 0.1063 -0.9741
vn 0.1721 0.2312 -0.9576
vn 0.2099 0.3976 -0.8932
vn 0.1731 0.4067 -0.8970
usemtl Skin3_Mat_wings
s 1
f 3359/3359/3105 3360/3360/3106 3361/3361/3107
f 3362/3362/3108 3360/3360/3106 3359/3359/3105
f 3363/3363/3109 3361/3361/3107 3360/3360/3106
f 3360/3360/3106 3362/3362/3108 3364/3364/3110
f 3365/3365/3111 3364/3364/3110 3362/3362/3108
f 3366/3366/3112 3363/3363/3109 3360/3360/3106
f 3367/3367/3113 3364/3364/3110 3365/3365/3111
f 3368/3368/3114 3367/3367/3113 3365/3365/3111
f 3360/3360/3106 3369/3369/3115 3366/3366/3112
f 3364/3364/3110 3367/3367/3113 3369/3369/3115
f 3369/3369/3115 3360/3360/3106 3364/3364/3110
f 3370/3370/3116 3363/3363/3109 3366/3366/3112
f 3363/3363/3109 3370/3370/3116 3371/3371/3117
f 3366/3366/3112 3372/3372/3118 3370/3370/3116
f 3369/3369/3115 3367/3367/3113 3372/3372/3118
f 3369/3369/3115 3372/3372/3118 3366/3366/3112
f 3372/3372/3118 3373/3373/3119 3370/3370/3116
f 3370/3370/3116 3373/3373/3119 3371/3371/3117
f 3374/3374/3120 3371/3371/3117 3373/3373/3119
f 3375/3375/3121 3374/3374/3120 3373/3373/3119
f 3376/3376/3122 3375/3375/3121 3373/3373/3119
f 3367/3367/3113 3376/3376/3122 3372/3372/3118
f 3373/3373/3119 3372/3372/3118 3376/3376/3122
f 3375/3375/3121 3376/3376/3122 3377/3377/3123
f 3377/3377/3123 3378/3378/3124 3375/3375/3121
f 3379/3379/3125 3376/3376/3122 3367/3367/3113
f 3379/3379/3125 3377/3377/3123 3376/3376/3122
f 3367/3367/3113 3368/3368/3114 3379/3379/3125
f 3380/3380/3126 3377/3377/3123 3379/3379/3125
f 3368/3368/3114 3380/3380/3126 3379/3379/3125
f 3381/3381/3127 3377/3377/3123 3380/3380/3126
f 3378/3378/3124 3377/3377/3123 3381/3381/3127
f 3380/3380/3126 3382/3382/3128 3381/3381/3127
f 3381/3381/3127 3383/3383/3129 3378/3378/3124
f 3384/3384/3130 3381/3381/3127 3382/3382/3128
f 3383/3383/3129 3381/3381/3127 3385/3385/3131
f 3386/3386/3132 3385/3385/3131 3381/3381/3127
f 3386/3386/3132 3381/3381/3127 3384/3384/3130
f 3384/3384/3130 3387/3387/3133 3386/3386/3132
f 3388/3388/3134 3383/3383/3129 3385/3385/3131
f 3383/3383/3129 3388/3388/3134 3389/3389/3135
f 3390/3390/3136 3388/3388/3134 3385/3385/3131
f 3385/3385/3131 3386/3386/3132 3390/3390/3136
f 3390/3390/3136 3386/3386/3132 3391/3391/3137
f 3391/3391/3137 3386/3386/3132 3387/3387/3133
f 3391/3391/3137 3387/3387/3133 3392/3392/3138
f 3391/3391/3137 3392/3392/3138 3393/3393/3139
f 3388/3388/3134 3394/3394/3140 3389/3389/3135
f 3389/3389/3135 3394/3394/3140 3395/3395/3141
f 3396/3396/3142 3391/3391/3137 3393/3393/3139
f 3396/3396/3142 3393/3393/3139 3397/3397/3143
f 3396/3396/3142 3398/3398/3144 3391/3391/3137
f 3391/3391/3137 3398/3398/3144 3390/3390/3136
f 3388/3388/3134 3390/3390/3136 3399/3399/3145
f 3398/3398/3144 3399/3399/3145 3390/3390/3136
f 3399/3399/3145 3394/3394/3140 3388/3388/3134
f 3400/3400/3146 3398/3398/3144 3396/3396/3142
f 3401/3401/3147 3398/3398/3144 3400/3400/3146
f 3399/3399/3145 3398/3398/3144 3401/3401/3147
f 3394/3394/3140 3399/3399/3145 3402/3402/3148
f 3399/3399/3145 3401/3401/3147 3402/3402/3148
f 3403/3403/3149 3396/3396/3142 3397/3397/3143
f 3403/3403/3149 3400/3400/3146 3396/3396/3142
f 3403/3403/3149 3404/3404/3150 3400/3400/3146
f 3400/3400/3146 3404/3404/3150 3401/3401/3147
f 3404/3404/3150 3403/3403/3149 3405/3405/3151
f 3397/3397/3143 3405/3405/3151 3403/3403/3149
f 3405/3405/3151 3397/3397/3143 3406/3406/3152
f 3401/3401/3147 3407/3407/3153 3402/3402/3148
f 3404/3404/3150 3407/3407/3153 3401/3401/3147
f 3407/3407/3153 3404/3404/3150 3408/3408/3154
f 3405/3405/3151 3408/3408/3154 3404/3404/3150
f 3408/3408/3154 3405/3405/3151 3409/3409/3155
f 3406/3406/3152 3409/3409/3155 3405/3405/3151
f 3409/3409/3155 3406/3406/3152 3410/3410/3156
f 3410/3410/3156 3411/3411/3157 3409/3409/3155
f 3408/3408/3154 3412/3412/3158 3407/3407/3153
f 3409/3409/3155 3411/3411/3157 3413/3413/3159
f 3414/3414/3160 3409/3409/3155 3413/3413/3159
f 3408/3408/3154 3414/3414/3160 3412/3412/3158
f 3409/3409/3155 3414/3414/3160 3408/3408/3154
f 3411/3411/3157 3415/3415/3161 3413/3413/3159
f 3415/3415/3161 3411/3411/3157 3416/3416/3162
f 3413/3413/3159 3415/3415/3161 3417/3417/3163
f 3413/3413/3159 3417/3417/3163 3414/3414/3160
f 3418/3418/3164 3414/3414/3160 3417/3417/3163
f 3414/3414/3160 3418/3418/3164 3412/3412/3158
f 3415/3415/3161 3416/3416/3162 3419/3419/3165
f 3416/3416/3162 3420/3420/3166 3419/3419/3165
f 3415/3415/3161 3419/3419/3165 3421/3421/3167
f 3417/3417/3163 3415/3415/3161 3421/3421/3167
f 3417/3417/3163 3421/3421/3167 3422/3422/3168
f 3418/3418/3164 3417/3417/3163 3422/3422/3168
f 3422/3422/3168 3423/3423/3169 3418/3418/3164
f 3412/3412/3158 3418/3418/3164 3423/3423/3169
f 3424/3424/3170 3407/3407/3153 3412/3412/3158
f 3412/3412/3158 3423/3423/3169 3424/3424/3170
f 3407/3407/3153 3424/3424/3170 3402/3402/3148
f 3402/3402/3148 3425/3425/3171 3394/3394/3140
f 3394/3394/3140 3425/3425/3171 3395/3395/3141
f 3425/3425/3171 3402/3402/3148 3424/3424/3170
f 3425/3425/3171 3426/3426/3172 3395/3395/3141
f 3424/3424/3170 3427/3427/3173 3425/3425/3171
f 3427/3427/3173 3426/3426/3172 3425/3425/3171
f 3424/3424/3170 3423/3423/3169 3427/3427/3173
f 3426/3426/3172 3427/3427/3173 3428/3428/3174
f 3423/3423/3169 3422/3422/3168 3429/3429/3175
f 3429/3429/3175 3427/3427/3173 3423/3423/3169
f 3427/3427/3173 3429/3429/3175 3430/3430/3176
f 3427/3427/3173 3430/3430/3176 3428/3428/3174
f 3428/3428/3174 3430/3430/3176 3431/3431/3177
f 3432/3432/3178 3429/3429/3175 3422/3422/3168
f 3433/3433/3179 3431/3431/3177 3430/3430/3176
f 3431/3431/3177 3433/3433/3179 3434/3434/3180
f 3430/3430/3176 3435/3435/3181 3433/3433/3179
f 3429/3429/3175 3432/3432/3178 3435/3435/3181
f 3435/3435/3181 3430/3430/3176 3429/3429/3175
f 3436/3436/3182 3434/3434/3180 3433/3433/3179
f 3434/3434/3180 3436/3436/3182 3437/3437/3183
f 3433/3433/3179 3438/3438/3184 3436/3436/3182
f 3438/3438/3184 3433/3433/3179 3435/3435/3181
f 3435/3435/3181 3439/3439/3185 3438/3438/3184
f 3439/3439/3185 3435/3435/3181 3432/3432/3178
f 3422/3422/3168 3440/3440/3186 3432/3432/3178
f 3440/3440/3186 3439/3439/3185 3432/3432/3178
f 3440/3440/3186 3422/3422/3168 3421/3421/3167
f 3419/3419/3165 3440/3440/3186 3421/3421/3167
f 3420/3420/3166 3441/3441/3187 3419/3419/3165
f 3440/3440/3186 3419/3419/3165 3441/3441/3187
f 3441/3441/3187 3420/3420/3166 3442/3442/3188
f 3441/3441/3187 3443/3443/3189 3440/3440/3186
f 3439/3439/3185 3440/3440/3186 3443/3443/3189
f 3442/3442/3188 3444/3444/3190 3441/3441/3187
f 3443/3443/3189 3441/3441/3187 3444/3444/3190
f 3444/3444/3190 3442/3442/3188 3445/3445/3191
f 3446/3446/3192 3438/3438/3184 3439/3439/3185
f 3443/3443/3189 3446/3446/3192 3439/3439/3185
f 3446/3446/3192 3443/3443/3189 3447/3447/3193
f 3444/3444/3190 3447/3447/3193 3443/3443/3189
f 3447/3447/3193 3444/3444/3190 3448/3448/3194
f 3445/3445/3191 3448/3448/3194 3444/3444/3190
f 3449/3449/3195 3448/3448/3194 3445/3445/3191
f 3450/3450/3196 3436/3436/3182 3438/3438/3184
f 3438/3438/3184 3446/3446/3192 3450/3450/3196
f 3451/3451/3197 3450/3450/3196 3446/3446/3192
f 3447/3447/3193 3451/3451/3197 3446/3446/3192
f 3451/3451/3197 3447/3447/3193 3452/3452/3198
f 3452/3452/3198 3447/3447/3193 3448/3448/3194
f 3449/3449/3195 3453/3453/3199 3448/3448/3194
f 3448/3448/3194 3453/3453/3199 3452/3452/3198
f 3453/3453/3199 3449/3449/3195 3454/3454/3200
f 3455/3455/3201 3453/3453/3199 3454/3454/3200
f 3453/3453/3199 3455/3455/3201 3456/3456/3202
f 3457/3457/3203 3456/3456/3202 3455/3455/3201
f 3458/3458/3204 3453/3453/3199 3456/3456/3202
f 3453/3453/3199 3458/3458/3204 3452/3452/3198
f 3456/3456/3202 3457/3457/3203 3459/3459/3205
f 3459/3459/3205 3458/3458/3204 3456/3456/3202
f 3457/3457/3203 3460/3460/3206 3459/3459/3205
f 3452/3452/3198 3461/3461/3207 3451/3451/3197
f 3461/3461/3207 3452/3452/3198 3458/3458/3204
f 3462/3462/3208 3459/3459/3205 3460/3460/3206
f 3463/3463/3209 3462/3462/3208 3460/3460/3206
f 3464/3464/3210 3462/3462/3208 3463/3463/3209
f 3462/3462/3208 3465/3465/3211 3459/3459/3205
f 3458/3458/3204 3459/3459/3205 3465/3465/3211
f 3465/3465/3211 3462/3462/3208 3466/3466/3212
f 3464/3464/3210 3466/3466/3212 3462/3462/3208
f 3466/3466/3212 3464/3464/3210 3467/3467/3213
f 3468/3468/3214 3466/3466/3212 3467/3467/3213
f 3466/3466/3212 3469/3469/3215 3465/3465/3211
f 3466/3466/3212 3468/3468/3214 3469/3469/3215
f 3470/3470/3216 3469/3469/3215 3468/3468/3214
f 3458/3458/3204 3465/3465/3211 3471/3471/3217
f 3469/3469/3215 3471/3471/3217 3465/3465/3211
f 3471/3471/3217 3461/3461/3207 3458/3458/3204
f 3469/3469/3215 3472/3472/3218 3471/3471/3217
f 3469/3469/3215 3470/3470/3216 3472/3472/3218
f 3472/3472/3218 3470/3470/3216 3473/3473/3219
f 3474/3474/3220 3471/3471/3217 3472/3472/3218
f 3471/3471/3217 3474/3474/3220 3461/3461/3207
f 3475/3475/3221 3472/3472/3218 3473/3473/3219
f 3475/3475/3221 3474/3474/3220 3472/3472/3218
f 3476/3476/3222 3475/3475/3221 3473/3473/3219
f 3474/3474/3220 3475/3475/3221 3477/3477/3223
f 3461/3461/3207 3477/3477/3223 3451/3451/3197
f 3450/3450/3196 3451/3451/3197 3477/3477/3223
f 3477/3477/3223 3461/3461/3207 3474/3474/3220
f 3475/3475/3221 3476/3476/3222 3478/3478/3224
f 3478/3478/3224 3477/3477/3223 3475/3475/3221
f 3477/3477/3223 3478/3478/3224 3450/3450/3196
f 3476/3476/3222 3437/3437/3183 3478/3478/3224
f 3436/3436/3182 3450/3450/3196 3478/3478/3224
f 3436/3436/3182 3478/3478/3224 3437/3437/3183
f 3479/3479/3225 3480/3480/3226 3481/3481/3227
f 3482/3482/3228 3481/3481/3227 3480/3480/3226
f 3480/3480/3226 3479/3479/3225 3483/3483/3229
f 3484/3484/3230 3483/3483/3229 3479/3479/3225
f 3480/3480/3226 3485/3485/3231 3482/3482/3228
f 3483/3483/3229 3484/3484/3230 3486/3486/3232
f 3487/3487/3233 3486/3486/3232 3484/3484/3230
f 3485/3485/3231 3480/3480/3226 3488/3488/3234
f 3483/3483/3229 3488/3488/3234 3480/3480/3226
f 3488/3488/3234 3483/3483/3229 3489/3489/3235
f 3486/3486/3232 3489/3489/3235 3483/3483/3229
f 3486/3486/3232 3487/3487/3233 3490/3490/3236
f 3487/3487/3233 3491/3491/3237 3490/3490/3236
f 3489/3489/3235 3486/3486/3232 3492/3492/3238
f 3490/3490/3236 3491/3491/3237 3493/3493/3239
f 3486/3486/3232 3494/3494/3240 3492/3492/3238
f 3490/3490/3236 3493/3493/3239 3494/3494/3240
f 3486/3486/3232 3490/3490/3236 3494/3494/3240
f 3491/3491/3237 3495/3495/3241 3493/3493/3239
f 3496/3496/3242 3492/3492/3238 3494/3494/3240
f 3492/3492/3238 3496/3496/3242 3489/3489/3235
f 3496/3496/3242 3494/3494/3240 3493/3493/3239
f 3496/3496/3242 3488/3488/3234 3489/3489/3235
f 3497/3497/3243 3496/3496/3242 3493/3493/3239
f 3493/3493/3239 3495/3495/3241 3497/3497/3243
f 3488/3488/3234 3496/3496/3242 3498/3498/3244
f 3497/3497/3243 3498/3498/3244 3496/3496/3242
f 3498/3498/3244 3485/3485/3231 3488/3488/3234
f 3495/3495/3241 3499/3499/3245 3497/3497/3243
f 3500/3500/3246 3499/3499/3245 3495/3495/3241
f 3485/3485/3231 3498/3498/3244 3501/3501/3247
f 3498/3498/3244 3497/3497/3243 3501/3501/3247
f 3502/3502/3248 3497/3497/3243 3499/3499/3245
f 3497/3497/3243 3502/3502/3248 3501/3501/3247
f 3501/3501/3247 3503/3503/3249 3485/3485/3231
f 3503/3503/3249 3501/3501/3247 3502/3502/3248
f 3503/3503/3249 3482/3482/3228 3485/3485/3231
f 3502/3502/3248 3504/3504/3250 3503/3503/3249
f 3482/3482/3228 3503/3503/3249 3504/3504/3250
f 3499/3499/3245 3505/3505/3251 3502/3502/3248
f 3504/3504/3250 3502/3502/3248 3505/3505/3251
f 3505/3505/3251 3506/3506/3252 3504/3504/3250
f 3500/3500/3246 3507/3507/3253 3499/3499/3245
f 3505/3505/3251 3499/3499/3245 3507/3507/3253
f 3507/3507/3253 3500/3500/3246 3508/3508/3254
f 3509/3509/3255 3505/3505/3251 3507/3507/3253
f 3506/3506/3252 3505/3505/3251 3509/3509/3255
f 3509/3509/3255 3510/3510/3256 3506/3506/3252
f 3507/3507/3253 3511/3511/3257 3509/3509/3255
f 3508/3508/3254 3511/3511/3257 3507/3507/3253
f 3512/3512/3258 3511/3511/3257 3508/3508/3254
f 3511/3511/3257 3513/3513/3259 3509/3509/3255
f 3510/3510/3256 3509/3509/3255 3513/3513/3259
f 3513/3513/3259 3514/3514/3260 3510/3510/3256
f 3511/3511/3257 3512/3512/3258 3515/3515/3261
f 3515/3515/3261 3512/3512/3258 3516/3516/3262
f 3514/3514/3260 3513/3513/3259 3517/3517/3263
f 3511/3511/3257 3517/3517/3263 3513/3513/3259
f 3517/3517/3263 3518/3518/3264 3514/3514/3260
f 3517/3517/3263 3511/3511/3257 3519/3519/3265
f 3511/3511/3257 3515/3515/3261 3519/3519/3265
f 3515/3515/3261 3516/3516/3262 3520/3520/3266
f 3520/3520/3266 3516/3516/3262 3521/3521/3267
f 3522/3522/3268 3519/3519/3265 3515/3515/3261
f 3520/3520/3266 3522/3522/3268 3515/3515/3261
f 3519/3519/3265 3522/3522/3268 3523/3523/3269
f 3523/3523/3269 3517/3517/3263 3519/3519/3265
f 3524/3524/3270 3517/3517/3263 3523/3523/3269
f 3518/3518/3264 3517/3517/3263 3524/3524/3270
f 3524/3524/3270 3525/3525/3271 3518/3518/3264
f 3523/3523/3269 3522/3522/3268 3526/3526/3272
f 3523/3523/3269 3526/3526/3272 3524/3524/3270
f 3526/3526/3272 3527/3527/3273 3524/3524/3270
f 3525/3525/3271 3524/3524/3270 3527/3527/3273
f 3527/3527/3273 3528/3528/3274 3525/3525/3271
f 3529/3529/3275 3525/3525/3271 3528/3528/3274
f 3528/3528/3274 3530/3530/3276 3529/3529/3275
f 3531/3531/3277 3527/3527/3273 3526/3526/3272
f 3527/3527/3273 3531/3531/3277 3528/3528/3274
f 3526/3526/3272 3532/3532/3278 3531/3531/3277
f 3522/3522/3268 3520/3520/3266 3532/3532/3278
f 3522/3522/3268 3532/3532/3278 3526/3526/3272
f 3530/3530/3276 3528/3528/3274 3533/3533/3279
f 3533/3533/3279 3534/3534/3280 3530/3530/3276
f 3520/3520/3266 3535/3535/3281 3532/3532/3278
f 3520/3520/3266 3521/3521/3267 3535/3535/3281
f 3532/3532/3278 3535/3535/3281 3536/3536/3282
f 3536/3536/3282 3531/3531/3277 3532/3532/3278
f 3531/3531/3277 3536/3536/3282 3537/3537/3283
f 3528/3528/3274 3537/3537/3283 3533/3533/3279
f 3537/3537/3283 3528/3528/3274 3531/3531/3277
f 3535/3535/3281 3538/3538/3284 3536/3536/3282
f 3536/3536/3282 3538/3538/3284 3537/3537/3283
f 3538/3538/3284 3535/3535/3281 3539/3539/3285
f 3539/3539/3285 3535/3535/3281 3521/3521/3267
f 3521/3521/3267 3540/3540/3286 3539/3539/3285
f 3537/3537/3283 3538/3538/3284 3541/3541/3287
f 3539/3539/3285 3540/3540/3286 3542/3542/3288
f 3542/3542/3288 3540/3540/3286 3543/3543/3289
f 3539/3539/3285 3544/3544/3290 3538/3538/3284
f 3544/3544/3290 3539/3539/3285 3542/3542/3288
f 3538/3538/3284 3544/3544/3290 3545/3545/3291
f 3545/3545/3291 3541/3541/3287 3538/3538/3284
f 3537/3537/3283 3546/3546/3292 3533/3533/3279
f 3545/3545/3291 3546/3546/3292 3541/3541/3287
f 3534/3534/3280 3533/3533/3279 3546/3546/3292
f 3546/3546/3292 3537/3537/3283 3541/3541/3287
f 3547/3547/3293 3534/3534/3280 3546/3546/3292
f 3546/3546/3292 3545/3545/3291 3547/3547/3293
f 3534/3534/3280 3547/3547/3293 3548/3548/3294
f 3544/3544/3290 3549/3549/3295 3545/3545/3291
f 3549/3549/3295 3547/3547/3293 3545/3545/3291
f 3547/3547/3293 3549/3549/3295 3550/3550/3296
f 3547/3547/3293 3550/3550/3296 3548/3548/3294
f 3548/3548/3294 3550/3550/3296 3551/3551/3297
f 3542/3542/3288 3552/3552/3298 3544/3544/3290
f 3549/3549/3295 3544/3544/3290 3552/3552/3298
f 3549/3549/3295 3552/3552/3298 3553/3553/3299
f 3553/3553/3299 3550/3550/3296 3549/3549/3295
f 3550/3550/3296 3553/3553/3299 3554/3554/3300
f 3554/3554/3300 3551/3551/3297 3550/3550/3296
f 3551/3551/3297 3554/3554/3300 3555/3555/3301
f 3552/3552/3298 3542/3542/3288 3556/3556/3302
f 3543/3543/3289 3556/3556/3302 3542/3542/3288
f 3556/3556/3302 3543/3543/3289 3557/3557/3303
f 3553/3553/3299 3552/3552/3298 3558/3558/3304
f 3552/3552/3298 3556/3556/3302 3558/3558/3304
f 3558/3558/3304 3556/3556/3302 3559/3559/3305
f 3556/3556/3302 3557/3557/3303 3559/3559/3305
f 3557/3557/3303 3560/3560/3306 3559/3559/3305
f 3561/3561/3307 3554/3554/3300 3553/3553/3299
f 3558/3558/3304 3561/3561/3307 3553/3553/3299
f 3561/3561/3307 3558/3558/3304 3562/3562/3308
f 3559/3559/3305 3562/3562/3308 3558/3558/3304
f 3562/3562/3308 3559/3559/3305 3563/3563/3309
f 3559/3559/3305 3560/3560/3306 3563/3563/3309
f 3560/3560/3306 3564/3564/3310 3563/3563/3309
f 3564/3564/3310 3565/3565/3311 3563/3563/3309
f 3565/3565/3311 3561/3561/3307 3562/3562/3308
f 3563/3563/3309 3565/3565/3311 3562/3562/3308
f 3565/3565/3311 3564/3564/3310 3566/3566/3312
f 3561/3561/3307 3565/3565/3311 3567/3567/3313
f 3566/3566/3312 3567/3567/3313 3565/3565/3311
f 3567/3567/3313 3566/3566/3312 3568/3568/3314
f 3569/3569/3315 3567/3567/3313 3568/3568/3314
f 3570/3570/3316 3561/3561/3307 3567/3567/3313
f 3567/3567/3313 3569/3569/3315 3570/3570/3316
f 3571/3571/3317 3570/3570/3316 3569/3569/3315
f 3570/3570/3316 3571/3571/3317 3572/3572/3318
f 3570/3570/3316 3573/3573/3319 3561/3561/3307
f 3572/3572/3318 3573/3573/3319 3570/3570/3316
f 3554/3554/3300 3561/3561/3307 3573/3573/3319
f 3573/3573/3319 3555/3555/3301 3554/3554/3300
f 3555/3555/3301 3573/3573/3319 3574/3574/3320
f 3573/3573/3319 3572/3572/3318 3574/3574/3320
o desirefx_me_3_0002_mesh0.dat-Sk_Rhinoceros_beetle-1_mesh0002
v -0.704638 -0.291959 0.041495
v -0.834425 -0.258604 0.020633
v -0.849940 -0.405407 -0.117564
v -0.720154 -0.438762 -0.096702
v -0.761837 -0.263108 0.061189
v -0.641349 -0.406419 -0.094461
v -0.626727 -0.274371 0.057985
v -0.776459 -0.395157 -0.091257
v -0.290474 -0.367961 -0.756393
v -0.345736 -0.487971 -0.766725
v -0.303756 -0.366696 -0.849020
v -0.310968 -0.503539 -0.852135
v -0.328032 -0.399930 -0.701812
v -0.385756 -0.468320 -0.778857
v -0.290406 -0.387762 -0.798396
v -0.416245 -0.504426 -0.685771
v -0.223042 -0.323426 -0.875981
v -0.278304 -0.443436 -0.886313
v -0.236324 -0.322161 -0.968608
v -0.243536 -0.459004 -0.971722
v -0.260601 -0.355395 -0.821400
v -0.318324 -0.423784 -0.898445
v -0.222974 -0.343227 -0.917984
v -0.348813 -0.459891 -0.805359
v -0.188283 -0.267342 -0.938919
v -0.256707 -0.413115 -0.994040
v -0.172204 -0.281836 -1.087779
v -0.253323 -0.429320 -0.844486
v -0.168962 -0.236615 -1.038543
v -0.190722 -0.419427 -0.987623
v -0.214633 -0.281714 -1.157176
v -0.162438 -0.466506 -1.110719
v -0.260601 -0.267480 -1.048419
v -0.318324 -0.335870 -1.125464
v -0.222974 -0.255313 -1.145003
v -0.348813 -0.371977 -1.032378
v -0.405519 -0.410993 -0.729927
v -0.561022 -0.545657 -0.807188
v -0.444041 -0.540606 -0.873965
v -0.486104 -0.478009 -0.645024
v -0.639730 -0.260800 0.209182
v -0.610838 -0.292832 0.142853
v -0.586673 -0.228714 0.249963
v -0.501472 -0.269492 0.179013
v -0.587043 -0.257105 0.216396
v -0.693160 -0.270048 0.175074
v -0.664248 -0.308311 0.112326
v -0.558131 -0.295368 0.153648
v -0.540616 -0.284513 0.005573
v -0.425179 -0.335824 -0.107177
v -0.462739 -0.260587 0.027811
v -0.552500 -0.334336 -0.092307
v -0.610186 -0.283555 -0.006740
v -0.497616 -0.350332 -0.108468
v -0.485977 -0.294408 -0.014409
v -0.621824 -0.339479 -0.100799
v -0.449768 -0.361759 0.110556
v -0.492278 -0.240092 0.058413
v -0.504362 -0.307544 0.145063
v -0.462375 -0.251572 0.004026
v -0.468292 -0.272972 0.056883
v -0.536761 -0.290461 0.175957
v -0.474948 -0.336646 0.146389
v -0.530102 -0.226787 0.086451
v -0.488580 -0.390829 0.217018
v -0.576145 -0.250246 0.119329
v -0.592839 -0.343504 0.239202
v -0.514503 -0.252489 0.057556
v -0.543595 -0.368744 0.253910
v -0.639524 -0.249247 0.143024
v -0.651912 -0.335150 0.268054
v -0.531208 -0.282840 0.128881
v -0.499185 -0.174569 0.168924
v -0.513314 -0.387321 0.121346
v -0.484940 -0.167212 0.066881
v -0.537581 -0.313040 0.244627
v -0.490529 -0.228201 0.126510
v -0.533695 -0.155984 0.242167
v -0.560004 -0.295071 0.320792
v -0.516838 -0.367289 0.205136
v -0.756602 -0.224172 0.049143
v -0.918871 -0.358146 -0.141176
v -0.773559 -0.437269 -0.097823
v -0.933125 -0.209457 0.053328
v -0.793068 -0.371831 0.116753
v -1.013711 -0.348324 0.126440
v -1.018240 -0.279529 -0.109920
v -0.797597 -0.303036 -0.119607
v -0.892555 -0.382935 0.153587
v -0.671346 -0.285831 -0.078619
v -0.760024 -0.387537 0.242067
v -0.897563 -0.294525 -0.076815
v -0.692074 -0.354587 0.232918
v -0.872947 -0.330636 0.213256
v -0.848377 -0.299866 0.009260
v -0.667505 -0.323817 0.028922
v -0.567780 -0.309261 0.074558
v -0.778011 -0.357509 0.253578
v -0.753680 -0.310935 0.051916
v -0.679147 -0.355448 0.341826
v -0.774957 -0.339178 0.065319
v -0.676610 -0.315712 -0.105868
v -0.623674 -0.254359 0.121251
v -0.525326 -0.308366 -0.050223
v -0.466105 -0.233701 -0.010380
v -0.703746 -0.291516 0.126577
v -0.611838 -0.343275 -0.053153
v -0.659475 -0.195688 0.206719
v -0.872094 -0.309213 0.079208
v -0.668247 -0.396986 -0.085031
v -0.692667 -0.331460 0.110609
v -0.847676 -0.374739 -0.116432
v -0.778444 -0.320166 0.128914
v -0.567465 -0.368862 -0.049099
v -0.678836 -0.283995 0.208510
v -0.753362 -0.370537 -0.071741
v -0.689197 -0.371831 0.116753
v -0.909841 -0.348324 0.126440
v -0.914369 -0.279529 -0.109920
v -0.693726 -0.303036 -0.119607
v -0.788682 -0.382935 0.153587
v -0.567475 -0.285831 -0.078619
v -0.656152 -0.387537 0.242067
v -0.793691 -0.294525 -0.076815
v -0.419337 -0.369222 -0.347014
v -0.552985 -0.502095 -0.332252
v -0.385168 -0.380544 -0.483414
v -0.518816 -0.551633 -0.468793
v -0.514699 -0.518957 -0.509314
v -0.570925 -0.401899 -0.306493
v -0.648823 -0.503084 -0.445880
v -0.436800 -0.417772 -0.369927
v -0.389215 -0.387906 -0.456364
v -0.473910 -0.500816 -0.489316
v -0.323221 -0.388017 -0.625603
v -0.407917 -0.500927 -0.658555
v -0.385252 -0.401992 -0.511579
v -0.552902 -0.509044 -0.495157
v -0.426033 -0.463505 -0.593048
v -0.512121 -0.447531 -0.413687
v -0.349041 -0.233932 -0.336452
v -0.278193 -0.564968 -0.672069
v -0.316152 -0.288096 -0.714985
v -0.311080 -0.510803 -0.293536
v -0.408355 -0.302487 -0.235627
v -0.436429 -0.431446 -0.243655
v -0.302926 -0.315811 -0.390290
v -0.330998 -0.444770 -0.398318
v -0.533860 -0.209164 0.045081
v -0.468988 -0.369326 0.019008
v -0.405838 -0.244048 -0.038820
v -0.548232 -0.400395 0.102663
v -0.475240 -0.452620 -0.058633
v -0.447896 -0.179366 -0.030931
v -0.506172 -0.465077 0.094775
v -0.478828 -0.191823 0.122477
v -0.398361 -0.240839 0.009666
v -0.614187 -0.339311 -0.082313
v -0.472223 -0.337597 -0.149313
v -0.540327 -0.242553 0.076666
v -0.409317 -0.224084 -0.071768
v -0.603231 -0.386249 -0.100707
v -0.486695 -0.355661 -0.201351
v -0.525856 -0.254672 0.028877
v -0.319937 -0.367683 -0.629144
v -0.453619 -0.394653 -0.609746
v -0.411689 -0.522798 -0.559420
v -0.278007 -0.539439 -0.578979
v -0.453619 -0.394284 -0.709287
v -0.411689 -0.566041 -0.659122
v -0.319937 -0.367314 -0.728685
v -0.278007 -0.539071 -0.678520
v -0.255641 -0.531821 -0.800315
v -0.376123 -0.401534 -0.587493
v -0.312500 -0.573040 -0.605182
v -0.319267 -0.360316 -0.782626
v -0.343206 -0.445437 -0.569183
v -0.173234 -0.576733 -0.589691
v -0.311733 -0.368925 -0.798162
v -0.141758 -0.500221 -0.818670
v -2.091681 -0.378015 -3.496599
v -2.089641 -0.356387 -3.266377
v -2.093642 -0.249149 -3.399918
v -2.087679 -0.485254 -3.363060
v -2.109514 -0.332789 -3.187309
v -2.113517 -0.250188 -3.421629
v -2.107553 -0.484583 -3.241616
v -2.111555 -0.401983 -3.475936
v 0.137612 -0.466083 -3.237891
v 0.144772 -0.366719 -3.413256
v 0.204334 -0.266697 -3.353477
v 0.197172 -0.366062 -3.178113
v 0.235391 -0.274975 -2.632758
v 0.233450 -0.434315 -2.641656
v 0.239352 -0.262409 -2.878379
v 0.237410 -0.421749 -2.887277
v 0.235391 -0.274020 -2.890985
v 0.233450 -0.433359 -2.899883
v 0.239352 -0.261453 -3.136607
v 0.237410 -0.420794 -3.145504
v 0.196859 -0.312516 -3.436191
v 0.071332 -0.377124 -3.583505
v 0.162997 -0.335247 -3.622175
v 0.133085 -0.370817 -3.419269
v 0.196859 -0.312759 -3.370334
v 0.071332 -0.377367 -3.517649
v 0.162997 -0.335491 -3.556319
v 0.133085 -0.371060 -3.353413
v -2.076047 -0.348922 -3.465313
v -2.019552 -0.385815 -3.628228
v -1.999359 -0.385404 -3.434690
v -1.923051 -0.428719 -3.586506
v -2.105186 -0.320006 -3.396555
v -1.980065 -0.394778 -3.539337
v -2.059659 -0.394111 -3.382840
v -2.053451 -0.326666 -3.579674
v -2.139010 -0.322066 -3.221978
v -2.082515 -0.358959 -3.384893
v -2.062322 -0.358548 -3.191355
v -1.986014 -0.401863 -3.343171
v 0.154175 -0.307734 -3.493622
v 0.062017 -0.425179 -3.632713
v 0.134517 -0.358063 -3.676198
v 0.114012 -0.382602 -3.470508
v 0.113225 -0.401698 -3.343321
v 0.105315 -0.361136 -3.533471
v 0.188716 -0.366558 -3.378200
v 0.011158 -0.403143 -3.485894
v 0.217138 -0.280879 -3.250286
v 0.124980 -0.398323 -3.389378
v 0.197480 -0.331207 -3.432862
v 0.176975 -0.355746 -3.227173
v -0.936806 -0.467763 -0.720405
v -0.646387 -0.669663 -1.021079
v -0.575610 -0.519897 -0.801136
v -1.007582 -0.617528 -0.940348
v -0.925353 -0.425627 -0.611906
v -0.653459 -0.640059 -0.920537
v -0.670594 -0.456713 -0.582162
v -0.908217 -0.608974 -0.950281
v -0.603858 -0.451841 -0.552662
v -0.961997 -0.372679 -0.624558
v -0.979335 -0.596243 -0.784346
v -0.621197 -0.675404 -0.712450
v -0.334668 -0.617746 -1.372066
v -0.797975 -0.699621 -1.285863
v -0.841322 -0.859148 -1.670360
v -0.378017 -0.777273 -1.756564
v -0.883332 1.181365 -1.827675
v -1.061743 1.322978 -2.183992
v -1.087183 1.188008 -1.840151
v -0.857893 1.316336 -2.171517
v -0.551397 1.061093 -1.795655
v -0.205712 0.881876 -1.979718
v -0.328262 0.997364 -2.095472
v -0.428847 0.945605 -1.679901
v -0.183937 0.692433 -1.651478
v -0.389574 0.977884 -1.957789
v -0.477138 0.936662 -1.716032
v -0.096371 0.733655 -1.893235
v 0.074504 -0.178610 -1.884637
v -0.029552 -0.590937 -1.876148
v 0.218636 -0.222080 -2.229239
v 0.114578 -0.634406 -2.220748
v 0.010357 -0.490682 -2.320008
v -0.126338 -0.651476 -2.814395
v 0.100338 -0.454288 -2.808819
v -0.216320 -0.772580 -2.382723
v -0.107666 -0.672419 -1.837209
v -0.066741 -0.595401 -2.307507
v 0.087044 -0.298274 -2.245465
v 0.046118 -0.375292 -1.775167
v -0.129759 -0.786147 -2.178977
v -0.030571 -0.596479 -2.606732
v 0.109137 -0.326144 -2.454469
v 0.009948 -0.515812 -2.026714
v 0.085713 -0.644916 -2.796225
v 0.169625 -0.244341 -2.680412
v 0.051645 -0.742327 -2.434613
v 0.135556 -0.341753 -2.318800
v -0.133334 -0.184630 -2.197966
v 0.187385 -0.569741 -2.428578
v 0.193269 -0.161265 -2.270495
v -0.139219 -0.593106 -2.356049
v -0.297610 -0.319982 -1.666989
v 0.012456 -0.543927 -1.831985
v 0.028315 -0.312953 -1.745729
v -0.313468 -0.550956 -1.753244
v -0.068151 -0.485844 -2.128968
v 0.067525 -0.376657 -1.750569
v 0.005167 -0.604209 -1.823861
v -0.005793 -0.258292 -2.055676
v 0.184242 -0.216901 -2.025965
v 0.113864 -0.633959 -2.070940
v 0.190940 -0.177705 -2.399906
v 0.120560 -0.594763 -2.444882
v -0.007750 -0.079898 -1.489831
v -0.138973 -0.408189 -1.513764
v -0.059509 -0.187048 -1.668985
v -0.087214 -0.301039 -1.334610
v -0.184536 -0.440022 -1.407863
v -0.106205 -0.212328 -1.243480
v -0.389439 -0.506312 -1.218401
v -0.311107 -0.278618 -1.054019
v 0.126096 -0.477645 -2.121766
v 0.171107 -0.167422 -1.904398
v -0.164627 -0.664487 -1.794908
v -0.119616 -0.354263 -1.577540
v 0.033213 -0.487057 -1.931523
v 0.041863 -0.159335 -1.736493
v -0.257509 -0.673899 -1.604666
v -0.248858 -0.346177 -1.409636
v 0.092438 -0.270780 -1.822068
v -0.154545 -0.300503 -1.354097
v -0.075143 -0.535940 -1.663097
v 0.013036 -0.035343 -1.513069
v 0.235063 -0.270775 -2.999011
v 0.232491 -0.481859 -3.010798
v 0.240311 -0.254128 -3.324397
v 0.237738 -0.465212 -3.336183
v 0.264724 -0.246685 -3.324801
v 0.258962 -0.263333 -2.999416
v 0.112388 -0.427197 -3.010163
v 0.179849 -0.410550 -3.335548
v 0.203121 -0.309601 -2.863454
v 0.095064 -0.492470 -2.879200
v 0.224334 -0.294760 -3.181355
v 0.116276 -0.477629 -3.197102
v 0.196622 -0.505477 -3.103281
v 0.047292 -0.473318 -2.682091
v 0.075680 -0.673915 -2.774385
v 0.168235 -0.304880 -3.010987
v 0.099868 -0.370851 -2.958568
v 0.219530 -0.472708 -3.278450
v 0.121078 -0.356010 -3.276470
v 0.198320 -0.512092 -2.960639
v -0.036350 -0.529989 -2.252869
v -0.274152 -0.877330 -2.290308
v 0.029347 -0.519841 -2.764313
v -0.208452 -0.867183 -2.801752
v 0.281332 -0.252187 -2.694411
v 0.212664 -0.506566 -3.079050
v 0.306639 -0.236460 -3.082075
v 0.187358 -0.522217 -2.711500
v 0.029666 -0.391923 -2.671477
v -0.106265 -0.726710 -2.991919
v 0.093564 -0.365846 -3.067890
v -0.170161 -0.752299 -2.727393
v -0.039113 -0.688919 -1.910036
v 0.142899 -0.565875 -2.446912
v 0.250759 -0.172284 -2.320139
v 0.068748 -0.295328 -1.783263
v 0.190459 -0.248443 -2.343379
v 0.054960 -0.588573 -2.370488
v 0.260864 -0.237179 -2.836607
v 0.125367 -0.577309 -2.863716
v 0.180187 -0.301854 -2.464580
v -0.018759 -0.672852 -2.501709
v 0.223964 -0.273976 -2.977708
v 0.025021 -0.644974 -3.014838
v 0.047232 -0.532950 -1.946402
v -0.181137 -0.219931 -1.186405
v -0.189384 -0.787401 -1.452674
v -0.077403 0.034520 -1.680133
v 0.169798 -0.450774 -2.250066
v 0.152684 -0.142074 -1.765111
v 0.093476 -0.519199 -1.823332
v 0.229007 -0.073648 -2.191845
v -0.033859 -0.633781 -2.624741
v 0.132822 -0.311138 -2.416690
v -0.219121 -0.801153 -2.216756
v -0.052438 -0.478510 -2.008706
v -0.006501 -0.671868 -2.119163
v 0.153351 -0.542070 -2.661476
v 0.281963 -0.155944 -2.531151
v 0.122112 -0.285743 -1.988837
v -0.097481 -0.654342 -1.652158
v -0.388099 -0.400756 -1.146996
v -0.319174 -0.799476 -1.253942
v -0.166409 -0.255621 -1.545212
v 0.037280 -0.595310 -2.037646
v 0.099374 -0.215643 -1.872832
v -0.238200 -0.712232 -1.664516
v -0.176106 -0.332565 -1.499701
v -0.253730 -0.785666 -1.836549
v -0.152379 -0.425562 -1.648882
v -0.475420 -0.930801 -1.438334
v -0.374069 -0.570696 -1.250666
v -0.196837 0.599467 -1.591358
v -0.007482 0.311319 -1.427169
v 0.089645 0.328872 -1.857335
v -0.053514 0.574176 -1.885844
v 0.106967 -0.076713 -1.753207
v -0.095406 0.388785 -1.379740
v -0.088802 0.015160 -1.300977
v 0.100363 0.296911 -1.831970
v 0.194418 -0.152651 -1.915090
v -0.080209 -0.214979 -1.382956
v 0.092798 -0.473304 -1.723452
v 0.021410 0.105674 -1.574593
v 0.278423 -0.138614 -2.225260
v 0.026381 -0.077594 -1.499766
v 0.084800 -0.481865 -1.849140
v -0.019915 0.368917 -1.664042
v -0.670545 1.078356 -1.783573
v -0.935916 1.237885 -2.133587
v -0.988241 1.173384 -1.816689
v -0.618220 1.142856 -2.100472
v -0.505901 1.089888 -1.701264
v -0.731317 1.237934 -2.063967
v -0.806259 1.217552 -1.768683
v -0.430958 1.110271 -1.996548
v -0.333622 0.731940 -1.594505
v -0.122816 0.457924 -1.530157
v 0.044287 0.523660 -1.797668
v -0.166519 0.797676 -1.862016
v -0.451199 1.208005 -2.053211
v -0.354043 0.969455 -1.681812
v -0.202787 1.015072 -1.943088
v -0.602454 1.162388 -1.791935
v 0.235823 -0.288607 -2.209191
v 0.175914 0.063366 -1.959152
v 0.087161 -0.509432 -1.627354
v 0.027250 -0.126593 -1.497361
v -0.051450 -0.661310 -1.663169
v 0.157215 -0.398240 -2.341766
v 0.213969 -0.022611 -2.126623
v 0.005305 -0.150065 -1.447524
v -0.546664 1.136654 -1.771793
v -1.040270 1.317258 -2.039449
v -1.073050 1.170479 -1.830659
v -0.513884 1.283434 -1.980584
v -0.770577 1.319393 -1.992140
v -0.586730 1.086727 -1.736283
v -0.504915 1.293412 -1.863252
v -0.852391 1.112708 -1.865171
v 0.096318 -0.090587 -1.860618
v -0.186749 -0.331948 -1.243577
v 0.008759 -0.567306 -1.541908
v -0.099191 0.144771 -1.562286
v -0.036251 -0.298224 -1.654570
v -0.408415 -0.204523 -1.044785
v -0.201833 -0.559215 -1.163682
v -0.242832 0.056468 -1.535673
v -0.234242 0.711488 -1.460196
v -0.122025 0.546465 -1.411564
v -0.057662 0.524354 -1.635107
v -0.169882 0.689377 -1.683739
v -0.064183 0.438466 -1.461689
v -0.025417 0.598130 -1.648300
v -0.125731 0.581936 -1.403938
v 0.036131 0.454659 -1.706051
v -0.703038 1.174563 -1.776303
v -0.440742 0.954164 -1.846779
v -0.606405 1.110823 -1.976573
v -0.537373 1.017904 -1.646509
v -0.484891 1.260504 -2.011943
v -0.493923 1.002076 -1.638703
v -0.274462 1.061514 -1.847077
v -0.704354 1.201066 -1.803569
v -0.596442 1.117823 -1.721020
v -0.988017 1.321070 -2.111361
v -1.085128 1.188434 -1.915679
v -0.499331 1.250458 -1.916701
v -0.685964 1.221477 -2.053673
v -0.624670 1.103634 -1.772091
v -0.528872 1.217420 -1.985234
v -0.781760 1.107691 -1.840530
v -0.536478 1.191707 -2.008024
v -0.566617 1.002325 -1.767362
v -0.406670 1.103531 -1.939084
v -0.696424 1.090500 -1.836303
v -0.459004 1.105520 -1.968372
v -0.475002 0.960715 -1.697323
v -0.329195 1.017344 -1.899431
v -0.604810 1.048890 -1.766263
v -0.478461 1.021788 -1.696218
v -0.244345 0.892864 -1.848734
v -0.352626 1.006179 -1.918110
v -0.370179 0.908473 -1.626842
v -0.264102 0.769435 -1.552635
v -0.300886 0.932315 -1.811109
v -0.395020 0.876588 -1.580140
v -0.169967 0.825161 -1.783605
v -0.421432 0.861306 -1.600750
v -0.342978 0.718257 -1.653287
v -0.196815 0.856348 -1.811025
v -0.275268 0.999397 -1.758488
v -0.314570 -0.354432 -0.392290
v -0.448252 -0.381402 -0.372892
v -0.417056 -0.509191 -0.335569
v -0.283374 -0.482221 -0.354967
v -0.340637 -0.367126 -0.526654
v -0.377294 -0.337158 -0.325691
v -0.434427 -0.461123 -0.317627
v -0.397772 -0.491091 -0.518590
v -0.308043 -0.345981 -0.601049
v -0.310729 -0.290413 -0.267648
v -0.365623 -0.440484 -0.243078
v -0.362938 -0.496052 -0.576478
v -0.047998 -0.317014 -1.699955
v -0.358043 -0.323849 -1.049610
v -0.292624 -0.661851 -1.302778
v -0.113418 0.020987 -1.446787
v -0.057965 -0.348572 -1.691476
v -0.055408 0.028387 -1.490194
v -0.223547 -0.609564 -1.200588
v -0.220989 -0.232604 -0.999307
v -0.175740 -0.029476 -1.275851
v 0.103549 0.068127 -1.626695
v -0.168936 0.116493 -1.291377
v 0.096746 -0.077842 -1.611169
v -0.139530 -0.187066 -1.396090
v 0.151994 0.033648 -1.702312
v -0.040821 0.142638 -1.468323
v 0.053284 -0.296056 -1.630078
v -0.322855 0.780495 -1.590762
v -0.228048 0.646076 -1.542585
v -0.102757 0.654670 -1.765166
v -0.197566 0.789088 -1.813343
v -0.074481 0.349542 -1.225740
v -0.024014 0.383718 -1.663258
v -0.172527 0.572529 -1.219630
v -0.122059 0.606706 -1.657149
v -0.077663 0.241430 -1.474729
v 0.003093 0.333590 -1.656371
v -0.092127 0.374335 -1.413727
v -0.011372 0.466495 -1.595369
v -0.388822 0.850445 -1.585045
v -0.427642 1.004783 -1.848417
v -0.507309 0.972190 -1.607783
v -0.309154 0.883039 -1.825679
v -0.252901 0.697206 -1.622326
v -0.270461 0.983840 -1.838759
v -0.431324 0.882064 -1.687843
v -0.092037 0.798982 -1.773242
v -0.285547 0.751684 -1.486701
v -0.171643 0.528347 -1.435404
v -0.034672 0.532729 -1.780535
v -0.148577 0.756066 -1.831833
v -0.491231 1.138270 -1.869440
v -0.463428 0.841449 -1.529724
v -0.251941 0.997570 -1.685043
v -0.702718 0.982149 -1.714121
v -0.512414 1.134245 -1.873056
v -0.489574 0.845475 -1.526108
v -0.278706 0.953809 -1.718520
v -0.723284 1.025911 -1.680645
v -0.278934 0.682086 -1.512833
v -0.348727 1.057973 -1.753916
v -0.510034 0.921290 -1.533638
v -0.117626 0.818769 -1.733111
v -1.272192 -0.669663 -1.021079
v -0.981772 -0.467763 -0.720405
v -1.342968 -0.519897 -0.801136
v -0.910996 -0.617528 -0.940348
v -0.993227 -0.425627 -0.611906
v -1.265121 -0.640059 -0.920537
v -1.010361 -0.608974 -0.950281
v -1.247986 -0.456713 -0.582162
v -1.314721 -0.451841 -0.552662
v -0.939245 -0.596243 -0.784346
v -0.956583 -0.372679 -0.624558
v -1.297383 -0.675404 -0.712450
v -1.583910 -0.617746 -1.372066
v -1.077255 -0.859148 -1.670360
v -1.120605 -0.699621 -1.285863
v -1.540561 -0.777273 -1.756564
v -1.035247 1.181365 -1.827675
v -0.856836 1.322978 -2.183992
v -1.060687 1.316336 -2.171517
v -0.831396 1.188008 -1.840151
v -1.367182 1.061093 -1.795655
v -1.590317 0.997364 -2.095472
v -1.712867 0.881876 -1.979718
v -1.489733 0.945605 -1.679901
v -1.529006 0.977884 -1.957789
v -1.734643 0.692433 -1.651478
v -1.441442 0.936662 -1.716032
v -1.822206 0.733655 -1.893235
v -2.137216 -0.222080 -2.229239
v -1.889027 -0.590937 -1.876148
v -1.993083 -0.178610 -1.884637
v -2.033157 -0.634406 -2.220748
v -1.928936 -0.490682 -2.320008
v -1.792239 -0.651476 -2.814395
v -1.702260 -0.772580 -2.382723
v -2.018918 -0.454288 -2.808819
v -1.964697 -0.375292 -1.775167
v -2.005622 -0.298274 -2.245465
v -1.810913 -0.672419 -1.837209
v -1.851839 -0.595401 -2.307507
v -1.928527 -0.515812 -2.026714
v -2.027716 -0.326144 -2.454469
v -1.788821 -0.786147 -2.178977
v -1.888008 -0.596479 -2.606732
v -1.970222 -0.742327 -2.434613
v -2.054133 -0.341753 -2.318800
v -2.088203 -0.244341 -2.680412
v -2.004292 -0.644916 -2.796225
v -1.785244 -0.184630 -2.197966
v -2.105963 -0.569741 -2.428578
v -1.779361 -0.593106 -2.356049
v -2.111847 -0.161265 -2.270495
v -1.620970 -0.319982 -1.666989
v -1.931036 -0.543927 -1.831985
v -1.605112 -0.550956 -1.753244
v -1.946893 -0.312953 -1.745729
v -1.986104 -0.376657 -1.750569
v -1.850428 -0.485844 -2.128968
v -1.923746 -0.604209 -1.823861
v -1.912786 -0.258292 -2.055676
v -2.102821 -0.216901 -2.025965
v -2.109518 -0.177705 -2.399906
v -2.032443 -0.633959 -2.070940
v -2.039139 -0.594763 -2.444882
v -1.910830 -0.079898 -1.489831
v -1.859071 -0.187048 -1.668985
v -1.779606 -0.408189 -1.513764
v -1.831363 -0.301039 -1.334610
v -1.734042 -0.440022 -1.407863
v -1.529140 -0.506312 -1.218401
v -1.812375 -0.212328 -1.243480
v -1.607471 -0.278618 -1.054019
v -2.044674 -0.477645 -2.121766
v -1.753953 -0.664487 -1.794908
v -2.089685 -0.167422 -1.904398
v -1.798964 -0.354263 -1.577540
v -1.951792 -0.487057 -1.931523
v -1.661071 -0.673899 -1.604666
v -1.960443 -0.159335 -1.736493
v -1.669720 -0.346177 -1.409636
v -2.011018 -0.270780 -1.822068
v -1.764034 -0.300503 -1.354097
v -1.931615 -0.035343 -1.513069
v -1.843436 -0.535940 -1.663097
v -2.094545 -0.275445 -2.662246
v -2.103848 -0.260843 -2.987639
v -2.033864 -0.477637 -2.674000
v -2.043166 -0.463036 -2.999393
v -2.177541 -0.263333 -2.999416
v -2.183301 -0.246685 -3.324801
v -2.030967 -0.427197 -3.010163
v -2.098428 -0.410550 -3.335548
v -2.121701 -0.309601 -2.863454
v -2.142911 -0.294760 -3.181355
v -2.013644 -0.492470 -2.879200
v -2.034854 -0.477629 -3.197102
v -1.965871 -0.473318 -2.682091
v -2.115201 -0.505477 -3.103281
v -1.994259 -0.673915 -2.774385
v -2.086813 -0.304880 -3.010987
v -2.018445 -0.370851 -2.958568
v -2.138110 -0.472708 -3.278450
v -2.116899 -0.512092 -2.960639
v -2.039657 -0.356010 -3.276470
v -1.882228 -0.529989 -2.252869
v -1.947927 -0.519841 -2.764313
v -1.644428 -0.877330 -2.290308
v -1.710126 -0.867183 -2.801752
v -2.125835 -0.252187 -2.694411
v -2.151143 -0.236460 -3.082075
v -2.031860 -0.522217 -2.711500
v -2.057168 -0.506491 -3.099164
v -1.948246 -0.391923 -2.671477
v -1.812315 -0.726710 -2.991919
v -1.748418 -0.752299 -2.727393
v -2.012143 -0.365846 -3.067890
v -1.987327 -0.295328 -1.783263
v -2.169338 -0.172284 -2.320139
v -1.879467 -0.688919 -1.910036
v -2.061478 -0.565875 -2.446912
v -2.109036 -0.248443 -2.343379
v -2.179443 -0.237179 -2.836607
v -1.973539 -0.588573 -2.370488
v -2.043947 -0.577309 -2.863716
v -2.098765 -0.301854 -2.464580
v -2.142544 -0.273976 -2.977708
v -1.899821 -0.672852 -2.501709
v -1.943599 -0.644974 -3.014838
v -1.965811 -0.532950 -1.946402
v -1.737442 -0.219931 -1.186405
v -1.841177 0.034520 -1.680133
v -1.729193 -0.787401 -1.452674
v -2.071264 -0.142074 -1.765111
v -2.088377 -0.450774 -2.250066
v -2.012053 -0.519199 -1.823332
v -2.147542 -0.073648 -2.191845
v -1.884719 -0.633781 -2.624741
v -1.699457 -0.801153 -2.216756
v -2.051402 -0.311138 -2.416690
v -1.866139 -0.478510 -2.008706
v -2.040690 -0.285743 -1.988837
v -2.200541 -0.155944 -2.531151
v -1.912078 -0.671868 -2.119163
v -2.071929 -0.542070 -2.661476
v -1.530478 -0.400756 -1.146996
v -1.821096 -0.654342 -1.652158
v -1.599406 -0.799476 -1.253942
v -1.752170 -0.255621 -1.545212
v -1.955858 -0.595310 -2.037646
v -1.680378 -0.712232 -1.664516
v -2.017952 -0.215643 -1.872832
v -1.742472 -0.332565 -1.499701
v -1.664850 -0.785666 -1.836549
v -1.443159 -0.930801 -1.438334
v -1.766201 -0.425562 -1.648882
v -1.544509 -0.570696 -1.250666
v -1.721741 0.599467 -1.591358
v -1.961331 0.342100 -1.857286
v -1.911098 0.311319 -1.427169
v -1.865066 0.574176 -1.885844
v -2.018941 0.296911 -1.831970
v -1.829777 0.015160 -1.300977
v -1.823173 0.388785 -1.379740
v -2.025547 -0.156182 -1.735918
v -2.112997 -0.152651 -1.915090
v -1.838371 -0.214979 -1.382956
v -1.939988 0.105674 -1.574593
v -2.011377 -0.473304 -1.723452
v -2.209656 -0.138614 -2.225260
v -1.944960 -0.077594 -1.499766
v -1.898664 0.368917 -1.664042
v -2.003379 -0.481865 -1.849140
v -0.982661 1.237885 -2.133587
v -1.248034 1.078356 -1.783573
v -0.930336 1.173384 -1.816689
v -1.300359 1.142856 -2.100472
v -1.187263 1.237934 -2.063967
v -1.412678 1.089888 -1.701264
v -1.112319 1.217552 -1.768683
v -1.487622 1.110271 -1.996548
v -1.584956 0.731940 -1.594505
v -1.962867 0.523660 -1.797668
v -1.795763 0.457924 -1.530157
v -1.752059 0.797676 -1.862016
v -1.467381 1.208005 -2.053211
v -1.564537 0.969455 -1.681812
v -1.316124 1.162388 -1.791935
v -1.715791 1.015072 -1.943088
v -2.154402 -0.288607 -2.209191
v -2.005740 -0.509432 -1.627354
v -2.094492 0.063366 -1.959152
v -1.945829 -0.126593 -1.497361
v -1.923884 -0.150065 -1.447524
v -2.148799 -0.055086 -2.071039
v -1.867129 -0.661310 -1.663169
v -2.157670 -0.430715 -2.286182
v -1.371915 1.136654 -1.771793
v -0.878309 1.317258 -2.039449
v -1.404696 1.283434 -1.980584
v -0.845529 1.170479 -1.830659
v -1.331850 1.086727 -1.736283
v -1.148000 1.319393 -1.992140
v -1.413664 1.293412 -1.863252
v -1.066188 1.112708 -1.865171
v -2.014897 -0.090587 -1.860618
v -1.731828 -0.331948 -1.243577
v -1.819387 0.144771 -1.562286
v -1.927338 -0.567306 -1.541908
v -1.510164 -0.204523 -1.044785
v -1.882329 -0.298224 -1.654570
v -1.716747 -0.559215 -1.163682
v -1.675746 0.056468 -1.535673
v -1.684336 0.711488 -1.460196
v -1.860915 0.524354 -1.635107
v -1.796555 0.546465 -1.411564
v -1.748698 0.689377 -1.683739
v -1.854396 0.438466 -1.461689
v -1.893162 0.598130 -1.648300
v -1.954710 0.454659 -1.706051
v -1.792847 0.581936 -1.403938
v -1.215542 1.174563 -1.776303
v -1.312172 1.110823 -1.976573
v -1.477838 0.954164 -1.846779
v -1.381207 1.017904 -1.646509
v -1.433687 1.260504 -2.011943
v -1.424654 1.002076 -1.638703
v -1.214226 1.201066 -1.803569
v -1.644116 1.061514 -1.847077
v -0.930562 1.321070 -2.111361
v -1.322138 1.117823 -1.721020
v -0.833452 1.188434 -1.915679
v -1.419249 1.250458 -1.916701
v -1.232615 1.221477 -2.053673
v -1.293910 1.103634 -1.772091
v -1.136817 1.107691 -1.840530
v -1.389707 1.217420 -1.985234
v -1.382101 1.191707 -2.008024
v -1.351963 1.002325 -1.767362
v -1.222153 1.090500 -1.836303
v -1.511909 1.103531 -1.939084
v -1.459574 1.105520 -1.968372
v -1.443578 0.960715 -1.697323
v -1.313769 1.048890 -1.766263
v -1.589384 1.017344 -1.899431
v -1.440119 1.021788 -1.696218
v -1.565953 1.006179 -1.918110
v -1.674233 0.892864 -1.848734
v -1.548399 0.908473 -1.626842
v -1.617692 0.932315 -1.811109
v -1.654476 0.769435 -1.552635
v -1.523557 0.876588 -1.580140
v -1.748611 0.825161 -1.783605
v -1.497148 0.861306 -1.600750
v -1.721764 0.856348 -1.811025
v -1.575599 0.718257 -1.653287
v -1.643312 0.999397 -1.758488
v -1.575372 -0.445437 -0.569183
v -1.606848 -0.368925 -0.798162
v -1.745346 -0.576733 -0.589691
v -1.776820 -0.500221 -0.818670
v -1.542455 -0.401534 -0.587493
v -1.662936 -0.531821 -0.800315
v -1.606080 -0.573040 -0.605182
v -1.599313 -0.360316 -0.782626
v -1.598640 -0.367314 -0.728685
v -1.506891 -0.566041 -0.659122
v -1.464960 -0.394284 -0.709287
v -1.640573 -0.539071 -0.678520
v -1.598640 -0.367683 -0.629144
v -1.506891 -0.522798 -0.559420
v -1.464960 -0.394653 -0.609746
v -1.640573 -0.539439 -0.578979
v -1.604007 -0.354432 -0.392290
v -1.501523 -0.509191 -0.335569
v -1.470326 -0.381402 -0.372892
v -1.635206 -0.482221 -0.354967
v -1.577941 -0.367126 -0.526654
v -1.484152 -0.461123 -0.317627
v -1.541286 -0.337158 -0.325691
v -1.520808 -0.491091 -0.518590
v -1.509260 -0.224084 -0.071768
v -1.431885 -0.355661 -0.201351
v -1.315347 -0.386249 -0.100707
v -1.392724 -0.254672 0.028877
v -1.520217 -0.240839 0.009666
v -1.446357 -0.337597 -0.149313
v -1.304392 -0.339311 -0.082313
v -1.378253 -0.242553 0.076666
v -1.412406 -0.465077 0.094775
v -1.439750 -0.191823 0.122477
v -1.470683 -0.179366 -0.030931
v -1.443338 -0.452620 -0.058633
v -1.512742 -0.244048 -0.038820
v -1.370347 -0.400395 0.102663
v -1.384718 -0.209164 0.045081
v -1.498369 -0.435280 0.018763
v -1.510225 -0.302487 -0.235627
v -1.615654 -0.315811 -0.390290
v -1.482151 -0.431446 -0.243655
v -1.587579 -0.444770 -0.398318
v -1.610536 -0.345981 -0.601049
v -1.552956 -0.440484 -0.243078
v -1.607851 -0.290413 -0.267648
v -1.555640 -0.496052 -0.576478
v -1.569539 -0.233932 -0.336452
v -1.640387 -0.564968 -0.672069
v -1.607498 -0.510803 -0.293536
v -1.602427 -0.288096 -0.714985
v -1.870580 -0.317014 -1.699955
v -1.560535 -0.323849 -1.049610
v -1.805161 0.020987 -1.446787
v -1.625955 -0.661851 -1.302778
v -1.860615 -0.348572 -1.691476
v -1.695033 -0.609564 -1.200588
v -1.863172 0.028387 -1.490194
v -1.697589 -0.232604 -0.999307
v -2.022129 0.068127 -1.626695
v -1.742839 -0.029476 -1.275851
v -1.749641 0.116493 -1.291377
v -2.015325 -0.077842 -1.611169
v -2.070572 0.033648 -1.702312
v -1.779048 -0.187066 -1.396090
v -1.877758 0.142638 -1.468323
v -1.971864 -0.296056 -1.630078
v -1.595722 0.780495 -1.590762
v -1.815823 0.654670 -1.765166
v -1.690531 0.646076 -1.542585
v -1.721014 0.789088 -1.813343
v -1.746053 0.572529 -1.219630
v -1.894565 0.383718 -1.663258
v -1.844098 0.349542 -1.225740
v -1.796520 0.606706 -1.657149
v -1.826452 0.374335 -1.413727
v -1.921672 0.333590 -1.656371
v -1.840915 0.241430 -1.474729
v -1.907207 0.466495 -1.595369
v -1.490937 1.004783 -1.848417
v -1.529757 0.850445 -1.585045
v -1.411269 0.972190 -1.607783
v -1.609426 0.883039 -1.825679
v -1.665679 0.697206 -1.622326
v -1.648118 0.983840 -1.838759
v -1.826541 0.798982 -1.773242
v -1.487255 0.882064 -1.687843
v -1.633032 0.751684 -1.486701
v -1.883906 0.532729 -1.780535
v -1.746936 0.528347 -1.435404
v -1.770001 0.756066 -1.831833
v -1.427347 1.138270 -1.869440
v -1.455151 0.841449 -1.529724
v -1.215861 0.982149 -1.714121
v -1.666637 0.997570 -1.685043
v -1.406163 1.134245 -1.873056
v -1.429004 0.845475 -1.526108
v -1.195296 1.025911 -1.680645
v -1.639874 0.953809 -1.718520
v -1.639647 0.682086 -1.512833
v -1.569851 1.057973 -1.753916
v -1.800952 0.818769 -1.733111
v -1.408545 0.921290 -1.533638
v -0.261759 0.935257 -1.718268
v -0.191951 0.693075 -1.457466
v -0.060311 0.751393 -1.622629
v -0.393398 0.876939 -1.553105
v -0.305897 1.102984 -1.876999
v -0.311963 0.847088 -1.504488
v -0.095468 0.903994 -1.712132
v -0.522393 1.046079 -1.669355
v -0.823543 1.224922 -2.109997
v -1.144229 1.134344 -1.844806
v -0.872931 1.164083 -1.796322
v -1.094842 1.195182 -2.158480
v -0.632180 1.136958 -1.806980
v -0.920382 1.180076 -2.096980
v -0.959484 1.171063 -1.859597
v -0.593080 1.145971 -2.044363
v -0.292923 0.697765 -1.443949
v -0.115969 0.395887 -1.408984
v 0.051570 0.463188 -1.675831
v -0.125384 0.765066 -1.710796
v -1.093199 1.237830 -1.894674
v -1.483007 1.082074 -2.062218
v -1.384949 1.128124 -1.776757
v -1.191257 1.191779 -2.180135
v -1.492363 0.897308 -1.536507
v -1.660491 0.979937 -1.777608
v -1.704354 0.647841 -1.474175
v -1.872482 0.730470 -1.715276
v -0.386697 1.004908 -1.811742
v -0.645591 1.156574 -2.092794
v -0.684693 1.147562 -1.855411
v -0.347595 1.013920 -2.049125
v -0.438174 1.011649 -1.695222
v -0.056545 0.785457 -1.781702
v -0.266974 0.984447 -1.946568
v -0.227746 0.812659 -1.530356
v -0.093262 0.392007 -1.413831
v -0.100761 0.768946 -1.705949
v -0.304070 0.666023 -1.478179
v 0.110046 0.494929 -1.641601
v -0.096637 0.891564 -1.669589
v -0.272267 0.640905 -1.637702
v -0.126103 0.778996 -1.795440
v -0.242801 0.753473 -1.511852
v -0.203758 0.624588 -1.466921
v -0.128397 0.852110 -1.659915
v -0.311603 0.748980 -1.514609
v -0.020551 0.727717 -1.612227
v -1.124109 -0.653753 -1.168237
v -0.832501 -0.801529 -1.378031
v -0.764087 -0.605016 -1.154778
v -1.215297 -0.874621 -1.395660
v -1.134017 -0.694650 -1.359068
v -0.872992 -0.847978 -1.615039
v -0.814223 -0.693327 -1.329106
v -1.193060 -0.835622 -1.644593
v -1.143739 -0.516619 -0.923387
v -0.839329 -0.757107 -1.085389
v -0.794605 -0.489153 -0.739035
v -1.214524 -0.813017 -1.292486
v -1.106266 -0.593634 -1.154806
v -0.754525 -0.788894 -1.321792
v -0.811239 -0.618386 -0.985504
v -1.110756 -0.802992 -1.547448
v -1.041050 -0.448977 -0.893203
v -0.766902 -0.717509 -1.131985
v -0.713099 -0.488655 -0.937163
v -1.094853 -0.677830 -1.088025
v -0.961939 -0.439078 -0.881700
v -1.280245 -0.501968 -0.957762
v -1.191322 -0.727407 -1.143488
v -0.873015 -0.664517 -1.067426
v -0.981236 -0.438238 -0.879627
v -0.758847 -0.728248 -1.145561
v -0.664815 -0.503931 -0.960995
v -1.075269 -0.662554 -1.064193
v -0.765682 -0.456937 -0.749231
v -1.148761 -0.469592 -0.729395
v -1.155452 -0.630879 -0.961521
v -0.772373 -0.618224 -0.981357
v -0.765682 -0.427699 -0.673029
v -1.148761 -0.440354 -0.653194
v -1.155452 -0.601640 -0.885319
v -0.772373 -0.588986 -0.905155
v -0.601681 -0.456280 -0.738818
v -0.984625 -0.470847 -0.717732
v -0.991309 -0.631617 -0.950216
v -0.608366 -0.617050 -0.971302
v -1.017334 -0.471671 -0.701460
v -1.400914 -0.458782 -0.703105
v -1.326355 -0.577648 -0.905161
v -1.020462 -0.590537 -0.903516
v -1.430218 -0.625037 -1.335109
v -0.991158 -0.889162 -1.637511
v -0.986640 -0.695368 -1.300601
v -1.434735 -0.818830 -1.672019
v -1.185112 -0.811924 -1.474930
v -0.928114 -0.740555 -1.111946
v -1.085829 -0.602892 -1.027350
v -1.342825 -0.674262 -1.390334
v -1.258044 -0.491415 -0.754823
v -0.886745 -0.646011 -0.986661
v -0.884305 -0.491400 -0.758839
v -1.260487 -0.646026 -0.982646
v -1.206492 -0.488427 -0.792952
v -0.938298 -0.642530 -1.138618
v -0.948328 -0.492919 -0.783761
v -1.196462 -0.638037 -1.147809
v -0.874501 -0.479210 -0.767103
v -0.708693 -0.651747 -1.164468
v -0.622762 -0.508492 -0.817334
v -0.960432 -0.622464 -1.114236
v -1.329192 -0.516977 -0.598958
v -1.251939 -0.634520 -0.957598
v -1.086689 -0.431167 -0.574845
v -1.009434 -0.548709 -0.933485
v -1.004385 -0.391582 -0.576834
v -1.366573 -0.480081 -0.550632
v -1.338624 -0.656502 -0.760174
v -0.976437 -0.568003 -0.786376
v -1.151560 -0.298015 -0.530569
v -0.769574 -0.513671 -0.717179
v -0.768481 -0.285360 -0.550405
v -1.152653 -0.526325 -0.697344
v -1.015749 -0.257215 -0.495248
v -1.362216 -0.580961 -0.544176
v -1.043660 -0.442235 -0.707213
v -1.334305 -0.395941 -0.332211
v -1.145088 -0.333086 -0.416119
v -1.420321 -0.447456 -0.310846
v -1.450195 -0.591277 -0.545199
v -1.174963 -0.476907 -0.650472
v -1.031914 -0.231369 -0.299346
v -1.323834 -0.552072 -0.454906
v -1.052985 -0.433062 -0.566230
v -1.302763 -0.350379 -0.188023
v -1.403093 -0.509556 -0.392357
v -1.690380 -0.381856 -0.568839
v -1.610358 -0.522740 -0.630648
v -1.483114 -0.368672 -0.330548
v -1.013732 -0.694963 -1.401210
v -0.678520 -0.800235 -1.614682
v -0.681156 -0.713179 -1.390238
v -1.011096 -0.782019 -1.625654
v -0.944907 -0.629068 -1.133876
v -0.747344 -0.770743 -1.465412
v -0.644392 -0.698267 -1.260208
v -1.047862 -0.701545 -1.339080
v -0.869246 -0.599176 -1.059982
v -0.767086 -0.789087 -1.250488
v -0.690254 -0.647325 -1.201568
v -0.946076 -0.740937 -1.108902
v -0.994317 -0.647156 -1.142220
v -1.310738 -0.622015 -1.244990
v -1.236722 -0.709043 -1.456907
v -0.920300 -0.734185 -1.354137
v -1.296848 -0.664001 -1.471603
v -0.988017 -0.885783 -1.772319
v -0.964933 -0.734808 -1.484103
v -1.319932 -0.858588 -1.759981
v -1.112134 -0.698855 -1.530483
v -0.800374 -0.894541 -1.713601
v -0.780221 -0.726050 -1.542821
v -1.132288 -0.867346 -1.701263
v -0.957269 -0.699034 -1.487157
v -0.648700 -0.894362 -1.756927
v -0.625355 -0.726229 -1.499495
v -0.980614 -0.867168 -1.744589
v -0.486712 -0.674002 -1.533353
v -0.818667 -0.690712 -1.557538
v -0.798219 -0.875440 -1.710568
v -0.466264 -0.858730 -1.686384
v -0.641937 -0.733296 -1.479441
v -0.349025 -0.778622 -1.764342
v -0.369473 -0.593894 -1.611311
v -0.621490 -0.918024 -1.632472
v -1.508212 -0.645559 -1.547697
v -1.140284 -0.866359 -1.696085
v -1.195206 -0.695978 -1.445011
v -1.453289 -0.815940 -1.798772
v -1.749249 -0.551096 -1.581877
v -1.401314 -0.755249 -1.661144
v -1.436244 -0.601515 -1.479191
v -1.714319 -0.704830 -1.763830
v -1.784384 -0.458683 -1.411728
v -1.466872 -0.717077 -1.449657
v -1.498995 -0.558389 -1.271480
v -1.752264 -0.617372 -1.589906
v -1.090313 -0.321161 -0.375508
v -0.821058 -0.655096 -0.786308
v -0.766398 -0.388423 -0.374944
v -1.144974 -0.587834 -0.786871
v -0.575603 -0.342466 -0.342288
v -0.903533 -0.342628 -0.298610
v -0.961500 -0.565847 -0.734654
v -0.633570 -0.565686 -0.778332
v -1.100707 -0.308511 -0.485908
v -1.275769 -0.284053 -0.498114
v -1.295609 -0.500794 -0.647868
v -1.120546 -0.525252 -0.635662
v -1.175700 -0.274090 -0.456609
v -1.022713 -0.474310 -0.650768
v -1.000067 -0.274003 -0.480002
v -1.198347 -0.474397 -0.627375
v -0.884037 -0.277798 -0.372381
v -1.059101 -0.253340 -0.384587
v -1.078939 -0.470081 -0.534341
v -0.903877 -0.494539 -0.522135
v -0.959032 -0.243377 -0.343081
v -0.806044 -0.443597 -0.537241
v -0.783397 -0.243291 -0.366475
v -0.981678 -0.443684 -0.513848
v -0.676152 -0.607936 -0.557338
v -0.647299 -0.404387 -0.391410
v -0.800807 -0.518231 -0.645704
v -0.771954 -0.314683 -0.479776
v -0.556561 -0.411516 -0.336006
v -0.722662 -0.530256 -0.579936
v -0.571579 -0.600661 -0.519840
v -0.707644 -0.341110 -0.396101
v -0.675453 -0.317834 -0.146970
v -0.838921 -0.441717 -0.390121
v -0.701854 -0.522408 -0.312044
v -0.812521 -0.237144 -0.225047
v -0.580549 -0.318527 -0.098528
v -0.740393 -0.259096 -0.146616
v -0.755414 -0.448241 -0.330451
v -0.595570 -0.507672 -0.282362
v -1.059850 -0.205653 -0.261198
v -0.911079 -0.283184 -0.409004
v -0.889913 -0.253720 -0.172557
v -1.081115 -0.281312 -0.509764
v -0.787816 -0.223383 -0.164052
v -0.949730 -0.349495 -0.367024
v -0.804724 -0.435400 -0.312754
v -0.964339 -0.208668 -0.159867
v -0.704811 -0.276518 -0.071262
v -0.838859 -0.290617 -0.056275
v -0.843954 -0.413109 -0.217085
v -0.709906 -0.399010 -0.232072
v -0.635314 -0.233948 -0.068147
v -0.760454 -0.273542 -0.034022
v -0.773410 -0.380227 -0.205313
v -0.648268 -0.340632 -0.239438
v -0.837440 -0.229265 -0.071087
v -0.971488 -0.243364 -0.056100
v -0.976583 -0.365857 -0.216910
v -0.842535 -0.351757 -0.231897
v -0.767945 -0.186695 -0.067972
v -0.893085 -0.226289 -0.033847
v -0.906039 -0.332974 -0.205139
v -0.780899 -0.293380 -0.239263
v -0.762392 -0.331131 -0.266956
v -0.654418 -0.516067 -0.447246
v -0.636033 -0.375678 -0.245819
v -0.780777 -0.471519 -0.468383
v -0.692180 -0.343934 -0.218299
v -0.573807 -0.486702 -0.430011
v -0.557940 -0.363184 -0.217135
v -0.708046 -0.467452 -0.431175
v -1.000211 -0.240051 -0.224399
v -0.812588 -0.496074 -0.504903
v -0.786551 -0.296113 -0.200806
v -1.026248 -0.440013 -0.528496
v -0.881223 -0.249932 -0.158548
v -0.680692 -0.465466 -0.472683
v -0.657134 -0.282067 -0.156605
v -0.904783 -0.433331 -0.474626
v -0.638472 -0.309687 -0.103156
v -0.531519 -0.426710 -0.284450
v -0.492476 -0.325865 -0.129397
v -0.677516 -0.410532 -0.258208
v -0.658402 -0.349288 -0.206131
v -0.552058 -0.478286 -0.379483
v -0.513015 -0.377441 -0.224431
v -0.697447 -0.450133 -0.361183
v -0.098277 -0.384051 -1.644451
v -0.407167 -0.715705 -1.744969
v -0.128604 -0.510901 -1.886943
v -0.376838 -0.588854 -1.502476
v -0.189853 -0.792706 -2.488819
v -0.044311 -0.506418 -2.340050
v -0.267069 -0.886651 -2.232492
v -0.121525 -0.600363 -2.083723
v -0.166063 -0.828818 -2.412339
v -0.031462 -0.726487 -2.781236
v 0.132474 -0.444766 -2.643271
v -0.002126 -0.547097 -2.274375
v -1.013732 -0.733878 -1.533772
v -0.678520 -0.839150 -1.747244
v -0.681156 -0.752094 -1.522800
v -1.011096 -0.820934 -1.758216
v -1.177788 -0.759164 -1.639175
v -1.498528 -0.740013 -1.727595
v -1.470706 -0.932047 -1.870107
v -1.149967 -0.951198 -1.781687
v -1.298312 -0.737771 -1.663045
v -0.986552 -0.933456 -1.846163
v -0.966398 -0.764965 -1.675383
v -1.318465 -0.906261 -1.833825
v -1.109199 -0.713222 -1.638163
v -0.803310 -0.958005 -1.871045
v -0.777285 -0.740416 -1.650501
v -1.135225 -0.930810 -1.858707
v -0.419926 -0.675836 -1.780711
v -0.750958 -0.913912 -1.728195
v -0.483371 -0.861772 -1.919865
v -0.687514 -0.727977 -1.589041
v -0.522496 -0.713038 -1.633294
v -0.854450 -0.729748 -1.657479
v -0.834003 -0.914476 -1.810509
v -0.502048 -0.897766 -1.786325
v -0.958544 -0.729978 -1.671552
v -0.647427 -0.941249 -1.837657
v -0.626630 -0.757172 -1.683890
v -0.979342 -0.914054 -1.825318
v -0.186677 -0.595906 -1.670155
v -0.517708 -0.833982 -1.617639
v -0.250120 -0.781841 -1.809309
v -0.454262 -0.648046 -1.478485
v -0.585028 -0.789846 -1.728781
v -0.916985 -0.806556 -1.752966
v -0.886208 -1.004482 -2.038658
v -0.554251 -0.987772 -2.014473
v -0.955542 -0.807035 -1.734272
v -0.650428 -1.031246 -2.033330
v -0.623627 -0.834230 -1.746610
v -0.982342 -1.004052 -2.020992
v -0.495929 -0.792424 -1.802587
v -0.853605 -1.072519 -1.965114
v -0.561707 -0.974709 -2.092737
v -0.787827 -0.890233 -1.674964
v -1.109643 -0.821209 -1.725431
v -0.802865 -1.017073 -2.042171
v -0.777730 -0.848404 -1.737769
v -1.134778 -0.989878 -2.029833
v -1.295821 -0.821209 -1.725431
v -0.989043 -1.017073 -2.042171
v -0.963907 -0.848404 -1.737769
v -1.320956 -0.989878 -2.029833
v -1.349983 -0.794817 -1.752581
v -1.047123 -1.063449 -2.015095
v -1.024558 -0.863097 -1.730329
v -1.372549 -0.995169 -2.037347
v -1.298355 -0.928148 -1.888878
v -0.986510 -1.047938 -2.237021
v -0.966440 -0.955342 -1.901216
v -1.318424 -1.020743 -2.224683
v -1.358712 -0.898967 -1.912207
v -1.038393 -1.097102 -2.213767
v -1.033288 -0.967247 -1.889956
v -1.363817 -1.028822 -2.236018
v -1.112176 -0.928084 -1.906076
v -0.800332 -1.047874 -2.254219
v -0.780262 -0.955279 -1.918414
v -1.132246 -1.020679 -2.241881
v -0.478664 -0.896553 -1.994242
v -0.870869 -1.106008 -2.181604
v -0.578972 -1.008198 -2.309227
v -0.770562 -0.994363 -1.866619
v -0.957805 -0.912311 -1.894144
v -0.648165 -1.063774 -2.231756
v -0.625891 -0.939505 -1.906482
v -0.980078 -1.036580 -2.219418
v -0.584604 -0.895164 -1.888605
v -0.916559 -0.911874 -1.912790
v -0.886632 -1.036967 -2.237132
v -0.554677 -1.020257 -2.212947
v -1.336973 -0.966878 -2.103061
v -0.947891 -1.080447 -2.457287
v -0.928723 -1.000327 -2.118237
v -1.356142 -1.046998 -2.442112
v -1.407952 -0.930354 -2.096505
v -0.989154 -1.045918 -2.414331
v -0.999094 -0.953064 -2.078145
v -1.398012 -1.023208 -2.432692
v -1.147594 -0.936756 -1.971551
v -0.764915 -1.111403 -2.363421
v -0.739342 -0.970205 -1.986726
v -1.173166 -1.077954 -2.348245
v -0.921968 -1.036475 -2.365844
v -0.427566 -0.910608 -2.194134
v -0.796001 -1.005978 -2.041893
v -0.553531 -0.941105 -2.518085
v -0.996388 -0.950859 -2.107736
v -0.609581 -1.096466 -2.452612
v -0.588136 -0.984308 -2.122912
v -1.017833 -1.063017 -2.437437
v -0.546287 -0.934926 -2.100825
v -0.954590 -0.955479 -2.130572
v -0.924948 -1.068444 -2.459361
v -0.516647 -1.047891 -2.429614
v -0.835483 -1.029780 -2.107331
v -1.623661 -0.904810 -2.168648
v -1.585893 -0.896725 -2.637628
v -0.797715 -1.021693 -2.576310
v -0.338125 -0.866472 -2.232065
v -1.128186 -0.991911 -2.206147
v -1.121269 -1.098875 -2.513038
v -0.331209 -0.973436 -2.538955
v -0.241231 -0.704282 -2.248304
v -0.614430 -1.080976 -2.402302
v -0.281827 -0.821794 -2.548661
v -0.573834 -0.963464 -2.101946
v -1.132973 -0.919534 -2.399447
v -0.771818 -1.071423 -2.758945
v -0.752095 -0.924091 -2.414510
v -1.152699 -1.066864 -2.743882
v -0.531991 -0.885764 -2.383307
v -0.921235 -0.910464 -2.350451
v -0.942873 -1.039234 -2.703606
v -0.553631 -1.014534 -2.736462
v -1.327050 -0.948552 -2.262121
v -0.972527 -1.032843 -2.649354
v -0.946496 -0.955889 -2.283114
v -1.353081 -1.025506 -2.628361
v -0.725426 -0.927749 -2.248123
v -1.114671 -0.952448 -2.215267
v -1.142380 -1.009471 -2.586412
v -0.753138 -0.984771 -2.619268
v -1.331569 -0.817299 -1.756418
v -0.967308 -1.046216 -2.068911
v -0.951509 -0.846426 -1.751790
v -1.347369 -1.017088 -2.073539
v -1.121777 -0.812765 -1.699126
v -0.746913 -0.999251 -2.045060
v -0.730762 -0.816444 -1.716290
v -1.137928 -0.995573 -2.027896
v -1.580848 -0.930095 -2.434370
v -0.907830 -0.979505 -2.932066
v -0.873919 -0.917203 -2.483498
v -1.614758 -0.992397 -2.882938
v -0.463722 -0.879266 -2.452096
v -1.189378 -0.925313 -2.390844
v -1.224915 -0.967457 -2.843529
v -0.499259 -0.921410 -2.904782
v -1.251336 -0.903541 -2.650684
v -0.744905 -0.988787 -3.109604
v -0.714543 -0.900763 -2.683729
v -1.281698 -0.991565 -3.076559
v -0.402915 -0.865294 -2.647582
v -0.953106 -0.900206 -2.601140
v -0.985178 -0.968369 -3.032318
v -0.434984 -0.933456 -3.078759
v -0.152689 -0.694434 -2.373466
v -0.542453 -1.039737 -2.509884
v -0.215627 -0.856427 -2.676020
v -0.479513 -0.877743 -2.207331
v -0.187345 -0.690303 -2.595878
v -0.572208 -0.916347 -2.593710
v -0.512914 -1.020200 -2.895984
v -0.128051 -0.706184 -2.767322
v -0.271229 -0.845327 -2.863460
v -0.093363 -0.648040 -2.676077
v -0.481457 -0.999783 -2.501289
v -0.303591 -0.802495 -2.313906
v -0.297235 -0.855800 -2.609366
v -0.119370 -0.658512 -2.421983
v -0.455451 -0.972040 -2.336802
v -0.277584 -0.774752 -2.149419
v -0.266223 -0.818277 -2.518122
v -0.672997 -0.978031 -2.427381
v -0.714951 -1.049721 -2.741660
v -0.308177 -0.814938 -2.832124
v -1.129441 -0.909110 -2.888747
v -0.776437 -0.975815 -3.280767
v -0.748985 -0.916952 -2.911291
v -1.156893 -0.967973 -3.258224
v -0.527695 -0.891451 -2.875675
v -0.916939 -0.916149 -2.842819
v -0.946001 -0.954858 -3.216216
v -0.556757 -0.930159 -3.249072
v -0.312436 -0.729039 -2.972965
v -0.611080 -0.998644 -3.155438
v -0.385443 -0.839072 -3.270007
v -0.538073 -0.888611 -2.858397
v -1.252481 -0.916068 -3.107964
v -0.743320 -0.972864 -3.513166
v -0.715868 -0.914000 -3.143690
v -1.279932 -0.974930 -3.477440
v -0.404655 -0.882792 -3.115664
v -0.954848 -0.917706 -3.069222
v -0.983911 -0.956414 -3.442619
v -0.433717 -0.921501 -3.489061
v -1.509732 -0.917630 -2.871011
v -1.002568 -0.949852 -3.281382
v -0.973267 -0.916135 -2.908910
v -1.539032 -0.951348 -3.243484
v -0.661766 -0.888606 -2.880237
v -1.211957 -0.923519 -2.833795
v -1.242767 -0.936855 -3.208817
v -0.692575 -0.901942 -3.255259
v -0.302445 -0.746014 -2.728597
v -0.621071 -0.983439 -2.921677
v -0.401469 -0.812229 -3.031055
v -0.522047 -0.917225 -2.619219
v -1.726362 -0.758743 -2.394148
v -1.337194 -0.978384 -2.822503
v -1.234751 -0.895079 -2.525457
v -1.828806 -0.842048 -2.691194
v -1.284611 -1.027724 -2.248122
v -1.702173 -0.740441 -2.159022
v -1.760377 -0.704707 -2.550727
v -1.361385 -0.999533 -2.635941
v -1.243474 -0.888646 -3.276807
v -0.755354 -0.868055 -3.873096
v -0.706996 -0.887973 -3.315176
v -1.291831 -0.868728 -3.834727
v -0.504462 -0.830302 -3.258791
v -0.942861 -0.903243 -3.212490
v -0.992635 -0.862706 -3.771710
v -0.442444 -0.764824 -3.817919
v -1.492026 -0.810199 -3.250892
v -1.140600 -0.868055 -3.873096
v -1.092242 -0.887973 -3.315176
v -1.677078 -0.868728 -3.834727
v -0.889708 -0.830302 -3.258791
v -1.328106 -0.903243 -3.212490
v -1.377882 -0.862706 -3.771710
v -0.827689 -0.764824 -3.817919
v -0.722650 -0.846733 -3.245765
v -0.433022 -0.811796 -3.667167
v -0.406147 -0.821887 -3.287785
v -0.826478 -0.935125 -3.647419
v -0.275836 -0.726458 -3.244807
v -0.577034 -0.889601 -3.221296
v -0.610812 -0.862093 -3.600782
v -0.234922 -0.651979 -3.621948
v -0.281647 -0.728330 -3.164232
v -0.580292 -0.997936 -3.346705
v -0.354656 -0.838364 -3.461274
v -0.507283 -0.887902 -3.049664
v -1.388180 -0.878835 -2.665183
v -1.161577 -1.017027 -3.068115
v -1.067319 -0.909266 -2.749925
v -1.482438 -0.986597 -2.983372
v -1.719968 -0.691599 -2.537874
v -1.524254 -0.967791 -2.881697
v -1.467717 -0.909334 -2.542392
v -1.776504 -0.750057 -2.877179
v -1.719968 -0.692455 -2.306622
v -1.524254 -0.968647 -2.650445
v -1.467717 -0.910189 -2.311140
v -1.776504 -0.750913 -2.645927
v -1.719968 -0.692908 -2.184197
v -1.524254 -0.969101 -2.528020
v -1.467717 -0.910642 -2.188715
v -1.776504 -0.751366 -2.523502
v -1.909114 -0.580987 -2.297066
v -1.567071 -0.900393 -2.414483
v -1.667910 -0.733618 -2.125070
v -1.808276 -0.747761 -2.586478
v -1.659508 -0.794674 -2.248983
v -1.901659 -0.490087 -2.255223
v -1.773221 -0.651916 -2.446313
v -1.787946 -0.632846 -2.057894
v -1.694971 -0.825365 -2.248179
v -1.866196 -0.475981 -2.256089
v -1.763803 -0.656781 -2.445895
v -1.797364 -0.644564 -2.058372
v -0.668739 -0.891229 -2.685190
v -1.202935 -0.939003 -2.645225
v -1.231576 -1.026844 -3.071257
v -0.697380 -0.979069 -3.111222
v -0.360698 -0.830068 -2.652838
v -0.905385 -0.911059 -2.599521
v -0.937455 -0.979222 -3.030699
v -0.392767 -0.898230 -3.084015
v -1.627505 -0.827951 -2.511735
v -1.400902 -0.966144 -2.914667
v -1.306643 -0.858382 -2.596478
v -1.721761 -0.935713 -2.829925
v -1.628031 -0.848815 -2.265447
v -1.400374 -0.942231 -2.680473
v -1.307169 -0.879246 -2.350190
v -1.721236 -0.911800 -2.595731
v -1.546847 -0.874053 -2.599265
v -1.138537 -0.921821 -2.346674
v -1.459398 -0.891390 -2.261931
v -1.225986 -0.904484 -2.684007
v -1.130050 -0.518721 -0.821356
v -0.829134 -0.698387 -1.053547
v -0.762885 -0.393404 -0.743132
v -1.219517 -0.859527 -1.145305
v -1.136832 -0.608316 -1.051175
v -0.804317 -0.733872 -1.302973
v -0.811111 -0.547471 -0.970426
v -1.192276 -0.852087 -1.419306
v -1.295729 -0.405683 -0.353894
v -1.471904 -0.418738 -0.323424
v -1.492002 -0.517997 -0.500682
v -1.315828 -0.548554 -0.531313
v -1.404593 -0.384055 -0.336196
v -1.575557 -0.410109 -0.383402
v -1.511858 -0.539625 -0.518380
v -1.340894 -0.557183 -0.471334
v -1.026952 -0.222431 -0.003683
v -0.875500 -0.251038 -0.210438
v -0.859442 -0.288532 0.045960
v -1.043262 -0.219821 -0.318491
v -0.933754 -0.253181 0.097536
v -0.915735 -0.315702 -0.241062
v -0.757231 -0.267896 0.093351
v -0.772732 -0.403520 -0.264569
v -0.999470 -0.220058 -0.154587
v -1.293852 -0.564338 -0.341345
v -1.023004 -0.445329 -0.452668
v -1.270318 -0.339068 -0.043263
v -1.028934 -0.213025 -0.037410
v -0.880471 -0.297354 -0.174276
v -0.858660 -0.253644 0.039245
v -1.050793 -0.301843 -0.264797
v -1.325881 -0.253387 -0.015646
v -0.967439 -0.455815 -0.311937
v -0.946368 -0.254122 -0.045053
v -1.346951 -0.455080 -0.282529
v -1.444807 -0.292329 -0.013222
v -1.176455 -0.416872 -0.314360
v -1.154624 -0.292891 -0.035708
v -1.466639 -0.416311 -0.291874
v -1.444807 -0.350595 -0.129320
v -1.176455 -0.475137 -0.430459
v -1.154624 -0.351157 -0.151806
v -1.466639 -0.474576 -0.407973
v -1.159925 -0.328923 -0.221024
v -1.444988 -0.370952 -0.179989
v -1.461339 -0.520155 -0.446384
v -1.176274 -0.478126 -0.487419
v -0.830144 -0.267763 -0.041903
v -0.696278 -0.431346 -0.279624
v -0.658484 -0.311324 -0.047325
v -0.867939 -0.387786 -0.274202
v -0.730354 -0.287514 -0.003335
v -0.593754 -0.388580 -0.272253
v -0.555125 -0.293026 -0.028996
v -0.768984 -0.383068 -0.246591
v -1.131644 -0.290255 -0.282774
v -1.007834 -0.354178 -0.532376
v -0.879806 -0.286133 -0.263085
v -1.250178 -0.416606 -0.567514
v -0.973325 -0.252889 -0.210314
v -0.789773 -0.497982 -0.475126
v -0.769838 -0.215319 -0.302509
v -1.009382 -0.443859 -0.465552
v -1.317969 -0.452643 -0.481597
v -1.194160 -0.516565 -0.731199
v -1.066132 -0.448521 -0.461908
v -1.358817 -0.578994 -0.766337
v -1.159650 -0.415276 -0.409138
v -0.976099 -0.660370 -0.673949
v -0.956163 -0.377707 -0.501333
v -1.195709 -0.606247 -0.664375
v -0.692207 -0.499997 -0.684945
v -0.631150 -0.494416 -0.843725
v -0.543602 -0.523277 -0.686677
v -0.780262 -0.500950 -0.862793
v -0.639489 -0.557564 -0.824282
v -0.472923 -0.485446 -0.700432
v -0.594083 -0.507816 -0.645538
v -0.516165 -0.604217 -0.852268
v -0.586720 -0.510353 -0.653562
v -0.583739 -0.484785 -0.821810
v -0.448620 -0.473275 -0.700270
v -0.717220 -0.549932 -0.797742
v -0.223042 -0.235511 -1.103000
v -0.278304 -0.355522 -1.113332
v -0.236324 -0.234247 -1.195627
v -0.243536 -0.371090 -1.198742
v -1.088717 -0.433195 -0.571618
v -0.822987 -0.734957 -1.008761
v -0.765563 -0.503837 -0.576780
v -1.146141 -0.664316 -1.003599
v -0.962459 -0.648745 -0.949834
v -0.574286 -0.462842 -0.540530
v -0.902216 -0.463004 -0.496852
v -0.634528 -0.648584 -0.993512
v -1.252397 -0.701389 -1.499882
v -0.986665 -1.003151 -1.937024
v -0.929241 -0.772031 -1.505043
v -1.309819 -0.932509 -1.931863
v -1.126137 -0.916939 -1.878097
v -0.737965 -0.731036 -1.468793
v -1.065895 -0.731198 -1.425115
v -0.798208 -0.916777 -1.921775
v -1.252397 -0.639911 -1.200794
v -0.986665 -0.941673 -1.637936
v -0.929241 -0.710553 -1.205956
v -1.309819 -0.871032 -1.632775
v -1.126137 -0.855461 -1.579010
v -0.737965 -0.669558 -1.169705
v -1.065895 -0.669720 -1.126028
v -0.798208 -0.855300 -1.622687
v -1.169843 -0.530127 -0.972338
v -0.958010 -0.792625 -1.304769
v -0.913548 -0.601463 -0.970237
v -1.214307 -0.721289 -1.306870
v -1.069007 -0.712061 -1.263689
v -0.762552 -0.566357 -0.943190
v -1.021792 -0.566485 -0.908661
v -0.809767 -0.711933 -1.298218
v -0.751133 -0.764144 -1.006040
v -0.921678 -0.588481 -1.243015
v -0.858867 -0.774460 -1.249015
v -0.813944 -0.578165 -1.000040
v -0.890400 -0.568551 -1.091583
v -0.796619 -0.730618 -1.128755
v -0.727679 -0.520012 -0.892678
v -0.633898 -0.682079 -0.929850
v -1.178006 -0.560168 -0.916115
v -1.011584 -0.770868 -1.125899
v -0.954870 -0.596183 -1.056341
v -1.234720 -0.734853 -0.985673
v -0.848785 -0.557093 -1.154155
v -1.116457 -0.714357 -1.062181
v -0.933964 -0.699253 -1.248904
v -1.031279 -0.572196 -0.967433
v -1.363118 -0.806620 -1.763389
v -1.202977 -1.094161 -1.998948
v -1.095532 -0.919376 -1.887925
v -1.470563 -0.981405 -1.874411
v -1.065408 -1.034516 -2.119789
v -1.192055 -0.869478 -1.796296
v -1.314886 -0.996193 -1.938685
v -0.942578 -0.907801 -1.977400
v -1.450745 -0.691235 -1.533857
v -1.232610 -0.983178 -1.901408
v -1.144408 -0.747567 -1.587151
v -1.538944 -0.926845 -1.848114
v -1.364260 -0.900181 -1.840633
v -0.969862 -0.691030 -1.601096
v -1.262566 -0.716162 -1.500102
v -1.071558 -0.875049 -1.941626
v -0.586199 -0.715720 -1.576818
v -0.896605 -0.684076 -1.626838
v -0.872103 -0.975637 -1.903318
v -0.561697 -1.007280 -1.853298
v -0.418915 -0.644125 -1.549481
v -0.726787 -0.683205 -1.535553
v -0.709717 -0.929848 -1.850262
v -0.401845 -0.890769 -1.864190
v -1.366826 -0.690900 -1.385860
v -1.694252 -0.761374 -1.654182
v -1.461780 -0.894416 -1.643137
v -1.599298 -0.557859 -1.396905
v -1.462542 -0.623523 -1.335762
v -1.298753 -0.856298 -1.657811
v -1.211320 -0.694118 -1.372637
v -1.549974 -0.785703 -1.620936
v -1.217598 -0.925580 -1.966067
v -0.694910 -1.095561 -2.368804
v -0.670440 -0.970410 -1.986407
v -1.242068 -1.050731 -2.348465
v -0.258801 -0.830597 -2.271749
v -0.750741 -1.041832 -2.323990
v -0.482667 -0.911597 -2.561670
v -0.526875 -0.960833 -2.034069
v -0.083049 -0.724737 -2.365514
v -0.574862 -0.951000 -2.409009
v -0.316816 -0.787744 -2.653873
v -0.341095 -0.887993 -2.120649
v -0.179202 -0.558367 -1.647119
v -0.433994 -0.749599 -1.681538
v -0.271430 -0.668923 -1.818022
v -0.341764 -0.639044 -1.510635
v -0.080882 -0.486349 -1.703715
v -0.334728 -0.685047 -1.731016
v -0.181015 -0.587798 -1.876878
v -0.234595 -0.583597 -1.557853
v -0.288042 -0.655197 -1.570546
v -0.180269 -0.492268 -1.462031
v -0.411660 -0.700284 -1.385481
v -0.303888 -0.537355 -1.276966
v -0.220599 -0.590464 -1.667918
v -0.103585 -0.435008 -1.556359
v -0.331836 -0.647890 -1.471221
v -0.214821 -0.492434 -1.359662
v -0.241349 -0.484939 -1.419511
v -0.213744 -0.276759 -1.343122
v -0.366687 -0.537850 -1.237702
v -0.339082 -0.329670 -1.161312
v -0.187454 -0.418869 -1.524153
v -0.149122 -0.213511 -1.442521
v -0.298688 -0.476294 -1.327456
v -0.260356 -0.270938 -1.245824
v -0.743145 -0.830321 -3.605675
v -0.439730 -0.646219 -4.056079
v -0.373130 -0.757826 -3.670768
v -0.908017 -0.819901 -4.031099
v -0.571898 -0.863384 -3.603812
v -0.193223 -0.476176 -3.988114
v -0.210288 -0.659326 -3.614815
v -0.645643 -0.735103 -3.984377
v -0.310005 -0.603880 -3.550086
v -0.551934 -0.929035 -3.725922
v -0.383014 -0.713914 -3.847127
v -0.478925 -0.819001 -3.428881
v -1.247865 -0.863826 -3.469242
v -0.749341 -0.816224 -3.921949
v -0.711844 -0.863246 -3.513071
v -1.285363 -0.816803 -3.878119
v -0.949277 -0.882530 -3.431999
v -0.437773 -0.780057 -3.885979
v -0.399086 -0.847617 -3.478441
v -0.987965 -0.814970 -3.839537
v -1.298959 -0.870437 -3.605150
v -0.816096 -0.759396 -4.195707
v -0.762903 -0.870442 -3.649035
v -1.352149 -0.759391 -4.151821
v -0.559040 -0.825327 -3.586348
v -0.998010 -0.899175 -3.547505
v -1.052331 -0.767557 -4.092091
v -0.501220 -0.670557 -4.128067
v -1.443047 -0.788203 -3.622569
v -1.101691 -0.687600 -4.244936
v -1.046196 -0.854315 -3.712830
v -1.637450 -0.687635 -4.197571
v -0.841563 -0.817526 -3.647276
v -1.280935 -0.891315 -3.613137
v -1.337362 -0.704339 -4.141060
v -0.785630 -0.608742 -4.170763
v -0.661927 -0.738698 -3.900028
v -0.468551 -0.585089 -4.186933
v -0.413053 -0.682285 -3.953943
v -0.770339 -0.722854 -4.175227
v -0.537545 -0.767584 -3.917561
v -0.322845 -0.449230 -4.121187
v -0.314974 -0.604012 -3.905976
v -0.600580 -0.656717 -4.143265
v -0.319461 -0.540583 -3.830202
v -0.542480 -0.840324 -3.992295
v -0.386763 -0.642017 -4.104027
v -0.475178 -0.738890 -3.718470
v -1.217000 -0.802045 -3.781316
v -0.755322 -0.719751 -4.144656
v -0.723337 -0.801124 -3.826924
v -1.248985 -0.720672 -4.099048
v -0.942554 -0.824581 -3.760490
v -0.468168 -0.692529 -4.116855
v -0.435364 -0.792397 -3.803302
v -0.975358 -0.724713 -4.074043
v -1.212198 -0.799666 -3.973782
v -0.760447 -0.608183 -4.356150
v -0.719032 -0.767358 -4.013004
v -1.253612 -0.640491 -4.316928
v -0.534568 -0.725552 -3.960873
v -0.936053 -0.816297 -3.947371
v -0.979222 -0.639619 -4.283327
v -0.475571 -0.523519 -4.290308
v -1.383245 -0.573973 -4.046296
v -1.057420 -0.469798 -4.479347
v -1.018327 -0.629192 -4.136031
v -1.550659 -0.471476 -4.429269
v -0.830544 -0.598506 -4.088192
v -1.236448 -0.664301 -4.065382
v -1.276061 -0.487286 -4.401598
v -0.766510 -0.402431 -4.420275
v -1.213731 -0.630871 -4.085952
v -0.759587 -0.469798 -4.479347
v -0.720493 -0.629192 -4.136031
v -1.252825 -0.471476 -4.429269
v -0.532710 -0.598506 -4.088192
v -0.938613 -0.664301 -4.065382
v -0.978226 -0.487286 -4.401598
v -0.468676 -0.402431 -4.420275
v -0.658525 -0.517407 -4.023966
v -0.456571 -0.483595 -4.308552
v -0.424598 -0.542483 -4.078732
v -0.760020 -0.522929 -4.278770
v -0.315550 -0.491543 -4.047219
v -0.556092 -0.578065 -4.032763
v -0.590971 -0.504034 -4.258482
v -0.289679 -0.391808 -4.270184
v -1.445832 -0.626197 -3.950740
v -1.026844 -0.592760 -4.341888
v -0.997520 -0.719752 -4.059943
v -1.641438 -0.545229 -4.260187
v -0.760240 -0.703504 -4.031714
v -1.273415 -0.727493 -3.984280
v -1.301363 -0.583018 -4.258993
v -0.656915 -0.549905 -4.309847
v -0.699687 -0.719752 -4.059943
v -1.314280 -0.672221 -3.978241
v -1.343602 -0.545229 -4.260187
v -0.729008 -0.592760 -4.341888
v -0.462405 -0.703504 -4.031714
v -0.975580 -0.727493 -3.984280
v -1.003530 -0.583018 -4.258993
v -0.359082 -0.549905 -4.309847
v -0.709335 -0.678877 -3.923417
v -0.443290 -0.544671 -4.178421
v -0.400499 -0.622119 -3.986770
v -0.832877 -0.688215 -4.150813
v -0.567761 -0.707430 -3.949515
v -0.240222 -0.399149 -4.127295
v -0.266769 -0.537173 -3.949748
v -0.616517 -0.615666 -4.133706
v -1.636765 -0.531023 -3.757022
v -1.358718 -0.644079 -4.175903
v -1.311018 -0.744902 -3.920411
v -1.840753 -0.423092 -4.001920
v -1.103487 -0.797596 -3.939429
v -1.527268 -0.668254 -3.804937
v -1.567672 -0.552593 -4.056379
v -1.032912 -0.712011 -4.218017
v -1.827858 -0.452879 -3.838164
v -1.320679 -0.813322 -3.777534
v -1.645731 -0.608385 -3.601768
v -1.346685 -0.672222 -4.016555
v -1.115128 -0.874376 -3.792625
v -1.540071 -0.742806 -3.664095
v -1.558352 -0.588101 -3.896399
v -1.022470 -0.751611 -4.050035
v -1.859533 -0.429860 -3.626599
v -1.538162 -0.692496 -3.827281
v -1.639453 -0.701201 -3.567703
v -1.873666 -0.397437 -3.951476
v -1.812804 -0.576283 -3.587012
v -1.702168 -0.553829 -3.842920
v -1.500537 -0.772415 -3.475999
v -1.309803 -0.795316 -3.696814
v -1.692993 -0.735448 -3.884629
v -1.365604 -0.848209 -3.520650
v -1.570674 -0.737405 -3.459951
v -1.405520 -0.784478 -3.916437
v -1.249080 -0.815404 -3.473552
v -1.491091 -0.847414 -3.447470
v -1.529665 -0.763223 -3.841155
v -1.224941 -0.717672 -3.864446
v -1.692993 -0.736294 -3.656075
v -1.365604 -0.849055 -3.292096
v -1.570674 -0.738251 -3.231397
v -1.405520 -0.785324 -3.687883
v -1.249080 -0.816250 -3.244998
v -1.491091 -0.848260 -3.218916
v -1.529665 -0.764069 -3.612602
v -1.224941 -0.718518 -3.635893
v -1.595696 -0.817809 -3.522210
v -1.269367 -0.947352 -3.162896
v -1.460367 -0.814065 -3.101509
v -1.315682 -0.896735 -3.559878
v -1.148691 -0.924440 -3.120647
v -1.391701 -0.930876 -3.086308
v -1.434587 -0.859968 -3.482157
v -1.127775 -0.846246 -3.516098
v -1.801762 -0.573956 -2.603216
v -1.932274 -0.744022 -2.989690
v -1.675220 -0.774100 -2.559111
v -1.702626 -0.917983 -2.934409
v -1.781776 -0.682270 -2.522841
v -1.509125 -0.917271 -2.886123
v -1.554395 -0.774147 -2.511425
v -1.798388 -0.810481 -2.906051
v -1.487740 -0.422104 -4.010781
v -1.385582 -0.545178 -4.358622
v -1.299768 -0.553998 -4.093528
v -1.665667 -0.453202 -4.268001
v -1.498518 -0.497683 -4.277685
v -1.173651 -0.541025 -4.094867
v -1.416182 -0.523139 -4.011590
v -1.191420 -0.514750 -4.376588
v -1.375128 -0.529890 -4.087302
v -1.263880 -0.622617 -4.306987
v -1.332958 -0.642515 -4.095792
v -1.348788 -0.500589 -4.326521
v -1.385911 -0.593560 -4.073822
v -1.310148 -0.567562 -4.283075
v -1.291012 -0.672938 -4.054645
v -1.190464 -0.665477 -4.253740
v -0.465132 -0.537985 -4.306674
v -0.353885 -0.445258 -4.086989
v -0.396055 -0.557883 -4.095479
v -0.380224 -0.415957 -4.326208
v -0.438001 -0.588306 -4.054332
v -0.418865 -0.482930 -4.282762
v -0.343102 -0.508928 -4.073509
v -0.538549 -0.580845 -4.253428
v 0.154175 -0.307492 -3.559235
v 0.062017 -0.424936 -3.698326
v 0.134517 -0.357820 -3.741811
v 0.114012 -0.382359 -3.536122
v 0.080780 -0.385161 -3.500304
v 0.100972 -0.385572 -3.693841
v 0.157470 -0.348679 -3.530927
v 0.004472 -0.428476 -3.652120
v 0.217138 -0.280636 -3.315900
v 0.124980 -0.398080 -3.454991
v 0.197480 -0.330964 -3.498476
v 0.176975 -0.355503 -3.292787
v 0.143742 -0.358305 -3.256968
v 0.163935 -0.358716 -3.450506
v 0.220432 -0.321823 -3.287592
v 0.067436 -0.401620 -3.408785
v 0.186607 -0.319763 -3.462169
v 0.061486 -0.394535 -3.604951
v 0.134872 -0.326423 -3.645288
v 0.141080 -0.393868 -3.448454
v 0.113225 -0.401455 -3.408935
v 0.105315 -0.360893 -3.599085
v 0.188716 -0.366316 -3.443813
v 0.011158 -0.402901 -3.551508
v 0.099592 -0.288443 -3.702117
v -0.020833 -0.444105 -3.796961
v 0.049763 -0.367203 -3.876770
v 0.064229 -0.377449 -3.652438
v 0.112698 -0.336438 -3.666691
v -0.079986 -0.442923 -3.730027
v 0.021632 -0.396088 -3.811494
v 0.031744 -0.376831 -3.604169
v -0.091444 -0.378159 -4.139251
v -0.408814 -0.594555 -3.975143
v -0.352483 -0.511458 -4.235216
v -0.246644 -0.442930 -3.873721
v -0.245251 -0.457011 -4.150968
v -0.534313 -0.611045 -3.967786
v -0.549452 -0.523610 -4.237042
v -0.294528 -0.555329 -3.893794
v 0.039564 -0.358320 -3.875388
v -0.160999 -0.476201 -3.998327
v -0.072517 -0.394179 -4.087353
v -0.019475 -0.451935 -3.827583
v -0.101167 -0.431847 -4.012343
v 0.044735 -0.415602 -3.843077
v -0.046365 -0.455936 -3.767258
v -0.213725 -0.479204 -3.913044
v 0.048236 -0.358613 -3.770464
v -0.177035 -0.483892 -3.823321
v -0.109828 -0.422913 -3.942681
v 0.000093 -0.439514 -3.695152
v -0.208959 -0.469706 -3.729291
v -0.121241 -0.445910 -3.857787
v -0.012388 -0.431909 -3.630618
v 0.059680 -0.409918 -3.730604
v -0.254983 -0.486651 -3.864909
v -0.072462 -0.360512 -3.901900
v -0.093242 -0.431537 -3.806876
v -0.223489 -0.440059 -4.003885
v -0.094265 -0.417124 -3.744407
v -0.268076 -0.462443 -3.770064
v -0.217736 -0.453586 -3.918920
v -0.052265 -0.406861 -3.861866
v 0.130115 -0.288858 -3.589937
v 0.009691 -0.444521 -3.684782
v 0.080287 -0.367619 -3.764590
v 0.094753 -0.377864 -3.540258
v 0.143221 -0.336854 -3.554512
v -0.049463 -0.443338 -3.617847
v 0.052155 -0.396503 -3.699315
v 0.062268 -0.377246 -3.491989
v 0.046597 -0.323119 -3.589673
v -0.123162 -0.539487 -3.683593
v -0.041203 -0.445203 -3.805851
v 0.007488 -0.436345 -3.510628
v 0.069228 -0.383201 -3.539888
v -0.192704 -0.531441 -3.587567
v -0.069499 -0.477097 -3.713123
v -0.029191 -0.430819 -3.442698
v -0.123687 -0.493666 -3.513496
v -0.317801 -0.683586 -3.915792
v -0.120311 -0.470205 -3.954813
v -0.221489 -0.789392 -3.525844
v -0.211646 -0.609760 -3.486008
v -0.484716 -0.731334 -3.817635
v -0.218822 -0.584031 -3.873099
v -0.319950 -0.748181 -3.449531
v -0.087331 -0.368954 -3.921036
v -0.284878 -0.467704 -4.064073
v -0.177113 -0.400751 -4.143985
v -0.162632 -0.452721 -3.878054
v -0.218827 -0.431391 -4.071963
v -0.093075 -0.424947 -3.886632
v -0.196752 -0.450827 -3.821393
v -0.347284 -0.460657 -3.985855
v -0.244853 -0.538960 -4.043333
v -0.133605 -0.446232 -3.823648
v -0.175776 -0.558858 -3.832138
v -0.159945 -0.416931 -4.062867
v -0.217722 -0.589280 -3.790992
v -0.198586 -0.483904 -4.019421
v -0.122822 -0.509903 -3.810168
v -0.318269 -0.581820 -3.990087
v -0.222784 -0.624654 -3.756521
v -0.117319 -0.531927 -3.536836
v -0.153706 -0.644553 -3.545326
v -0.137875 -0.502626 -3.776055
v -0.202797 -0.578386 -3.523292
v -0.296200 -0.667514 -3.703274
v -0.176516 -0.569599 -3.732609
v -0.195652 -0.674975 -3.504179
v -0.129663 -0.469109 -3.491497
v -0.210371 -0.583276 -3.712225
v -0.125686 -0.461437 -3.733810
v -0.163291 -0.583015 -3.494155
v -0.208831 -0.610716 -3.454952
v -0.167644 -0.525261 -3.688729
v -0.119406 -0.493218 -3.471216
v -0.288280 -0.623056 -3.663135
v -1.302186 -0.961908 -2.265700
v -0.811923 -0.973108 -2.860478
v -0.765578 -0.960784 -2.302168
v -1.348531 -0.974232 -2.824010
v -0.563531 -0.898976 -2.248473
v -1.001751 -0.971309 -2.199601
v -1.049608 -0.963130 -2.760396
v -0.499715 -0.865339 -2.810214
v -1.307319 -0.957118 -1.928516
v -0.805177 -1.113890 -2.492006
v -0.770222 -0.952452 -1.956537
v -1.342274 -1.118556 -2.463984
v -0.570575 -0.873615 -1.918444
v -1.008133 -0.941174 -1.858149
v -1.044962 -1.083550 -2.401490
v -0.496269 -0.988946 -2.467930
v -0.259322 -0.789253 -2.426140
v -0.747025 -1.000884 -2.344892
v -0.765049 -1.125637 -2.749725
v -0.277347 -0.914005 -2.830973
v -0.103549 -0.643856 -2.420131
v -0.472723 -0.876515 -2.324361
v -0.500575 -0.984190 -2.735276
v -0.040639 -0.684565 -2.716576
v 0.024338 -0.340230 -4.184385
v -0.477573 -0.648408 -3.966779
v -0.432060 -0.488421 -4.309028
v -0.165272 -0.484383 -3.825959
v -0.671171 -0.675458 -3.950023
v -0.233849 -0.438083 -4.197975
v -0.273462 -0.615098 -3.861758
v -0.735409 -0.511593 -4.299088
v -0.750544 -0.782596 -3.579436
v -0.267375 -0.564592 -4.139139
v -0.235837 -0.626570 -3.583104
v -0.782082 -0.720619 -4.135469
v -0.066396 -0.479910 -3.508901
v -0.460977 -0.718162 -3.497476
v -0.499748 -0.636784 -4.053103
v 0.000452 -0.383358 -4.055248
v -1.592060 -0.928198 -2.595522
v -1.865302 -0.530174 -2.526336
v -1.746711 -0.832776 -2.825812
v -1.788024 -0.675501 -2.350484
v -1.462732 -0.871282 -2.454774
v -1.717470 -0.635131 -2.249169
v -1.686445 -0.840436 -2.665665
v -1.895795 -0.602235 -2.414674
v -1.921481 -0.694149 -2.560032
v -1.947891 -0.547559 -2.317420
v -1.977435 -0.562798 -2.649624
v -1.941403 -0.416222 -2.378005
v -1.826567 -0.717833 -2.486964
v -1.984820 -0.469096 -2.319648
v -1.945502 -0.609686 -2.565340
v -1.892923 -0.559528 -2.260567
v -0.320956 -0.811299 -2.543791
v -0.291411 -0.826538 -2.875996
v -0.327446 -0.679962 -2.604376
v -0.347366 -0.957888 -2.786403
v -0.284027 -0.732836 -2.546020
v -0.442280 -0.981572 -2.713336
v -0.323345 -0.873426 -2.791712
v -0.375925 -0.823267 -2.486938
v 0.047384 -0.316892 -2.579127
v -0.030535 -0.774804 -2.727841
v 0.062001 -0.584222 -2.930749
v 0.044652 -0.509326 -2.434293
v 0.108824 -0.387189 -2.479756
v -0.167938 -0.803846 -2.586235
v 0.015172 -0.644478 -2.777405
v -0.033643 -0.521147 -2.331324
v -0.286005 -0.755525 -2.358017
v -0.705656 -1.038006 -2.542024
v -0.377544 -0.837845 -2.684492
v -0.614116 -0.955687 -2.215549
v -0.185057 -0.591478 -2.470843
v -0.535760 -0.857535 -2.397072
v -0.521584 -0.961529 -2.704733
v -0.170882 -0.695472 -2.778504
v -0.126597 -0.700353 -2.186575
v -0.479077 -0.936492 -2.183853
v -0.482064 -1.017772 -2.559663
v -0.129586 -0.781484 -2.602732
v -0.294869 -0.870129 -2.521878
v -0.032190 -0.556013 -2.159215
v -0.279001 -0.804554 -2.101558
v 0.010316 -0.551571 -2.586395
v -0.289108 -0.719785 -3.384759
v -0.536170 -0.947860 -3.025810
v -0.489855 -0.897243 -3.422792
v -0.345170 -0.814571 -2.964423
v -0.656847 -0.924948 -2.983562
v -0.370950 -0.860475 -3.345071
v -0.413837 -0.931383 -2.949222
v -0.677763 -0.846753 -3.379013
v -0.492194 -0.923659 -2.751513
v -0.376022 -0.743731 -2.880068
v -0.402184 -0.709142 -2.689095
v -0.534240 -0.945886 -2.957803
v -0.619302 -0.948680 -2.761022
v -0.487905 -0.976253 -3.141689
v -0.303289 -0.795063 -3.011104
v -0.428736 -0.837896 -2.652921
v -0.694547 -0.930164 -2.715475
v -0.326070 -0.814193 -3.089813
v -0.325202 -0.835821 -2.715296
v -0.695415 -0.908536 -3.089992
v -0.910702 -0.965802 -2.661667
v -0.528699 -0.860355 -3.033047
v -0.524488 -0.902302 -2.658894
v -0.914912 -0.923854 -3.035820
v -1.571213 -0.957888 -2.786403
v -1.597624 -0.811299 -2.543791
v -1.627167 -0.826538 -2.875996
v -1.591134 -0.679962 -2.604376
v -1.476300 -0.981572 -2.713336
v -1.634552 -0.732835 -2.546020
v -1.595232 -0.873426 -2.791712
v -1.542655 -0.823268 -2.486938
v -1.888044 -0.774804 -2.727841
v -1.965963 -0.316892 -2.579127
v -1.980581 -0.584222 -2.930749
v -1.963232 -0.509327 -2.434293
v -1.750642 -0.803846 -2.586235
v -2.027403 -0.387189 -2.479756
v -1.933753 -0.644478 -2.777405
v -1.884935 -0.521147 -2.331324
v -1.632574 -0.755526 -2.358017
v -1.541034 -0.837845 -2.684492
v -1.212924 -1.038006 -2.542024
v -1.304462 -0.955687 -2.215549
v -1.733521 -0.591478 -2.470843
v -1.396996 -0.961529 -2.704733
v -1.382818 -0.857535 -2.397072
v -1.747698 -0.695472 -2.778504
v -1.791981 -0.700354 -2.186575
v -1.436516 -1.017772 -2.559663
v -1.439502 -0.936492 -2.183853
v -1.788994 -0.781484 -2.602732
v -1.623709 -0.870128 -2.521878
v -1.886389 -0.556013 -2.159215
v -1.928895 -0.551571 -2.586395
v -1.639579 -0.804554 -2.101558
v -0.279962 -0.846120 -2.361843
v -0.744237 -1.066356 -2.522167
v -0.385206 -0.946051 -2.679142
v -0.638994 -0.966425 -2.204868
v -0.150849 -0.716610 -2.489862
v -0.544163 -0.904803 -2.394430
v -0.549411 -1.043014 -2.688609
v -0.156096 -0.854821 -2.784041
v -0.113046 -0.692179 -2.193939
v -0.502697 -0.919658 -2.132538
v -0.520720 -1.089103 -2.537536
v -0.131069 -0.926926 -2.599179
v -0.081068 -0.675233 -2.181021
v -0.369051 -0.866941 -2.101484
v -0.309700 -0.974617 -2.512399
v 0.048449 -0.725840 -2.605235
v -1.564693 -0.445258 -4.086989
v -1.453447 -0.537985 -4.306674
v -1.522525 -0.557883 -4.095479
v -1.538356 -0.415957 -4.326208
v -1.575478 -0.508928 -4.073509
v -1.499713 -0.482930 -4.282762
v -1.480577 -0.588306 -4.054332
v -1.380029 -0.580845 -4.253428
v -2.072753 -0.307492 -3.559235
v -1.980597 -0.424936 -3.698326
v -2.032590 -0.382359 -3.536122
v -2.053097 -0.357820 -3.741811
v -2.076047 -0.348679 -3.530927
v -2.019552 -0.385572 -3.693841
v -1.999359 -0.385161 -3.500304
v -1.923051 -0.428476 -3.652120
v -2.135716 -0.280636 -3.315900
v -2.043560 -0.398080 -3.454991
v -2.095553 -0.355503 -3.292787
v -2.116060 -0.330964 -3.498476
v -2.139010 -0.321823 -3.287592
v -2.082515 -0.358716 -3.450506
v -2.062322 -0.358305 -3.256968
v -1.986014 -0.401620 -3.408785
v -2.105186 -0.319763 -3.462169
v -1.980065 -0.394535 -3.604951
v -2.059659 -0.393868 -3.448454
v -2.053451 -0.326423 -3.645288
v -1.929736 -0.402901 -3.551508
v -2.031805 -0.401455 -3.408935
v -2.023895 -0.360893 -3.599085
v -2.107295 -0.366316 -3.443813
v -2.018170 -0.288443 -3.702117
v -1.897747 -0.444105 -3.796961
v -1.982808 -0.377449 -3.652438
v -1.968343 -0.367203 -3.876770
v -1.838593 -0.442923 -3.730027
v -2.031276 -0.336438 -3.666691
v -1.940212 -0.396088 -3.811494
v -1.950323 -0.376831 -3.604169
v -1.827135 -0.378159 -4.139251
v -1.509763 -0.594555 -3.975143
v -1.671935 -0.442930 -3.873721
v -1.566097 -0.511458 -4.235216
v -1.673327 -0.457011 -4.150968
v -1.384265 -0.611045 -3.967786
v -1.624051 -0.555329 -3.893794
v -1.369127 -0.523610 -4.237042
v -1.757581 -0.476201 -3.998327
v -1.958143 -0.358320 -3.875388
v -1.846061 -0.394179 -4.087353
v -1.899104 -0.451935 -3.827583
v -1.704854 -0.479204 -3.913044
v -1.872215 -0.455936 -3.767258
v -1.817411 -0.431847 -4.012343
v -1.963315 -0.415602 -3.843077
v -1.741544 -0.483892 -3.823321
v -1.966815 -0.358613 -3.770464
v -1.808749 -0.422913 -3.942681
v -1.918673 -0.439514 -3.695152
v -1.709620 -0.469706 -3.729291
v -1.906190 -0.431909 -3.630618
v -1.797338 -0.445910 -3.857787
v -1.978258 -0.409918 -3.730604
v -1.663595 -0.486651 -3.864909
v -1.846117 -0.360512 -3.901900
v -1.695091 -0.440059 -4.003885
v -1.825336 -0.431537 -3.806876
v -1.824312 -0.417124 -3.744407
v -1.700844 -0.453586 -3.918920
v -1.650502 -0.462443 -3.770064
v -1.866313 -0.406861 -3.861866
v -2.048695 -0.288858 -3.589937
v -1.928270 -0.444521 -3.684782
v -2.013331 -0.377864 -3.540258
v -1.998865 -0.367619 -3.764590
v -1.869117 -0.443338 -3.617847
v -2.061800 -0.336854 -3.554512
v -1.970734 -0.396503 -3.699315
v -1.980847 -0.377246 -3.491989
v -1.795418 -0.539487 -3.683593
v -1.965178 -0.323119 -3.589673
v -1.877375 -0.445203 -3.805851
v -1.926067 -0.436345 -3.510628
v -1.725874 -0.531441 -3.587567
v -1.987808 -0.383201 -3.539888
v -1.849081 -0.477097 -3.713123
v -1.889387 -0.430819 -3.442698
v -1.794893 -0.493666 -3.513496
v -1.600776 -0.683586 -3.915792
v -1.697089 -0.789392 -3.525844
v -1.798266 -0.470205 -3.954813
v -1.706933 -0.609760 -3.486008
v -1.433862 -0.731334 -3.817635
v -1.598629 -0.748181 -3.449531
v -1.699757 -0.584031 -3.873099
v -1.633702 -0.467704 -4.064073
v -1.831248 -0.368954 -3.921036
v -1.741467 -0.400751 -4.143985
v -1.755945 -0.452721 -3.878054
v -1.571295 -0.460657 -3.985855
v -1.721828 -0.450827 -3.821393
v -1.699752 -0.431391 -4.071963
v -1.825505 -0.424947 -3.886632
v -1.784972 -0.446232 -3.823648
v -1.673727 -0.538960 -4.043333
v -1.742804 -0.558858 -3.832138
v -1.758635 -0.416931 -4.062867
v -1.795758 -0.509903 -3.810168
v -1.719994 -0.483904 -4.019421
v -1.700856 -0.589280 -3.790992
v -1.600310 -0.581820 -3.990087
v -1.801260 -0.531927 -3.536836
v -1.695796 -0.624654 -3.756521
v -1.764874 -0.644553 -3.545326
v -1.780704 -0.502626 -3.776055
v -1.715781 -0.578386 -3.523292
v -1.622380 -0.667514 -3.703274
v -1.722927 -0.674975 -3.504179
v -1.742063 -0.569599 -3.732609
v -1.788915 -0.469109 -3.491497
v -1.708210 -0.583276 -3.712225
v -1.755289 -0.583015 -3.494155
v -1.792892 -0.461437 -3.733810
v -1.799174 -0.493218 -3.471216
v -1.750936 -0.525261 -3.688729
v -1.709749 -0.610716 -3.454952
v -1.630300 -0.623056 -3.663135
v -1.426383 -0.923659 -2.751513
v -1.516395 -0.709142 -2.689095
v -1.542557 -0.743731 -2.880068
v -1.384340 -0.945886 -2.957803
v -1.299278 -0.948680 -2.761022
v -1.615289 -0.795063 -3.011104
v -1.430675 -0.976253 -3.141689
v -1.489844 -0.837896 -2.652921
v -1.629471 -0.719785 -3.384759
v -1.382407 -0.947860 -3.025810
v -1.573410 -0.814571 -2.964423
v -1.428725 -0.897243 -3.422792
v -1.261733 -0.924949 -2.983562
v -1.504741 -0.931383 -2.949222
v -1.547628 -0.860475 -3.345071
v -1.240817 -0.846753 -3.379013
v -1.334090 -0.436868 -4.443666
v -0.996726 -0.630359 -4.291254
v -1.178195 -0.510189 -4.180780
v -1.056824 -0.527894 -4.543455
v -1.171686 -0.495464 -4.457920
v -0.870352 -0.632671 -4.281256
v -1.116693 -0.613490 -4.210375
v -0.859833 -0.516573 -4.539680
v -1.942917 -0.340230 -4.184385
v -1.441005 -0.648408 -3.966779
v -1.753308 -0.484383 -3.825959
v -1.486520 -0.488421 -4.309027
v -1.247407 -0.675458 -3.950023
v -1.645118 -0.615098 -3.861758
v -1.684730 -0.438083 -4.197976
v -1.183170 -0.511593 -4.299088
v -1.224030 -0.930164 -2.715475
v -1.593376 -0.835821 -2.715296
v -1.592510 -0.814193 -3.089813
v -1.223164 -0.908536 -3.089991
v -1.007878 -0.965802 -2.661667
v -1.394090 -0.902302 -2.658894
v -1.389879 -0.860355 -3.033047
v -1.003668 -0.923854 -3.035820
v -1.575372 -0.445437 -0.569183
v -1.606848 -0.368925 -0.798162
v -1.745346 -0.576733 -0.589691
v -1.776820 -0.500221 -0.818670
v -1.598640 -0.367683 -0.629144
v -1.506891 -0.522798 -0.559420
v -1.464960 -0.394653 -0.609746
v -1.640573 -0.539439 -0.578979
v -1.598640 -0.367314 -0.728685
v -1.506891 -0.566041 -0.659122
v -1.464960 -0.394284 -0.709287
v -1.640573 -0.539071 -0.678520
v -1.542455 -0.401534 -0.587493
v -1.662936 -0.531821 -0.800315
v -1.606080 -0.573040 -0.605182
v -1.599313 -0.360316 -0.782626
v -1.569539 -0.233932 -0.336452
v -1.640387 -0.564968 -0.672069
v -1.607498 -0.510803 -0.293536
v -1.602427 -0.288096 -0.714985
v -1.657979 -0.267480 -1.048419
v -1.600255 -0.335870 -1.125464
v -1.569767 -0.371977 -1.032378
v -1.695606 -0.255313 -1.145003
v -1.730295 -0.267342 -0.938919
v -1.661870 -0.413115 -0.994040
v -1.665256 -0.429320 -0.844486
v -1.746375 -0.281836 -1.087779
v -1.703947 -0.281714 -1.157176
v -1.727858 -0.419427 -0.987623
v -1.749617 -0.236615 -1.038543
v -1.756140 -0.466506 -1.110719
v -1.513060 -0.410993 -0.729927
v -1.474538 -0.540606 -0.873965
v -1.357558 -0.545657 -0.807188
v -1.432475 -0.478009 -0.645024
v -1.529365 -0.387906 -0.456364
v -1.595357 -0.388017 -0.625603
v -1.444669 -0.500816 -0.489316
v -1.510663 -0.500927 -0.658555
v -1.492547 -0.463505 -0.593048
v -1.365676 -0.509044 -0.495157
v -1.533328 -0.401992 -0.511579
v -1.406457 -0.447531 -0.413687
v -1.657979 -0.355395 -0.821400
v -1.600255 -0.423784 -0.898445
v -1.569767 -0.459891 -0.805359
v -1.695606 -0.343227 -0.917984
v -1.590547 -0.399930 -0.701812
v -1.532824 -0.468320 -0.778857
v -1.502335 -0.504426 -0.685771
v -1.628174 -0.387762 -0.798396
v -1.695537 -0.323426 -0.875981
v -1.682256 -0.322161 -0.968608
v -1.640275 -0.443436 -0.886313
v -1.675043 -0.459004 -0.971722
v -1.628104 -0.367961 -0.756393
v -1.614824 -0.366696 -0.849020
v -1.572844 -0.487971 -0.766725
v -1.607610 -0.503539 -0.852135
v -1.520217 -0.240839 0.009666
v -1.446357 -0.337597 -0.149313
v -1.304392 -0.339311 -0.082313
v -1.378253 -0.242553 0.076666
v -1.509260 -0.224084 -0.071768
v -1.431885 -0.355661 -0.201351
v -1.315347 -0.386249 -0.100707
v -1.392724 -0.254672 0.028877
v -1.412406 -0.465077 0.094775
v -1.439750 -0.191823 0.122477
v -1.470683 -0.179366 -0.030931
v -1.443338 -0.452620 -0.058633
v -1.510225 -0.302487 -0.235627
v -1.615654 -0.315811 -0.390290
v -1.482151 -0.431446 -0.243655
v -1.587579 -0.444770 -0.398318
v -1.384718 -0.209164 0.045081
v -1.449590 -0.369326 0.019008
v -1.370347 -0.400395 0.102663
v -1.512742 -0.244048 -0.038820
v -1.213939 -0.291959 0.041495
v -1.068640 -0.405407 -0.117564
v -1.084153 -0.258604 0.020633
v -1.198426 -0.438762 -0.096702
v -1.156740 -0.263108 0.061189
v -1.277231 -0.406419 -0.094461
v -1.142118 -0.395157 -0.091257
v -1.291852 -0.274371 0.057985
v -1.428051 -0.228201 0.126510
v -1.358573 -0.295071 0.320792
v -1.384883 -0.155984 0.242167
v -1.401742 -0.367289 0.205136
v -1.374984 -0.368744 0.253910
v -1.279053 -0.249247 0.143024
v -1.387372 -0.282840 0.128881
v -1.266665 -0.335150 0.268054
v -1.419394 -0.174569 0.168924
v -1.405265 -0.387321 0.121346
v -1.380997 -0.313040 0.244627
v -1.433640 -0.167212 0.066881
v -1.403881 -0.518957 -0.509314
v -1.347655 -0.401899 -0.306493
v -1.481779 -0.417772 -0.369927
v -1.269757 -0.503084 -0.445880
v -1.129896 -0.382935 0.153587
v -1.351104 -0.285831 -0.078619
v -1.124887 -0.294525 -0.076815
v -1.262427 -0.387537 0.242067
v -1.533412 -0.380544 -0.483414
v -1.365592 -0.502095 -0.332252
v -1.499243 -0.369222 -0.347014
v -1.399761 -0.551633 -0.468793
v -1.308393 -0.283555 -0.006740
v -1.420964 -0.350332 -0.108468
v -1.296755 -0.339479 -0.100799
v -1.432601 -0.294408 -0.014409
v -1.430000 -0.390829 0.217018
v -1.342432 -0.250246 0.119329
v -1.404077 -0.252489 0.057556
v -1.325740 -0.343504 0.239202
v -1.468812 -0.361759 0.110556
v -1.426301 -0.240092 0.058413
v -1.456203 -0.251572 0.004026
v -1.414217 -0.307544 0.145063
v -1.450288 -0.272972 0.056883
v -1.443630 -0.336646 0.146389
v -1.381819 -0.290461 0.175957
v -1.388477 -0.226787 0.086451
v -1.377964 -0.284513 0.005573
v -1.493400 -0.335824 -0.107177
v -1.366079 -0.334336 -0.092307
v -1.455841 -0.260587 0.027811
v -1.161978 -0.224172 0.049143
v -0.999707 -0.358146 -0.141176
v -0.985455 -0.209457 0.053328
v -1.145020 -0.437269 -0.097823
v -1.331907 -0.228714 0.249963
v -1.307739 -0.292832 0.142853
v -1.278847 -0.260800 0.209182
v -1.417107 -0.269492 0.179013
v -1.331537 -0.257105 0.216396
v -1.254332 -0.308311 0.112326
v -1.225420 -0.270048 0.175074
v -1.360447 -0.295368 0.153648
v -1.140136 -0.320166 0.128914
v -1.351115 -0.368862 -0.049099
v -1.165216 -0.370537 -0.071741
v -1.239743 -0.283995 0.208510
v -1.229383 -0.371831 0.116753
v -1.004210 -0.279529 -0.109920
v -1.008739 -0.348324 0.126440
v -1.224854 -0.303036 -0.119607
v -1.214833 -0.291516 0.126577
v -1.452473 -0.233701 -0.010380
v -1.306741 -0.343275 -0.053153
v -1.259104 -0.195688 0.206719
v -1.046484 -0.309213 0.079208
v -1.250331 -0.396986 -0.085031
v -1.070904 -0.374739 -0.116432
v -1.225913 -0.331460 0.110609
v -1.143620 -0.339178 0.065319
v -1.294904 -0.254359 0.121251
v -1.241968 -0.315712 -0.105868
v -1.393253 -0.308366 -0.050223
v -1.125510 -0.371831 0.116753
v -0.900337 -0.279529 -0.109920
v -0.904866 -0.348324 0.126440
v -1.120981 -0.303036 -0.119607
v -1.140568 -0.357509 0.253578
v -1.350797 -0.309261 0.074558
v -1.164900 -0.310935 0.051916
v -1.239430 -0.355448 0.341826
v -1.226506 -0.354587 0.232918
v -1.070201 -0.299866 0.009260
v -1.045631 -0.330636 0.213256
v -1.251075 -0.323817 0.028922
v -1.026025 -0.382935 0.153587
v -1.247232 -0.285831 -0.078619
v -1.021015 -0.294525 -0.076815
v -1.158556 -0.387537 0.242067
vt 0.931402 1.932248
vt 0.715789 1.932248
vt 0.715789 1.519762
vt 0.931402 1.519762
vt 0.351402 1.959440
vt 0.584296 1.635534
vt 0.584296 1.959440
vt 0.351402 1.635534
vt 0.351402 1.959440
vt 0.351402 1.635534
vt 0.584296 1.959440
vt 0.584296 1.635534
vt 0.715789 1.932248
vt 0.931402 1.519762
vt 0.931402 1.932248
vt 0.715789 1.519762
vt 0.351402 1.959440
vt 0.351402 1.635534
vt 0.584296 1.959440
vt 0.584296 1.635534
vt 0.715789 1.932248
vt 0.931402 1.519762
vt 0.931402 1.932248
vt 0.715789 1.519762
vt 0.715789 1.932248
vt 0.931402 1.519762
vt 0.931402 1.932248
vt 0.715789 1.519762
vt 0.351402 1.959440
vt 0.351402 1.635534
vt 0.584296 1.959440
vt 0.584296 1.635534
vt 0.715789 1.932248
vt 0.931402 1.519762
vt 0.931402 1.932248
vt 0.715789 1.519762
vt 0.584296 1.959440
vt 0.351402 1.635534
vt 0.584296 1.635534
vt 0.351402 1.959440
vt 0.351402 1.959440
vt 0.351402 1.635534
vt 0.584296 1.959440
vt 0.584296 1.635534
vt 0.931402 1.932248
vt 0.715789 1.932248
vt 0.715789 1.519762
vt 0.931402 1.519762
vt 0.351402 1.959440
vt 0.584296 1.635534
vt 0.584296 1.959440
vt 0.351402 1.635534
vt 0.715789 1.932248
vt 0.931402 1.519762
vt 0.931402 1.932248
vt 0.715789 1.519762
vt 0.584296 1.635534
vt 0.351402 1.959440
vt 0.351402 1.635534
vt 0.584296 1.959440
vt 0.931402 1.932248
vt 0.715789 1.519762
vt 0.931402 1.519762
vt 0.715789 1.932248
vt 0.584296 1.635534
vt 0.351402 1.959440
vt 0.351402 1.635534
vt 0.584296 1.959440
vt 0.931402 1.519762
vt 0.715789 1.932248
vt 0.715789 1.519762
vt 0.931402 1.932248
vt 0.351402 1.959440
vt 0.584296 1.635534
vt 0.584296 1.959440
vt 0.351402 1.635534
vt 0.931402 1.932248
vt 0.715789 1.932248
vt 0.715789 1.519762
vt 0.931402 1.519762
vt 0.584296 1.959440
vt 0.351402 1.635534
vt 0.584296 1.635534
vt 0.351402 1.959440
vt 0.931402 1.932248
vt 0.715789 1.932248
vt 0.715789 1.519762
vt 0.931402 1.519762
vt 0.351402 1.959440
vt 0.584296 1.635534
vt 0.584296 1.959440
vt 0.351402 1.635534
vt 0.931402 1.932248
vt 0.715789 1.932248
vt 0.715789 1.519762
vt 0.931402 1.519762
vt 0.584296 1.635534
vt 0.351402 1.959440
vt 0.351402 1.635534
vt 0.584296 1.959440
vt 0.715789 1.932248
vt 0.715789 1.519762
vt 0.931402 1.932248
vt 0.931402 1.519762
vt 0.584296 1.635534
vt 0.351402 1.959440
vt 0.351402 1.635534
vt 0.584296 1.959440
vt 0.715789 1.932248
vt 0.931402 1.519762
vt 0.931402 1.932248
vt 0.715789 1.519762
vt 0.351402 1.959440
vt 0.584296 1.635534
vt 0.584296 1.959440
vt 0.351402 1.635534
vt 0.931402 1.932248
vt 0.715789 1.932248
vt 0.715789 1.519762
vt 0.931402 1.519762
vt 0.351402 1.959440
vt 0.584296 1.635534
vt 0.584296 1.959440
vt 0.351402 1.635534
vt 0.715789 1.932248
vt 0.715789 1.519762
vt 0.931402 1.932248
vt 0.931402 1.519762
vt 0.931402 1.519762
vt 0.715789 1.932248
vt 0.715789 1.519762
vt 0.931402 1.932248
vt 0.715789 1.932248
vt 0.715789 1.519762
vt 0.931402 1.932248
vt 0.931402 1.519762
vt 0.931402 1.932248
vt 0.715789 1.519762
vt 0.931402 1.519762
vt 0.715789 1.932248
vt 0.543190 1.440212
vt 0.926844 1.135330
vt 0.926844 1.440212
vt 0.543190 1.135330
vt 0.543190 1.440212
vt 0.543190 1.135330
vt 0.926844 1.440212
vt 0.926844 1.135330
vt 0.016226 1.942648
vt 0.281052 1.636064
vt 0.281052 1.942648
vt 0.016226 1.636064
vt 0.281052 1.636064
vt 0.281052 1.942648
vt 0.016226 1.636064
vt 0.016226 1.942648
vt 0.281052 1.942648
vt 0.016226 1.636064
vt 0.281052 1.636064
vt 0.016226 1.942648
vt 0.281052 1.942648
vt 0.016226 1.636064
vt 0.281052 1.636064
vt 0.016226 1.942648
vt 0.926844 1.440212
vt 0.543190 1.440212
vt 0.543190 1.135330
vt 0.926844 1.135330
vt 0.543190 1.440212
vt 0.543190 1.135330
vt 0.926844 1.440212
vt 0.926844 1.135330
vt 0.926844 1.135330
vt 0.543190 1.440212
vt 0.543190 1.135330
vt 0.926844 1.440212
vt 0.543190 1.440212
vt 0.543190 1.135330
vt 0.926844 1.440212
vt 0.926844 1.135330
vt 0.926844 1.135330
vt 0.543190 1.440212
vt 0.926844 1.440212
vt 0.543190 1.135330
vt 0.543190 1.440212
vt 0.926844 1.440212
vt 0.543190 1.135330
vt 0.926844 1.135330
vt 0.543190 1.135330
vt 0.926844 1.135330
vt 0.926844 1.440212
vt 0.543190 1.440212
vt 0.543190 1.440212
vt 0.543190 1.135330
vt 0.926844 1.440212
vt 0.926844 1.135330
vt 0.543190 1.440212
vt 0.543190 1.135330
vt 0.926844 1.440212
vt 0.926844 1.135330
vt 0.567015 1.932248
vt 0.351402 1.519762
vt 0.567015 1.519762
vt 0.351402 1.932248
vt 0.567015 1.932248
vt 0.351402 1.519762
vt 0.567015 1.519762
vt 0.351402 1.932248
vt 0.351402 1.959440
vt 0.351402 1.635534
vt 0.584296 1.959440
vt 0.584296 1.635534
vt 0.715789 1.932248
vt 0.931402 1.519762
vt 0.931402 1.932248
vt 0.715789 1.519762
vt 0.351402 1.959440
vt 0.351402 1.635534
vt 0.584296 1.959440
vt 0.584296 1.635534
vt 0.567015 1.932248
vt 0.351402 1.519762
vt 0.567015 1.519762
vt 0.351402 1.932248
vt 0.698508 1.959440
vt 0.931402 1.635534
vt 0.931402 1.959440
vt 0.698508 1.635534
vt 0.567015 1.932248
vt 0.351402 1.519762
vt 0.567015 1.519762
vt 0.351402 1.932248
vt 0.018071 1.451270
vt 0.454328 1.159498
vt 0.454328 1.451270
vt 0.018071 1.159498
vt 0.715789 1.932248
vt 0.931402 1.519762
vt 0.931402 1.932248
vt 0.715789 1.519762
vt 0.454328 1.451270
vt 0.018071 1.451270
vt 0.018071 1.159498
vt 0.454328 1.159498
vt 0.931402 1.932248
vt 0.715789 1.932248
vt 0.715789 1.519762
vt 0.931402 1.519762
vt 0.715789 1.932248
vt 0.931402 1.519762
vt 0.931402 1.932248
vt 0.715789 1.519762
vt 0.931402 1.932248
vt 0.715789 1.519762
vt 0.931402 1.519762
vt 0.715789 1.932248
vt 0.016226 1.942648
vt 0.281052 1.636064
vt 0.281052 1.942648
vt 0.016226 1.636064
vt 0.715789 1.932248
vt 0.715789 1.519762
vt 0.931402 1.932248
vt 0.931402 1.519762
vt 0.543190 1.440212
vt 0.926844 1.135330
vt 0.926844 1.440212
vt 0.543190 1.135330
vt 0.715789 1.519762
vt 0.931402 1.519762
vt 0.931402 1.932248
vt 0.715789 1.932248
vt 0.715789 1.519762
vt 0.931402 1.519762
vt 0.931402 1.932248
vt 0.715789 1.932248
vt 0.931402 1.519762
vt 0.931402 1.932248
vt 0.715789 1.519762
vt 0.715789 1.932248
vt 0.543190 1.440212
vt 0.926844 1.135330
vt 0.926844 1.440212
vt 0.543190 1.135330
vt 0.543190 1.440212
vt 0.926844 1.135330
vt 0.926844 1.440212
vt 0.543190 1.135330
vt 0.926844 1.135330
vt 0.543190 1.440212
vt 0.543190 1.135330
vt 0.926844 1.440212
vt 0.715789 1.932248
vt 0.715789 1.519762
vt 0.931402 1.932248
vt 0.931402 1.519762
vt 0.931402 1.932248
vt 0.715789 1.519762
vt 0.931402 1.519762
vt 0.715789 1.932248
vt 0.926844 1.135330
vt 0.926844 1.440212
vt 0.543190 1.135330
vt 0.543190 1.440212
vt 0.281052 1.636064
vt 0.281052 1.942648
vt 0.016226 1.636064
vt 0.016226 1.942648
vt 0.281052 1.636064
vt 0.281052 1.942648
vt 0.016226 1.636064
vt 0.016226 1.942648
vt 0.281052 1.636064
vt 0.016226 1.942648
vt 0.016226 1.636064
vt 0.281052 1.942648
vt 0.543190 1.440212
vt 0.543190 1.135330
vt 0.926844 1.440212
vt 0.926844 1.135330
vt 0.926844 1.440212
vt 0.543190 1.440212
vt 0.543190 1.135330
vt 0.926844 1.135330
vt 0.715789 1.932248
vt 0.715789 1.519762
vt 0.931402 1.932248
vt 0.931402 1.519762
vt 0.926844 1.135330
vt 0.543190 1.440212
vt 0.543190 1.135330
vt 0.926844 1.440212
vt 0.715789 1.932248
vt 0.931402 1.519762
vt 0.931402 1.932248
vt 0.715789 1.519762
vt 0.715789 1.932248
vt 0.715789 1.519762
vt 0.931402 1.932248
vt 0.931402 1.519762
vt 0.543190 1.440212
vt 0.926844 1.135330
vt 0.926844 1.440212
vt 0.543190 1.135330
vt 0.715789 1.932248
vt 0.931402 1.519762
vt 0.931402 1.932248
vt 0.715789 1.519762
vt 0.543190 1.135330
vt 0.926844 1.135330
vt 0.926844 1.440212
vt 0.543190 1.440212
vt 0.543190 1.440212
vt 0.543190 1.135330
vt 0.926844 1.440212
vt 0.926844 1.135330
vt 0.715789 1.932248
vt 0.715789 1.519762
vt 0.931402 1.932248
vt 0.931402 1.519762
vt 0.931402 1.519762
vt 0.715789 1.932248
vt 0.715789 1.519762
vt 0.931402 1.932248
vt 0.281052 1.636064
vt 0.016226 1.942648
vt 0.016226 1.636064
vt 0.281052 1.942648
vt 0.931402 1.519762
vt 0.931402 1.932248
vt 0.715789 1.519762
vt 0.715789 1.932248
vt 0.543190 1.135330
vt 0.926844 1.135330
vt 0.926844 1.440212
vt 0.543190 1.440212
vt 0.931402 1.519762
vt 0.715789 1.932248
vt 0.715789 1.519762
vt 0.931402 1.932248
vt 0.931402 1.519762
vt 0.931402 1.932248
vt 0.715789 1.519762
vt 0.715789 1.932248
vt 0.931402 1.519762
vt 0.931402 1.932248
vt 0.715789 1.519762
vt 0.715789 1.932248
vt 0.931402 1.932248
vt 0.715789 1.932248
vt 0.715789 1.519762
vt 0.931402 1.519762
vt 0.715789 1.519762
vt 0.931402 1.932248
vt 0.715789 1.932248
vt 0.931402 1.519762
vt 0.931402 1.519762
vt 0.715789 1.932248
vt 0.715789 1.519762
vt 0.931402 1.932248
vt 0.931402 1.519762
vt 0.715789 1.932248
vt 0.715789 1.519762
vt 0.931402 1.932248
vt 0.016226 1.942648
vt 0.281052 1.636064
vt 0.281052 1.942648
vt 0.016226 1.636064
vt 0.016226 1.942648
vt 0.281052 1.636064
vt 0.281052 1.942648
vt 0.016226 1.636064
vt 0.281052 1.942648
vt 0.016226 1.942648
vt 0.016226 1.636064
vt 0.281052 1.636064
vt 0.281052 1.636064
vt 0.016226 1.942648
vt 0.016226 1.636064
vt 0.281052 1.942648
vt 0.926844 1.135330
vt 0.926844 1.440212
vt 0.543190 1.135330
vt 0.543190 1.440212
vt 0.543190 1.135330
vt 0.926844 1.135330
vt 0.926844 1.440212
vt 0.543190 1.440212
vt 0.715789 1.932248
vt 0.931402 1.519762
vt 0.931402 1.932248
vt 0.715789 1.519762
vt 0.931402 1.519762
vt 0.715789 1.932248
vt 0.715789 1.519762
vt 0.931402 1.932248
vt 0.926844 1.135330
vt 0.543190 1.440212
vt 0.543190 1.135330
vt 0.926844 1.440212
vt 0.926844 1.135330
vt 0.543190 1.440212
vt 0.543190 1.135330
vt 0.926844 1.440212
vt 0.931402 1.932248
vt 0.715789 1.932248
vt 0.715789 1.519762
vt 0.931402 1.519762
vt 0.715789 1.932248
vt 0.931402 1.519762
vt 0.931402 1.932248
vt 0.715789 1.519762
vt 0.281052 1.942648
vt 0.016226 1.636064
vt 0.281052 1.636064
vt 0.016226 1.942648
vt 0.281052 1.636064
vt 0.016226 1.942648
vt 0.016226 1.636064
vt 0.281052 1.942648
vt 0.715789 1.932248
vt 0.931402 1.519762
vt 0.931402 1.932248
vt 0.715789 1.519762
vt 0.931402 1.519762
vt 0.715789 1.932248
vt 0.715789 1.519762
vt 0.931402 1.932248
vt 0.931402 1.519762
vt 0.715789 1.932248
vt 0.715789 1.519762
vt 0.931402 1.932248
vt 0.931402 1.519762
vt 0.715789 1.932248
vt 0.715789 1.519762
vt 0.931402 1.932248
vt 0.931402 1.932248
vt 0.715789 1.519762
vt 0.931402 1.519762
vt 0.715789 1.932248
vt 0.715789 1.932248
vt 0.931402 1.519762
vt 0.931402 1.932248
vt 0.715789 1.519762
vt 0.931402 1.932248
vt 0.715789 1.932248
vt 0.715789 1.519762
vt 0.931402 1.519762
vt 0.926844 1.440212
vt 0.543190 1.440212
vt 0.543190 1.135330
vt 0.926844 1.135330
vt 0.926844 1.440212
vt 0.543190 1.440212
vt 0.543190 1.135330
vt 0.926844 1.135330
vt 0.926844 1.440212
vt 0.543190 1.440212
vt 0.543190 1.135330
vt 0.926844 1.135330
vt 0.926844 1.135330
vt 0.543190 1.440212
vt 0.543190 1.135330
vt 0.926844 1.440212
vt 0.926844 1.135330
vt 0.926844 1.440212
vt 0.543190 1.135330
vt 0.543190 1.440212
vt 0.715789 1.932248
vt 0.931402 1.519762
vt 0.931402 1.932248
vt 0.715789 1.519762
vt 0.016226 1.942648
vt 0.281052 1.636064
vt 0.281052 1.942648
vt 0.016226 1.636064
vt 0.931402 1.932248
vt 0.715789 1.932248
vt 0.715789 1.519762
vt 0.931402 1.519762
vt 0.715789 1.932248
vt 0.715789 1.519762
vt 0.931402 1.932248
vt 0.931402 1.519762
vt 0.715789 1.932248
vt 0.715789 1.519762
vt 0.931402 1.932248
vt 0.931402 1.519762
vt 0.715789 1.932248
vt 0.931402 1.519762
vt 0.931402 1.932248
vt 0.715789 1.519762
vt 0.016226 1.942648
vt 0.281052 1.636064
vt 0.281052 1.942648
vt 0.016226 1.636064
vt 0.281052 1.942648
vt 0.016226 1.942648
vt 0.016226 1.636064
vt 0.281052 1.636064
vt 0.281052 1.636064
vt 0.016226 1.942648
vt 0.016226 1.636064
vt 0.281052 1.942648
vt 0.281052 1.636064
vt 0.016226 1.942648
vt 0.016226 1.636064
vt 0.281052 1.942648
vt 0.016226 1.942648
vt 0.281052 1.636064
vt 0.281052 1.942648
vt 0.016226 1.636064
vt 0.454328 1.159498
vt 0.018071 1.451270
vt 0.454328 1.451270
vt 0.018071 1.159498
vt 0.715789 1.932248
vt 0.931402 1.519762
vt 0.715789 1.519762
vt 0.931402 1.932248
vt 0.454328 1.451270
vt 0.018071 1.159498
vt 0.018071 1.451270
vt 0.454328 1.159498
vt 0.931402 1.932248
vt 0.715789 1.519762
vt 0.715789 1.932248
vt 0.931402 1.519762
vt 0.715789 1.932248
vt 0.931402 1.519762
vt 0.715789 1.519762
vt 0.931402 1.932248
vt 0.931402 1.932248
vt 0.931402 1.519762
vt 0.715789 1.519762
vt 0.715789 1.932248
vt 0.281052 1.636064
vt 0.016226 1.942648
vt 0.281052 1.942648
vt 0.016226 1.636064
vt 0.931402 1.932248
vt 0.715789 1.519762
vt 0.715789 1.932248
vt 0.931402 1.519762
vt 0.543190 1.440212
vt 0.926844 1.135330
vt 0.543190 1.135330
vt 0.926844 1.440212
vt 0.715789 1.932248
vt 0.931402 1.932248
vt 0.715789 1.519762
vt 0.931402 1.519762
vt 0.715789 1.932248
vt 0.931402 1.932248
vt 0.715789 1.519762
vt 0.931402 1.519762
vt 0.715789 1.519762
vt 0.715789 1.932248
vt 0.931402 1.932248
vt 0.931402 1.519762
vt 0.543190 1.440212
vt 0.926844 1.135330
vt 0.543190 1.135330
vt 0.926844 1.440212
vt 0.543190 1.440212
vt 0.926844 1.135330
vt 0.543190 1.135330
vt 0.926844 1.440212
vt 0.543190 1.440212
vt 0.926844 1.135330
vt 0.543190 1.135330
vt 0.926844 1.440212
vt 0.715789 1.932248
vt 0.931402 1.932248
vt 0.715789 1.519762
vt 0.931402 1.519762
vt 0.931402 1.932248
vt 0.931402 1.519762
vt 0.715789 1.519762
vt 0.715789 1.932248
vt 0.926844 1.135330
vt 0.543190 1.135330
vt 0.926844 1.440212
vt 0.543190 1.440212
vt 0.281052 1.636064
vt 0.016226 1.636064
vt 0.281052 1.942648
vt 0.016226 1.942648
vt 0.281052 1.636064
vt 0.016226 1.636064
vt 0.281052 1.942648
vt 0.016226 1.942648
vt 0.281052 1.636064
vt 0.016226 1.942648
vt 0.281052 1.942648
vt 0.016226 1.636064
vt 0.543190 1.440212
vt 0.926844 1.440212
vt 0.543190 1.135330
vt 0.926844 1.135330
vt 0.543190 1.440212
vt 0.926844 1.440212
vt 0.543190 1.135330
vt 0.926844 1.135330
vt 0.715789 1.932248
vt 0.931402 1.932248
vt 0.715789 1.519762
vt 0.931402 1.519762
vt 0.543190 1.440212
vt 0.926844 1.135330
vt 0.543190 1.135330
vt 0.926844 1.440212
vt 0.715789 1.932248
vt 0.931402 1.519762
vt 0.715789 1.519762
vt 0.931402 1.932248
vt 0.715789 1.932248
vt 0.931402 1.932248
vt 0.715789 1.519762
vt 0.931402 1.519762
vt 0.543190 1.440212
vt 0.926844 1.440212
vt 0.543190 1.135330
vt 0.926844 1.135330
vt 0.715789 1.932248
vt 0.931402 1.519762
vt 0.715789 1.519762
vt 0.931402 1.932248
vt 0.543190 1.440212
vt 0.926844 1.440212
vt 0.543190 1.135330
vt 0.926844 1.135330
vt 0.543190 1.440212
vt 0.926844 1.440212
vt 0.543190 1.135330
vt 0.926844 1.135330
vt 0.715789 1.932248
vt 0.931402 1.932248
vt 0.715789 1.519762
vt 0.931402 1.519762
vt 0.931402 1.519762
vt 0.715789 1.932248
vt 0.931402 1.932248
vt 0.715789 1.519762
vt 0.016226 1.942648
vt 0.281052 1.636064
vt 0.016226 1.636064
vt 0.281052 1.942648
vt 0.931402 1.519762
vt 0.715789 1.519762
vt 0.931402 1.932248
vt 0.715789 1.932248
vt 0.543190 1.440212
vt 0.926844 1.440212
vt 0.543190 1.135330
vt 0.926844 1.135330
vt 0.715789 1.932248
vt 0.931402 1.519762
vt 0.715789 1.519762
vt 0.931402 1.932248
vt 0.931402 1.519762
vt 0.715789 1.519762
vt 0.931402 1.932248
vt 0.715789 1.932248
vt 0.931402 1.519762
vt 0.715789 1.519762
vt 0.931402 1.932248
vt 0.715789 1.932248
vt 0.931402 1.932248
vt 0.715789 1.519762
vt 0.715789 1.932248
vt 0.931402 1.519762
vt 0.931402 1.519762
vt 0.715789 1.932248
vt 0.931402 1.932248
vt 0.715789 1.519762
vt 0.931402 1.519762
vt 0.715789 1.932248
vt 0.931402 1.932248
vt 0.715789 1.519762
vt 0.931402 1.519762
vt 0.715789 1.932248
vt 0.931402 1.932248
vt 0.715789 1.519762
vt 0.281052 1.636064
vt 0.016226 1.942648
vt 0.281052 1.942648
vt 0.016226 1.636064
vt 0.281052 1.636064
vt 0.016226 1.942648
vt 0.281052 1.942648
vt 0.016226 1.636064
vt 0.281052 1.942648
vt 0.016226 1.636064
vt 0.016226 1.942648
vt 0.281052 1.636064
vt 0.281052 1.636064
vt 0.016226 1.942648
vt 0.281052 1.942648
vt 0.016226 1.636064
vt 0.926844 1.135330
vt 0.543190 1.135330
vt 0.926844 1.440212
vt 0.543190 1.440212
vt 0.543190 1.440212
vt 0.926844 1.440212
vt 0.543190 1.135330
vt 0.926844 1.135330
vt 0.715789 1.932248
vt 0.931402 1.519762
vt 0.715789 1.519762
vt 0.931402 1.932248
vt 0.715789 1.932248
vt 0.931402 1.519762
vt 0.715789 1.519762
vt 0.931402 1.932248
vt 0.926844 1.135330
vt 0.543190 1.440212
vt 0.926844 1.440212
vt 0.543190 1.135330
vt 0.543190 1.440212
vt 0.926844 1.135330
vt 0.543190 1.135330
vt 0.926844 1.440212
vt 0.931402 1.932248
vt 0.715789 1.519762
vt 0.715789 1.932248
vt 0.931402 1.519762
vt 0.715789 1.932248
vt 0.931402 1.519762
vt 0.715789 1.519762
vt 0.931402 1.932248
vt 0.281052 1.942648
vt 0.281052 1.636064
vt 0.016226 1.636064
vt 0.016226 1.942648
vt 0.281052 1.636064
vt 0.016226 1.942648
vt 0.281052 1.942648
vt 0.016226 1.636064
vt 0.931402 1.519762
vt 0.715789 1.932248
vt 0.931402 1.932248
vt 0.715789 1.519762
vt 0.931402 1.519762
vt 0.715789 1.932248
vt 0.931402 1.932248
vt 0.715789 1.519762
vt 0.931402 1.519762
vt 0.715789 1.932248
vt 0.931402 1.932248
vt 0.715789 1.519762
vt 0.931402 1.519762
vt 0.715789 1.932248
vt 0.931402 1.932248
vt 0.715789 1.519762
vt 0.931402 1.932248
vt 0.931402 1.519762
vt 0.715789 1.519762
vt 0.715789 1.932248
vt 0.931402 1.519762
vt 0.715789 1.932248
vt 0.931402 1.932248
vt 0.715789 1.519762
vt 0.931402 1.932248
vt 0.715789 1.519762
vt 0.715789 1.932248
vt 0.931402 1.519762
vt 0.543190 1.440212
vt 0.926844 1.440212
vt 0.543190 1.135330
vt 0.926844 1.135330
vt 0.543190 1.440212
vt 0.926844 1.135330
vt 0.543190 1.135330
vt 0.926844 1.440212
vt 0.926844 1.440212
vt 0.543190 1.135330
vt 0.543190 1.440212
vt 0.926844 1.135330
vt 0.926844 1.440212
vt 0.543190 1.135330
vt 0.543190 1.440212
vt 0.926844 1.135330
vt 0.926844 1.440212
vt 0.543190 1.135330
vt 0.543190 1.440212
vt 0.926844 1.135330
vt 0.926844 1.440212
vt 0.543190 1.135330
vt 0.543190 1.440212
vt 0.926844 1.135330
vt 0.281052 1.942648
vt 0.281052 1.636064
vt 0.016226 1.636064
vt 0.016226 1.942648
vt 0.281052 1.942648
vt 0.281052 1.636064
vt 0.016226 1.636064
vt 0.016226 1.942648
vt 0.016226 1.636064
vt 0.016226 1.942648
vt 0.281052 1.942648
vt 0.281052 1.636064
vt 0.281052 1.942648
vt 0.016226 1.636064
vt 0.016226 1.942648
vt 0.281052 1.636064
vt 0.543190 1.440212
vt 0.926844 1.440212
vt 0.543190 1.135330
vt 0.926844 1.135330
vt 0.926844 1.440212
vt 0.543190 1.135330
vt 0.543190 1.440212
vt 0.926844 1.135330
vt 0.543190 1.440212
vt 0.926844 1.135330
vt 0.543190 1.135330
vt 0.926844 1.440212
vt 0.926844 1.135330
vt 0.543190 1.440212
vt 0.926844 1.440212
vt 0.543190 1.135330
vt 0.926844 1.135330
vt 0.543190 1.135330
vt 0.926844 1.440212
vt 0.543190 1.440212
vt 0.931402 1.519762
vt 0.715789 1.932248
vt 0.931402 1.932248
vt 0.715789 1.519762
vt 0.281052 1.636064
vt 0.016226 1.942648
vt 0.281052 1.942648
vt 0.016226 1.636064
vt 0.931402 1.932248
vt 0.715789 1.519762
vt 0.715789 1.932248
vt 0.931402 1.519762
vt 0.931402 1.932248
vt 0.715789 1.519762
vt 0.715789 1.932248
vt 0.931402 1.519762
vt 0.931402 1.932248
vt 0.715789 1.519762
vt 0.715789 1.932248
vt 0.931402 1.519762
vt 0.931402 1.519762
vt 0.715789 1.932248
vt 0.931402 1.932248
vt 0.715789 1.519762
vt 0.016226 1.942648
vt 0.281052 1.636064
vt 0.016226 1.636064
vt 0.281052 1.942648
vt 0.281052 1.942648
vt 0.016226 1.636064
vt 0.016226 1.942648
vt 0.281052 1.636064
vt 0.281052 1.636064
vt 0.016226 1.942648
vt 0.281052 1.942648
vt 0.016226 1.636064
vt 0.281052 1.636064
vt 0.016226 1.942648
vt 0.281052 1.942648
vt 0.016226 1.636064
vt 0.016226 1.942648
vt 0.281052 1.636064
vt 0.016226 1.636064
vt 0.281052 1.942648
vt 0.931402 1.519762
vt 0.715789 1.932248
vt 0.715789 1.519762
vt 0.931402 1.932248
vt 0.281052 1.636064
vt 0.016226 1.942648
vt 0.016226 1.636064
vt 0.281052 1.942648
vt 0.715789 1.519762
vt 0.931402 1.932248
vt 0.715789 1.932248
vt 0.931402 1.519762
vt 0.016226 1.942648
vt 0.281052 1.636064
vt 0.281052 1.942648
vt 0.016226 1.636064
vt 0.281052 1.942648
vt 0.016226 1.942648
vt 0.016226 1.636064
vt 0.281052 1.636064
vt 0.016226 1.942648
vt 0.281052 1.636064
vt 0.281052 1.942648
vt 0.016226 1.636064
vt 0.016226 1.942648
vt 0.016226 1.636064
vt 0.281052 1.942648
vt 0.281052 1.636064
vt 0.016226 1.942648
vt 0.281052 1.636064
vt 0.281052 1.942648
vt 0.016226 1.636064
vt 0.281052 1.942648
vt 0.016226 1.636064
vt 0.281052 1.636064
vt 0.016226 1.942648
vt 0.016226 1.942648
vt 0.281052 1.636064
vt 0.281052 1.942648
vt 0.016226 1.636064
vt 0.931402 1.519762
vt 0.715789 1.932248
vt 0.715789 1.519762
vt 0.931402 1.932248
vt 0.715789 1.932248
vt 0.931402 1.519762
vt 0.931402 1.932248
vt 0.715789 1.519762
vt 0.543190 1.440212
vt 0.926844 1.135330
vt 0.926844 1.440212
vt 0.543190 1.135330
vt 0.715789 1.932248
vt 0.931402 1.519762
vt 0.931402 1.932248
vt 0.715789 1.519762
vt 0.543190 1.440212
vt 0.926844 1.135330
vt 0.926844 1.440212
vt 0.543190 1.135330
vt 0.715789 1.932248
vt 0.931402 1.519762
vt 0.931402 1.932248
vt 0.715789 1.519762
vt 0.016226 1.942648
vt 0.281052 1.636064
vt 0.281052 1.942648
vt 0.016226 1.636064
vt 0.281052 1.942648
vt 0.016226 1.942648
vt 0.016226 1.636064
vt 0.281052 1.636064
vt 0.016226 1.942648
vt 0.281052 1.636064
vt 0.281052 1.942648
vt 0.016226 1.636064
vt 0.926844 1.440212
vt 0.543190 1.440212
vt 0.543190 1.135330
vt 0.926844 1.135330
vt 0.926844 1.440212
vt 0.543190 1.440212
vt 0.543190 1.135330
vt 0.926844 1.135330
vt 0.926844 1.440212
vt 0.543190 1.440212
vt 0.543190 1.135330
vt 0.926844 1.135330
vt 0.926844 1.440212
vt 0.543190 1.440212
vt 0.543190 1.135330
vt 0.926844 1.135330
vt 0.543190 1.440212
vt 0.926844 1.135330
vt 0.926844 1.440212
vt 0.543190 1.135330
vt 0.543190 1.135330
vt 0.926844 1.135330
vt 0.926844 1.440212
vt 0.543190 1.440212
vt 0.018071 1.451270
vt 0.454328 1.159498
vt 0.454328 1.451270
vt 0.018071 1.159498
vt 0.715789 1.932248
vt 0.931402 1.519762
vt 0.931402 1.932248
vt 0.715789 1.519762
vt 0.715789 1.932248
vt 0.931402 1.519762
vt 0.931402 1.932248
vt 0.715789 1.519762
vt 0.715789 1.932248
vt 0.715789 1.519762
vt 0.931402 1.932248
vt 0.931402 1.519762
vt 0.454328 1.451270
vt 0.018071 1.451270
vt 0.018071 1.159498
vt 0.454328 1.159498
vt 0.543190 1.440212
vt 0.926844 1.135330
vt 0.926844 1.440212
vt 0.543190 1.135330
vt 0.926844 1.440212
vt 0.543190 1.135330
vt 0.926844 1.135330
vt 0.543190 1.440212
vt 0.931402 1.932248
vt 0.715789 1.932248
vt 0.715789 1.519762
vt 0.931402 1.519762
vt 0.931402 1.932248
vt 0.715789 1.519762
vt 0.931402 1.519762
vt 0.715789 1.932248
vt 0.931402 1.519762
vt 0.715789 1.932248
vt 0.715789 1.519762
vt 0.931402 1.932248
vt 0.016226 1.942648
vt 0.281052 1.636064
vt 0.281052 1.942648
vt 0.016226 1.636064
vt 0.016226 1.942648
vt 0.281052 1.636064
vt 0.281052 1.942648
vt 0.016226 1.636064
vt 0.016226 1.942648
vt 0.281052 1.636064
vt 0.281052 1.942648
vt 0.016226 1.636064
vt 0.281052 1.942648
vt 0.016226 1.942648
vt 0.016226 1.636064
vt 0.281052 1.636064
vt 0.016226 1.942648
vt 0.281052 1.636064
vt 0.281052 1.942648
vt 0.016226 1.636064
vt 0.016226 1.942648
vt 0.281052 1.636064
vt 0.281052 1.942648
vt 0.016226 1.636064
vt 0.016226 1.942648
vt 0.281052 1.636064
vt 0.281052 1.942648
vt 0.016226 1.636064
vt 0.281052 1.942648
vt 0.016226 1.942648
vt 0.016226 1.636064
vt 0.281052 1.636064
vt 0.016226 1.942648
vt 0.281052 1.636064
vt 0.281052 1.942648
vt 0.016226 1.636064
vt 0.016226 1.942648
vt 0.281052 1.636064
vt 0.281052 1.942648
vt 0.016226 1.636064
vt 0.016226 1.942648
vt 0.281052 1.636064
vt 0.281052 1.942648
vt 0.016226 1.636064
vt 0.016226 1.942648
vt 0.281052 1.636064
vt 0.281052 1.942648
vt 0.016226 1.636064
vt 0.715789 1.932248
vt 0.931402 1.519762
vt 0.931402 1.932248
vt 0.715789 1.519762
vt 0.584296 1.959440
vt 0.351402 1.959440
vt 0.351402 1.635534
vt 0.584296 1.635534
vt 0.931402 1.932248
vt 0.715789 1.932248
vt 0.715789 1.519762
vt 0.931402 1.519762
vt 0.351402 1.959440
vt 0.584296 1.635534
vt 0.584296 1.959440
vt 0.351402 1.635534
vt 0.931402 1.932248
vt 0.715789 1.932248
vt 0.715789 1.519762
vt 0.931402 1.519762
vt 0.351402 1.959440
vt 0.584296 1.635534
vt 0.584296 1.959440
vt 0.351402 1.635534
vt 0.931402 1.519762
vt 0.931402 1.932248
vt 0.715789 1.519762
vt 0.715789 1.932248
vt 0.584296 1.959440
vt 0.351402 1.635534
vt 0.584296 1.635534
vt 0.351402 1.959440
vt 0.931402 1.932248
vt 0.715789 1.519762
vt 0.931402 1.519762
vt 0.715789 1.932248
vt 0.584296 1.959440
vt 0.351402 1.959440
vt 0.351402 1.635534
vt 0.584296 1.635534
vt 0.715789 1.932248
vt 0.931402 1.519762
vt 0.931402 1.932248
vt 0.715789 1.519762
vt 0.584296 1.959440
vt 0.351402 1.635534
vt 0.584296 1.635534
vt 0.351402 1.959440
vt 0.931402 1.932248
vt 0.715789 1.932248
vt 0.715789 1.519762
vt 0.931402 1.519762
vt 0.584296 1.959440
vt 0.351402 1.959440
vt 0.351402 1.635534
vt 0.584296 1.635534
vt 0.931402 1.932248
vt 0.715789 1.932248
vt 0.715789 1.519762
vt 0.931402 1.519762
vt 0.584296 1.959440
vt 0.351402 1.959440
vt 0.351402 1.635534
vt 0.584296 1.635534
vt 0.715789 1.932248
vt 0.931402 1.519762
vt 0.931402 1.932248
vt 0.715789 1.519762
vt 0.351402 1.959440
vt 0.584296 1.635534
vt 0.584296 1.959440
vt 0.351402 1.635534
vt 0.715789 1.932248
vt 0.931402 1.519762
vt 0.931402 1.932248
vt 0.715789 1.519762
vt 0.351402 1.959440
vt 0.584296 1.635534
vt 0.584296 1.959440
vt 0.351402 1.635534
vt 0.715789 1.932248
vt 0.931402 1.519762
vt 0.931402 1.932248
vt 0.715789 1.519762
vt 0.715789 1.932248
vt 0.931402 1.519762
vt 0.931402 1.932248
vt 0.715789 1.519762
vt 0.454328 1.451270
vt 0.018071 1.159498
vt 0.454328 1.159498
vt 0.018071 1.451270
vt 0.454328 1.159498
vt 0.454328 1.451270
vt 0.018071 1.159498
vt 0.018071 1.451270
vt 0.018071 1.159498
vt 0.454328 1.159498
vt 0.454328 1.451270
vt 0.018071 1.451270
vt 0.016226 1.942648
vt 0.281052 1.636064
vt 0.281052 1.942648
vt 0.016226 1.636064
vt 0.281052 1.942648
vt 0.016226 1.942648
vt 0.016226 1.636064
vt 0.281052 1.636064
vt 0.016226 1.942648
vt 0.281052 1.636064
vt 0.281052 1.942648
vt 0.016226 1.636064
vt 0.016226 1.942648
vt 0.281052 1.636064
vt 0.281052 1.942648
vt 0.016226 1.636064
vt 0.281052 1.942648
vt 0.016226 1.636064
vt 0.281052 1.636064
vt 0.016226 1.942648
vt 0.281052 1.942648
vt 0.016226 1.942648
vt 0.016226 1.636064
vt 0.281052 1.636064
vt 0.016226 1.942648
vt 0.281052 1.636064
vt 0.281052 1.942648
vt 0.016226 1.636064
vt 0.281052 1.942648
vt 0.016226 1.636064
vt 0.281052 1.636064
vt 0.016226 1.942648
vt 0.281052 1.942648
vt 0.016226 1.942648
vt 0.016226 1.636064
vt 0.281052 1.636064
vt 0.016226 1.942648
vt 0.281052 1.636064
vt 0.281052 1.942648
vt 0.016226 1.636064
vt 0.281052 1.942648
vt 0.016226 1.636064
vt 0.281052 1.636064
vt 0.016226 1.942648
vt 0.016226 1.942648
vt 0.281052 1.636064
vt 0.281052 1.942648
vt 0.016226 1.636064
vt 0.016226 1.942648
vt 0.281052 1.636064
vt 0.281052 1.942648
vt 0.016226 1.636064
vt 0.016226 1.942648
vt 0.281052 1.636064
vt 0.281052 1.942648
vt 0.016226 1.636064
vt 0.016226 1.942648
vt 0.281052 1.636064
vt 0.281052 1.942648
vt 0.016226 1.636064
vt 0.016226 1.942648
vt 0.281052 1.636064
vt 0.281052 1.942648
vt 0.016226 1.636064
vt 0.016226 1.942648
vt 0.281052 1.636064
vt 0.281052 1.942648
vt 0.016226 1.636064
vt 0.281052 1.942648
vt 0.016226 1.636064
vt 0.281052 1.636064
vt 0.016226 1.942648
vt 0.016226 1.942648
vt 0.281052 1.636064
vt 0.281052 1.942648
vt 0.016226 1.636064
vt 0.281052 1.942648
vt 0.016226 1.942648
vt 0.016226 1.636064
vt 0.281052 1.636064
vt 0.016226 1.942648
vt 0.281052 1.636064
vt 0.281052 1.942648
vt 0.016226 1.636064
vt 0.016226 1.942648
vt 0.281052 1.636064
vt 0.281052 1.942648
vt 0.016226 1.636064
vt 0.016226 1.942648
vt 0.281052 1.636064
vt 0.281052 1.942648
vt 0.016226 1.636064
vt 0.016226 1.636064
vt 0.281052 1.942648
vt 0.016226 1.942648
vt 0.281052 1.636064
vt 0.016226 1.942648
vt 0.281052 1.636064
vt 0.281052 1.942648
vt 0.016226 1.636064
vt 0.281052 1.942648
vt 0.016226 1.942648
vt 0.016226 1.636064
vt 0.281052 1.636064
vt 0.926844 1.440212
vt 0.543190 1.440212
vt 0.543190 1.135330
vt 0.926844 1.135330
vt 0.926844 1.440212
vt 0.543190 1.440212
vt 0.543190 1.135330
vt 0.926844 1.135330
vt 0.926844 1.440212
vt 0.543190 1.135330
vt 0.926844 1.135330
vt 0.543190 1.440212
vt 0.715789 1.932248
vt 0.931402 1.519762
vt 0.931402 1.932248
vt 0.715789 1.519762
vt 0.584296 1.959440
vt 0.351402 1.959440
vt 0.351402 1.635534
vt 0.584296 1.635534
vt 0.715789 1.932248
vt 0.931402 1.519762
vt 0.931402 1.932248
vt 0.715789 1.519762
vt 0.584296 1.959440
vt 0.351402 1.959440
vt 0.351402 1.635534
vt 0.584296 1.635534
vt 0.715789 1.932248
vt 0.931402 1.519762
vt 0.931402 1.932248
vt 0.715789 1.519762
vt 0.351402 1.959440
vt 0.584296 1.635534
vt 0.584296 1.959440
vt 0.351402 1.635534
vt 0.715789 1.932248
vt 0.931402 1.519762
vt 0.931402 1.932248
vt 0.715789 1.519762
vt 0.584296 1.959440
vt 0.351402 1.959440
vt 0.351402 1.635534
vt 0.584296 1.635534
vt 0.715789 1.932248
vt 0.931402 1.519762
vt 0.931402 1.932248
vt 0.715789 1.519762
vt 0.584296 1.959440
vt 0.351402 1.959440
vt 0.351402 1.635534
vt 0.584296 1.635534
vt 0.281052 1.942648
vt 0.016226 1.636064
vt 0.281052 1.636064
vt 0.016226 1.942648
vt 0.926844 1.440212
vt 0.543190 1.440212
vt 0.543190 1.135330
vt 0.926844 1.135330
vt 0.926844 1.135330
vt 0.926844 1.440212
vt 0.543190 1.135330
vt 0.543190 1.440212
vt 0.926844 1.135330
vt 0.926844 1.440212
vt 0.543190 1.135330
vt 0.543190 1.440212
vt 0.926844 1.440212
vt 0.543190 1.440212
vt 0.543190 1.135330
vt 0.926844 1.135330
vt 0.715789 1.932248
vt 0.931402 1.519762
vt 0.931402 1.932248
vt 0.715789 1.519762
vt 0.584296 1.959440
vt 0.351402 1.959440
vt 0.351402 1.635534
vt 0.584296 1.635534
vt 0.926844 1.440212
vt 0.543190 1.135330
vt 0.926844 1.135330
vt 0.543190 1.440212
vt 0.715789 1.932248
vt 0.931402 1.519762
vt 0.931402 1.932248
vt 0.715789 1.519762
vt 0.584296 1.959440
vt 0.351402 1.959440
vt 0.351402 1.635534
vt 0.584296 1.635534
vt 0.715789 1.932248
vt 0.931402 1.519762
vt 0.931402 1.932248
vt 0.715789 1.519762
vt 0.584296 1.959440
vt 0.351402 1.959440
vt 0.351402 1.635534
vt 0.584296 1.635534
vt 0.926844 1.440212
vt 0.543190 1.135330
vt 0.926844 1.135330
vt 0.543190 1.440212
vt 0.543190 1.440212
vt 0.926844 1.135330
vt 0.926844 1.440212
vt 0.543190 1.135330
vt 0.926844 1.440212
vt 0.543190 1.440212
vt 0.543190 1.135330
vt 0.926844 1.135330
vt 0.715789 1.932248
vt 0.931402 1.519762
vt 0.931402 1.932248
vt 0.715789 1.519762
vt 0.584296 1.959440
vt 0.351402 1.959440
vt 0.351402 1.635534
vt 0.584296 1.635534
vt 0.715789 1.932248
vt 0.931402 1.519762
vt 0.931402 1.932248
vt 0.715789 1.519762
vt 0.584296 1.959440
vt 0.351402 1.959440
vt 0.351402 1.635534
vt 0.584296 1.635534
vt 0.715789 1.932248
vt 0.931402 1.519762
vt 0.931402 1.932248
vt 0.715789 1.519762
vt 0.584296 1.959440
vt 0.351402 1.959440
vt 0.351402 1.635534
vt 0.584296 1.635534
vt 0.926844 1.440212
vt 0.543190 1.135330
vt 0.926844 1.135330
vt 0.543190 1.440212
vt 0.016226 1.942648
vt 0.281052 1.636064
vt 0.281052 1.942648
vt 0.016226 1.636064
vt 0.016226 1.942648
vt 0.281052 1.636064
vt 0.281052 1.942648
vt 0.016226 1.636064
vt 0.016226 1.942648
vt 0.281052 1.636064
vt 0.281052 1.942648
vt 0.016226 1.636064
vt 0.016226 1.942648
vt 0.281052 1.636064
vt 0.281052 1.942648
vt 0.016226 1.636064
vt 0.016226 1.942648
vt 0.281052 1.636064
vt 0.281052 1.942648
vt 0.016226 1.636064
vt 0.281052 1.636064
vt 0.016226 1.942648
vt 0.016226 1.636064
vt 0.281052 1.942648
vt 0.281052 1.636064
vt 0.016226 1.942648
vt 0.016226 1.636064
vt 0.281052 1.942648
vt 0.931402 1.932248
vt 0.715789 1.932248
vt 0.715789 1.519762
vt 0.931402 1.519762
vt 0.584296 1.959440
vt 0.351402 1.959440
vt 0.351402 1.635534
vt 0.584296 1.635534
vt 0.016226 1.942648
vt 0.281052 1.636064
vt 0.281052 1.942648
vt 0.016226 1.636064
vt 0.016226 1.942648
vt 0.281052 1.636064
vt 0.281052 1.942648
vt 0.016226 1.636064
vt 0.016226 1.636064
vt 0.281052 1.942648
vt 0.016226 1.942648
vt 0.281052 1.636064
vt 0.543190 1.440212
vt 0.926844 1.135330
vt 0.926844 1.440212
vt 0.543190 1.135330
vt 0.715789 1.932248
vt 0.931402 1.519762
vt 0.931402 1.932248
vt 0.715789 1.519762
vt 0.931402 1.932248
vt 0.715789 1.932248
vt 0.715789 1.519762
vt 0.931402 1.519762
vt 0.931402 1.932248
vt 0.715789 1.932248
vt 0.715789 1.519762
vt 0.931402 1.519762
vt 0.715789 1.932248
vt 0.931402 1.519762
vt 0.931402 1.932248
vt 0.715789 1.519762
vt 0.351402 1.959440
vt 0.351402 1.635534
vt 0.584296 1.959440
vt 0.584296 1.635534
vt 0.931402 1.932248
vt 0.715789 1.519762
vt 0.931402 1.519762
vt 0.715789 1.932248
vt 0.715789 1.932248
vt 0.931402 1.519762
vt 0.931402 1.932248
vt 0.715789 1.519762
vt 0.715789 1.932248
vt 0.931402 1.519762
vt 0.931402 1.932248
vt 0.715789 1.519762
vt 0.715789 1.932248
vt 0.931402 1.519762
vt 0.931402 1.932248
vt 0.715789 1.519762
vt 0.715789 1.932248
vt 0.931402 1.519762
vt 0.931402 1.932248
vt 0.715789 1.519762
vt 0.931402 1.932248
vt 0.715789 1.932248
vt 0.715789 1.519762
vt 0.931402 1.519762
vt 0.715789 1.932248
vt 0.931402 1.519762
vt 0.931402 1.932248
vt 0.715789 1.519762
vt 0.351402 1.959440
vt 0.584296 1.635534
vt 0.584296 1.959440
vt 0.351402 1.635534
vt 0.715789 1.932248
vt 0.931402 1.519762
vt 0.931402 1.932248
vt 0.715789 1.519762
vt 0.351402 1.959440
vt 0.584296 1.635534
vt 0.584296 1.959440
vt 0.351402 1.635534
vt 0.715789 1.932248
vt 0.931402 1.519762
vt 0.931402 1.932248
vt 0.715789 1.519762
vt 0.351402 1.959440
vt 0.584296 1.635534
vt 0.584296 1.959440
vt 0.351402 1.635534
vt 0.715789 1.932248
vt 0.931402 1.519762
vt 0.931402 1.932248
vt 0.715789 1.519762
vt 0.351402 1.635534
vt 0.584296 1.959440
vt 0.351402 1.959440
vt 0.584296 1.635534
vt 0.715789 1.932248
vt 0.931402 1.519762
vt 0.931402 1.932248
vt 0.715789 1.519762
vt 0.351402 1.959440
vt 0.351402 1.635534
vt 0.584296 1.959440
vt 0.584296 1.635534
vt 0.715789 1.932248
vt 0.931402 1.519762
vt 0.931402 1.932248
vt 0.715789 1.519762
vt 0.351402 1.635534
vt 0.584296 1.959440
vt 0.351402 1.959440
vt 0.584296 1.635534
vt 0.715789 1.932248
vt 0.931402 1.519762
vt 0.931402 1.932248
vt 0.715789 1.519762
vt 0.351402 1.635534
vt 0.584296 1.959440
vt 0.351402 1.959440
vt 0.584296 1.635534
vt 0.715789 1.932248
vt 0.931402 1.519762
vt 0.931402 1.932248
vt 0.715789 1.519762
vt 0.351402 1.635534
vt 0.584296 1.959440
vt 0.351402 1.959440
vt 0.584296 1.635534
vt 0.715789 1.932248
vt 0.931402 1.519762
vt 0.931402 1.932248
vt 0.715789 1.519762
vt 0.351402 1.635534
vt 0.584296 1.959440
vt 0.351402 1.959440
vt 0.584296 1.635534
vt 0.931402 1.519762
vt 0.715789 1.932248
vt 0.715789 1.519762
vt 0.931402 1.932248
vt 0.351402 1.959440
vt 0.351402 1.635534
vt 0.584296 1.959440
vt 0.584296 1.635534
vt 0.715789 1.932248
vt 0.931402 1.519762
vt 0.931402 1.932248
vt 0.715789 1.519762
vt 0.584296 1.959440
vt 0.351402 1.635534
vt 0.584296 1.635534
vt 0.351402 1.959440
vt 0.715789 1.932248
vt 0.931402 1.519762
vt 0.931402 1.932248
vt 0.715789 1.519762
vt 0.584296 1.635534
vt 0.351402 1.959440
vt 0.351402 1.635534
vt 0.584296 1.959440
vt 0.715789 1.932248
vt 0.931402 1.519762
vt 0.931402 1.932248
vt 0.715789 1.519762
vt 0.351402 1.635534
vt 0.584296 1.959440
vt 0.351402 1.959440
vt 0.584296 1.635534
vt 0.931402 1.932248
vt 0.715789 1.932248
vt 0.715789 1.519762
vt 0.931402 1.519762
vt 0.584296 1.959440
vt 0.351402 1.959440
vt 0.351402 1.635534
vt 0.584296 1.635534
vt 0.931402 1.932248
vt 0.715789 1.519762
vt 0.931402 1.519762
vt 0.715789 1.932248
vt 0.351402 1.959440
vt 0.584296 1.635534
vt 0.584296 1.959440
vt 0.351402 1.635534
vt 0.016226 1.942648
vt 0.281052 1.636064
vt 0.281052 1.942648
vt 0.016226 1.636064
vt 0.931402 1.932248
vt 0.715789 1.519762
vt 0.931402 1.519762
vt 0.715789 1.932248
vt 0.584296 1.959440
vt 0.351402 1.635534
vt 0.584296 1.635534
vt 0.351402 1.959440
vt 0.931402 1.932248
vt 0.715789 1.519762
vt 0.931402 1.519762
vt 0.715789 1.932248
vt 0.584296 1.959440
vt 0.351402 1.635534
vt 0.584296 1.635534
vt 0.351402 1.959440
vt 0.931402 1.519762
vt 0.931402 1.932248
vt 0.715789 1.519762
vt 0.715789 1.932248
vt 0.584296 1.635534
vt 0.584296 1.959440
vt 0.351402 1.635534
vt 0.351402 1.959440
vt 0.931402 1.519762
vt 0.931402 1.932248
vt 0.715789 1.519762
vt 0.715789 1.932248
vt 0.584296 1.635534
vt 0.584296 1.959440
vt 0.351402 1.635534
vt 0.351402 1.959440
vt 0.715789 1.932248
vt 0.931402 1.519762
vt 0.931402 1.932248
vt 0.715789 1.519762
vt 0.351402 1.959440
vt 0.584296 1.635534
vt 0.584296 1.959440
vt 0.351402 1.635534
vt 0.926844 1.440212
vt 0.543190 1.135330
vt 0.926844 1.135330
vt 0.543190 1.440212
vt 0.715789 1.932248
vt 0.931402 1.519762
vt 0.931402 1.932248
vt 0.715789 1.519762
vt 0.351402 1.959440
vt 0.584296 1.635534
vt 0.584296 1.959440
vt 0.351402 1.635534
vt 0.715789 1.932248
vt 0.931402 1.519762
vt 0.931402 1.932248
vt 0.715789 1.519762
vt 0.584296 1.959440
vt 0.351402 1.959440
vt 0.351402 1.635534
vt 0.584296 1.635534
vt 0.715789 1.932248
vt 0.931402 1.519762
vt 0.931402 1.932248
vt 0.715789 1.519762
vt 0.584296 1.959440
vt 0.351402 1.959440
vt 0.351402 1.635534
vt 0.584296 1.635534
vt 0.715789 1.932248
vt 0.931402 1.519762
vt 0.931402 1.932248
vt 0.715789 1.519762
vt 0.351402 1.959440
vt 0.584296 1.635534
vt 0.584296 1.959440
vt 0.351402 1.635534
vt 0.926844 1.440212
vt 0.543190 1.135330
vt 0.926844 1.135330
vt 0.543190 1.440212
vt 0.715789 1.932248
vt 0.931402 1.519762
vt 0.931402 1.932248
vt 0.715789 1.519762
vt 0.351402 1.959440
vt 0.584296 1.635534
vt 0.584296 1.959440
vt 0.351402 1.635534
vt 0.715789 1.932248
vt 0.931402 1.519762
vt 0.931402 1.932248
vt 0.715789 1.519762
vt 0.584296 1.959440
vt 0.351402 1.959440
vt 0.351402 1.635534
vt 0.584296 1.635534
vt 0.715789 1.932248
vt 0.931402 1.519762
vt 0.931402 1.932248
vt 0.715789 1.519762
vt 0.584296 1.959440
vt 0.351402 1.959440
vt 0.351402 1.635534
vt 0.584296 1.635534
vt 0.715789 1.932248
vt 0.931402 1.519762
vt 0.931402 1.932248
vt 0.715789 1.519762
vt 0.584296 1.959440
vt 0.351402 1.959440
vt 0.351402 1.635534
vt 0.584296 1.635534
vt 0.715789 1.932248
vt 0.931402 1.519762
vt 0.931402 1.932248
vt 0.715789 1.519762
vt 0.584296 1.959440
vt 0.351402 1.959440
vt 0.351402 1.635534
vt 0.584296 1.635534
vt 0.715789 1.932248
vt 0.931402 1.519762
vt 0.931402 1.932248
vt 0.715789 1.519762
vt 0.584296 1.959440
vt 0.351402 1.959440
vt 0.351402 1.635534
vt 0.584296 1.635534
vt 0.931402 1.932248
vt 0.715789 1.932248
vt 0.715789 1.519762
vt 0.931402 1.519762
vt 0.584296 1.959440
vt 0.351402 1.959440
vt 0.351402 1.635534
vt 0.584296 1.635534
vt 0.715789 1.932248
vt 0.931402 1.519762
vt 0.931402 1.932248
vt 0.715789 1.519762
vt 0.351402 1.959440
vt 0.584296 1.635534
vt 0.584296 1.959440
vt 0.351402 1.635534
vt 0.715789 1.932248
vt 0.931402 1.519762
vt 0.931402 1.932248
vt 0.715789 1.519762
vt 0.584296 1.959440
vt 0.351402 1.959440
vt 0.351402 1.635534
vt 0.584296 1.635534
vt 0.715789 1.519762
vt 0.931402 1.932248
vt 0.715789 1.932248
vt 0.931402 1.519762
vt 0.584296 1.959440
vt 0.351402 1.959440
vt 0.351402 1.635534
vt 0.584296 1.635534
vt 0.715789 1.932248
vt 0.931402 1.519762
vt 0.931402 1.932248
vt 0.715789 1.519762
vt 0.351402 1.959440
vt 0.351402 1.635534
vt 0.584296 1.959440
vt 0.584296 1.635534
vt 0.715789 1.519762
vt 0.931402 1.932248
vt 0.715789 1.932248
vt 0.931402 1.519762
vt 0.584296 1.959440
vt 0.351402 1.959440
vt 0.351402 1.635534
vt 0.584296 1.635534
vt 0.715789 1.519762
vt 0.931402 1.932248
vt 0.715789 1.932248
vt 0.931402 1.519762
vt 0.584296 1.959440
vt 0.351402 1.959440
vt 0.351402 1.635534
vt 0.584296 1.635534
vt 0.715789 1.519762
vt 0.931402 1.932248
vt 0.715789 1.932248
vt 0.931402 1.519762
vt 0.584296 1.959440
vt 0.351402 1.959440
vt 0.351402 1.635534
vt 0.584296 1.635534
vt 0.715789 1.932248
vt 0.715789 1.519762
vt 0.931402 1.932248
vt 0.931402 1.519762
vt 0.351402 1.959440
vt 0.584296 1.635534
vt 0.584296 1.959440
vt 0.351402 1.635534
vt 0.715789 1.932248
vt 0.931402 1.519762
vt 0.931402 1.932248
vt 0.715789 1.519762
vt 0.351402 1.635534
vt 0.584296 1.959440
vt 0.351402 1.959440
vt 0.584296 1.635534
vt 0.715789 1.932248
vt 0.931402 1.519762
vt 0.931402 1.932248
vt 0.715789 1.519762
vt 0.351402 1.959440
vt 0.351402 1.635534
vt 0.584296 1.959440
vt 0.584296 1.635534
vt 0.351402 1.519762
vt 0.567015 1.932248
vt 0.351402 1.932248
vt 0.567015 1.519762
vt 0.698508 1.959440
vt 0.931402 1.635534
vt 0.931402 1.959440
vt 0.698508 1.635534
vt 0.567015 1.932248
vt 0.351402 1.519762
vt 0.567015 1.519762
vt 0.351402 1.932248
vt 0.698508 1.959440
vt 0.931402 1.635534
vt 0.931402 1.959440
vt 0.698508 1.635534
vt 0.567015 1.932248
vt 0.351402 1.519762
vt 0.567015 1.519762
vt 0.351402 1.932248
vt 0.698508 1.959440
vt 0.931402 1.635534
vt 0.931402 1.959440
vt 0.698508 1.635534
vt 0.567015 1.932248
vt 0.351402 1.519762
vt 0.567015 1.519762
vt 0.351402 1.932248
vt 0.698508 1.959440
vt 0.931402 1.635534
vt 0.931402 1.959440
vt 0.698508 1.635534
vt 0.567015 1.932248
vt 0.351402 1.519762
vt 0.567015 1.519762
vt 0.351402 1.932248
vt 0.931402 1.959440
vt 0.698508 1.635534
vt 0.931402 1.635534
vt 0.698508 1.959440
vt 0.567015 1.519762
vt 0.351402 1.932248
vt 0.351402 1.519762
vt 0.567015 1.932248
vt 0.931402 1.635534
vt 0.698508 1.959440
vt 0.698508 1.635534
vt 0.931402 1.959440
vt 0.567015 1.932248
vt 0.351402 1.519762
vt 0.567015 1.519762
vt 0.351402 1.932248
vt 0.931402 1.635534
vt 0.931402 1.959440
vt 0.698508 1.959440
vt 0.698508 1.635534
vt 0.567015 1.932248
vt 0.351402 1.519762
vt 0.567015 1.519762
vt 0.351402 1.932248
vt 0.698508 1.635534
vt 0.931402 1.635534
vt 0.698508 1.959440
vt 0.931402 1.959440
vt 0.351402 1.519762
vt 0.567015 1.932248
vt 0.351402 1.932248
vt 0.567015 1.519762
vt 0.698508 1.959440
vt 0.698508 1.635534
vt 0.931402 1.635534
vt 0.931402 1.959440
vt 0.567015 1.932248
vt 0.351402 1.519762
vt 0.567015 1.519762
vt 0.351402 1.932248
vt 0.931402 1.959440
vt 0.698508 1.635534
vt 0.931402 1.635534
vt 0.698508 1.959440
vt 0.567015 1.932248
vt 0.351402 1.519762
vt 0.567015 1.519762
vt 0.351402 1.932248
vt 0.931402 1.959440
vt 0.698508 1.635534
vt 0.931402 1.635534
vt 0.698508 1.959440
vt 0.567015 1.932248
vt 0.351402 1.519762
vt 0.567015 1.519762
vt 0.351402 1.932248
vt 0.931402 1.959440
vt 0.698508 1.635534
vt 0.931402 1.635534
vt 0.698508 1.959440
vt 0.567015 1.932248
vt 0.351402 1.519762
vt 0.567015 1.519762
vt 0.351402 1.932248
vt 0.931402 1.635534
vt 0.931402 1.959440
vt 0.698508 1.959440
vt 0.698508 1.635534
vt 0.351402 1.519762
vt 0.567015 1.932248
vt 0.351402 1.932248
vt 0.567015 1.519762
vt 0.698508 1.959440
vt 0.931402 1.635534
vt 0.931402 1.959440
vt 0.698508 1.635534
vt 0.351402 1.519762
vt 0.567015 1.932248
vt 0.351402 1.932248
vt 0.567015 1.519762
vt 0.931402 1.959440
vt 0.698508 1.635534
vt 0.931402 1.635534
vt 0.698508 1.959440
vt 0.567015 1.932248
vt 0.351402 1.519762
vt 0.567015 1.519762
vt 0.351402 1.932248
vt 0.698508 1.959440
vt 0.931402 1.635534
vt 0.931402 1.959440
vt 0.698508 1.635534
vt 0.715789 1.932248
vt 0.931402 1.519762
vt 0.931402 1.932248
vt 0.715789 1.519762
vt 0.584296 1.959440
vt 0.351402 1.959440
vt 0.351402 1.635534
vt 0.584296 1.635534
vt 0.715789 1.932248
vt 0.931402 1.519762
vt 0.931402 1.932248
vt 0.715789 1.519762
vt 0.584296 1.959440
vt 0.351402 1.959440
vt 0.351402 1.635534
vt 0.584296 1.635534
vt 0.931402 1.932248
vt 0.715789 1.932248
vt 0.715789 1.519762
vt 0.931402 1.519762
vt 0.584296 1.959440
vt 0.351402 1.959440
vt 0.351402 1.635534
vt 0.584296 1.635534
vt 0.567015 1.519762
vt 0.351402 1.932248
vt 0.351402 1.519762
vt 0.567015 1.932248
vt 0.698508 1.959440
vt 0.931402 1.635534
vt 0.931402 1.959440
vt 0.698508 1.635534
vt 0.715789 1.932248
vt 0.931402 1.519762
vt 0.931402 1.932248
vt 0.715789 1.519762
vt 0.584296 1.959440
vt 0.351402 1.959440
vt 0.351402 1.635534
vt 0.584296 1.635534
vt 0.931402 1.519762
vt 0.715789 1.932248
vt 0.715789 1.519762
vt 0.931402 1.932248
vt 0.584296 1.635534
vt 0.584296 1.959440
vt 0.351402 1.635534
vt 0.351402 1.959440
vt 0.931402 1.519762
vt 0.931402 1.932248
vt 0.715789 1.519762
vt 0.715789 1.932248
vt 0.584296 1.635534
vt 0.351402 1.959440
vt 0.351402 1.635534
vt 0.584296 1.959440
vt 0.351402 1.932248
vt 0.567015 1.519762
vt 0.567015 1.932248
vt 0.351402 1.519762
vt 0.931402 1.959440
vt 0.698508 1.635534
vt 0.931402 1.635534
vt 0.698508 1.959440
vt 0.567015 1.932248
vt 0.351402 1.519762
vt 0.567015 1.519762
vt 0.351402 1.932248
vt 0.931402 1.959440
vt 0.698508 1.635534
vt 0.931402 1.635534
vt 0.698508 1.959440
vt 0.281052 1.942648
vt 0.016226 1.636064
vt 0.281052 1.636064
vt 0.016226 1.942648
vt 0.926843 1.440212
vt 0.543190 1.440212
vt 0.543190 1.135330
vt 0.926843 1.135330
vt 0.931402 1.932248
vt 0.715789 1.932248
vt 0.715789 1.519762
vt 0.931402 1.519762
vt 0.351402 1.635534
vt 0.584296 1.959440
vt 0.351402 1.959440
vt 0.584296 1.635534
vt 0.567015 1.519762
vt 0.351402 1.932248
vt 0.351402 1.519762
vt 0.567015 1.932248
vt 0.698508 1.959440
vt 0.931402 1.635534
vt 0.931402 1.959440
vt 0.698508 1.635534
vt 0.351402 1.932248
vt 0.567015 1.519762
vt 0.567015 1.932248
vt 0.351402 1.519762
vt 0.698508 1.959440
vt 0.698508 1.635534
vt 0.931402 1.635534
vt 0.931402 1.959440
vt 0.351402 1.932248
vt 0.567015 1.519762
vt 0.567015 1.932248
vt 0.351402 1.519762
vt 0.698508 1.959440
vt 0.931402 1.635534
vt 0.931402 1.959440
vt 0.698508 1.635534
vt 0.931402 1.519762
vt 0.931402 1.932248
vt 0.715789 1.519762
vt 0.715789 1.932248
vt 0.584296 1.635534
vt 0.351402 1.959440
vt 0.351402 1.635534
vt 0.584296 1.959440
vt 0.931402 1.519762
vt 0.715789 1.932248
vt 0.715789 1.519762
vt 0.931402 1.932248
vt 0.584296 1.635534
vt 0.351402 1.959440
vt 0.351402 1.635534
vt 0.584296 1.959440
vt 0.666575 1.942648
vt 0.666575 1.636064
vt 0.931402 1.636064
vt 0.931402 1.942648
vt 0.020784 1.440212
vt 0.404437 1.135330
vt 0.404437 1.440212
vt 0.020784 1.135330
vt 0.016226 1.932248
vt 0.231838 1.519762
vt 0.231838 1.932248
vt 0.016226 1.519762
vt 0.596225 1.635534
vt 0.363331 1.959440
vt 0.363331 1.635534
vt 0.596225 1.959440
vt 0.281052 1.942648
vt 0.016226 1.636064
vt 0.281052 1.636064
vt 0.016226 1.942648
vt 0.926844 1.440212
vt 0.543190 1.440212
vt 0.543190 1.135330
vt 0.926844 1.135330
vt 0.931402 1.932248
vt 0.715789 1.932248
vt 0.715789 1.519762
vt 0.931402 1.519762
vt 0.584296 1.959440
vt 0.351402 1.959440
vt 0.351402 1.635534
vt 0.584296 1.635534
vt 0.715789 1.932248
vt 0.931402 1.519762
vt 0.931402 1.932248
vt 0.715789 1.519762
vt 0.351402 1.959440
vt 0.351402 1.635534
vt 0.584296 1.959440
vt 0.584296 1.635534
vt 0.715789 1.932248
vt 0.931402 1.519762
vt 0.931402 1.932248
vt 0.715789 1.519762
vt 0.351402 1.959440
vt 0.351402 1.635534
vt 0.584296 1.959440
vt 0.584296 1.635534
vt 0.715789 1.932248
vt 0.931402 1.519762
vt 0.931402 1.932248
vt 0.715789 1.519762
vt 0.351402 1.959440
vt 0.351402 1.635534
vt 0.584296 1.959440
vt 0.584296 1.635534
vt 0.715789 1.932248
vt 0.931402 1.519762
vt 0.931402 1.932248
vt 0.715789 1.519762
vt 0.584296 1.635534
vt 0.584296 1.959440
vt 0.351402 1.635534
vt 0.351402 1.959440
vt 0.715789 1.932248
vt 0.931402 1.519762
vt 0.931402 1.932248
vt 0.715789 1.519762
vt 0.584296 1.635534
vt 0.351402 1.959440
vt 0.351402 1.635534
vt 0.584296 1.959440
vt 0.715789 1.519762
vt 0.931402 1.932248
vt 0.715789 1.932248
vt 0.931402 1.519762
vt 0.351402 1.635534
vt 0.584296 1.959440
vt 0.351402 1.959440
vt 0.584296 1.635534
vt 0.931402 1.519762
vt 0.715789 1.932248
vt 0.715789 1.519762
vt 0.931402 1.932248
vt 0.584296 1.635534
vt 0.584296 1.959440
vt 0.351402 1.635534
vt 0.351402 1.959440
vt 0.931402 1.519762
vt 0.715789 1.932248
vt 0.715789 1.519762
vt 0.931402 1.932248
vt 0.584296 1.635534
vt 0.584296 1.959440
vt 0.351402 1.635534
vt 0.351402 1.959440
vt 0.931402 1.519762
vt 0.715789 1.932248
vt 0.715789 1.519762
vt 0.931402 1.932248
vt 0.584296 1.959440
vt 0.351402 1.635534
vt 0.584296 1.635534
vt 0.351402 1.959440
vt 0.715789 1.932248
vt 0.931402 1.519762
vt 0.931402 1.932248
vt 0.715789 1.519762
vt 0.584296 1.635534
vt 0.351402 1.959440
vt 0.351402 1.635534
vt 0.584296 1.959440
vt 0.931402 1.519762
vt 0.715789 1.932248
vt 0.715789 1.519762
vt 0.931402 1.932248
vt 0.584296 1.635534
vt 0.351402 1.959440
vt 0.351402 1.635534
vt 0.584296 1.959440
vt 0.715789 1.932248
vt 0.931402 1.519762
vt 0.931402 1.932248
vt 0.715789 1.519762
vt 0.351402 1.959440
vt 0.584296 1.635534
vt 0.584296 1.959440
vt 0.351402 1.635534
vt 0.931402 1.519762
vt 0.715789 1.932248
vt 0.715789 1.519762
vt 0.931402 1.932248
vt 0.584296 1.635534
vt 0.584296 1.959440
vt 0.351402 1.635534
vt 0.351402 1.959440
vt 0.715789 1.932248
vt 0.931402 1.519762
vt 0.931402 1.932248
vt 0.715789 1.519762
vt 0.351402 1.959440
vt 0.351402 1.635534
vt 0.584296 1.959440
vt 0.584296 1.635534
vt 0.715789 1.932248
vt 0.931402 1.519762
vt 0.931402 1.932248
vt 0.715789 1.519762
vt 0.351402 1.959440
vt 0.584296 1.635534
vt 0.584296 1.959440
vt 0.351402 1.635534
vt 0.715789 1.932248
vt 0.931402 1.519762
vt 0.931402 1.932248
vt 0.715789 1.519762
vt 0.351402 1.959440
vt 0.351402 1.635534
vt 0.584296 1.959440
vt 0.584296 1.635534
vt 0.931402 1.932248
vt 0.715789 1.932248
vt 0.715789 1.519762
vt 0.931402 1.519762
vt 0.584296 1.959440
vt 0.351402 1.635534
vt 0.584296 1.635534
vt 0.351402 1.959440
vt 0.715789 1.519762
vt 0.931402 1.932248
vt 0.715789 1.932248
vt 0.931402 1.519762
vt 0.584296 1.959440
vt 0.351402 1.959440
vt 0.351402 1.635534
vt 0.584296 1.635534
vt 0.715789 1.519762
vt 0.931402 1.932248
vt 0.715789 1.932248
vt 0.931402 1.519762
vt 0.351402 1.635534
vt 0.584296 1.959440
vt 0.351402 1.959440
vt 0.584296 1.635534
vt 0.715789 1.519762
vt 0.931402 1.932248
vt 0.715789 1.932248
vt 0.931402 1.519762
vt 0.584296 1.959440
vt 0.351402 1.959440
vt 0.351402 1.635534
vt 0.584296 1.635534
vt 0.931402 1.932248
vt 0.715789 1.932248
vt 0.715789 1.519762
vt 0.931402 1.519762
vt 0.584296 1.959440
vt 0.351402 1.959440
vt 0.351402 1.635534
vt 0.584296 1.635534
vt 0.926844 1.440212
vt 0.543190 1.440212
vt 0.926844 1.135330
vt 0.543190 1.135330
vt 0.543190 1.440212
vt 0.926844 1.135330
vt 0.926844 1.440212
vt 0.543190 1.135330
vt 0.543190 1.440212
vt 0.926844 1.135330
vt 0.926844 1.440212
vt 0.543190 1.135330
vt 0.926844 1.440212
vt 0.543190 1.135330
vt 0.926844 1.135330
vt 0.543190 1.440212
vt 0.926844 1.440212
vt 0.543190 1.135330
vt 0.926844 1.135330
vt 0.543190 1.440212
vt 0.931402 1.932248
vt 0.715789 1.519762
vt 0.931402 1.519762
vt 0.715789 1.932248
vt 0.931402 1.932248
vt 0.715789 1.519762
vt 0.931402 1.519762
vt 0.715789 1.932248
vt 0.351402 1.959440
vt 0.584296 1.635534
vt 0.584296 1.959440
vt 0.351402 1.635534
vt 0.351402 1.959440
vt 0.351402 1.635534
vt 0.584296 1.635534
vt 0.584296 1.959440
vt 0.931402 1.932248
vt 0.715789 1.932248
vt 0.931402 1.519762
vt 0.715789 1.519762
vt 0.715789 1.519762
vt 0.931402 1.519762
vt 0.715789 1.932248
vt 0.931402 1.932248
vt 0.931402 1.932248
vt 0.715789 1.519762
vt 0.931402 1.519762
vt 0.715789 1.932248
vt 0.931402 1.932248
vt 0.715789 1.519762
vt 0.931402 1.519762
vt 0.715789 1.932248
vt 0.584296 1.959440
vt 0.351402 1.959440
vt 0.584296 1.635534
vt 0.351402 1.635534
vt 0.584296 1.959440
vt 0.351402 1.959440
vt 0.584296 1.635534
vt 0.351402 1.635534
vt 0.016226 1.942648
vt 0.016226 1.636064
vt 0.281052 1.636064
vt 0.281052 1.942648
vt 0.016226 1.942648
vt 0.016226 1.636064
vt 0.281052 1.636064
vt 0.281052 1.942648
vt 0.281052 1.636064
vt 0.281052 1.942648
vt 0.016226 1.942648
vt 0.016226 1.636064
vt 0.926844 1.440212
vt 0.543190 1.440212
vt 0.926844 1.135330
vt 0.543190 1.135330
vt 0.281052 1.942648
vt 0.016226 1.636064
vt 0.281052 1.636064
vt 0.016226 1.942648
vt 0.715789 1.932248
vt 0.931402 1.519762
vt 0.931402 1.932248
vt 0.715789 1.519762
vt 0.584296 1.959440
vt 0.351402 1.635534
vt 0.584296 1.635534
vt 0.351402 1.959440
vt 0.715789 1.932248
vt 0.931402 1.519762
vt 0.931402 1.932248
vt 0.715789 1.519762
vt 0.715789 1.519762
vt 0.931402 1.932248
vt 0.715789 1.932248
vt 0.931402 1.519762
vt 0.584296 1.959440
vt 0.351402 1.635534
vt 0.584296 1.635534
vt 0.351402 1.959440
vt 0.715789 1.519762
vt 0.931402 1.932248
vt 0.715789 1.932248
vt 0.931402 1.519762
vt 0.584296 1.959440
vt 0.351402 1.635534
vt 0.584296 1.635534
vt 0.351402 1.959440
vt 0.715789 1.932248
vt 0.931402 1.519762
vt 0.931402 1.932248
vt 0.715789 1.519762
vt 0.931402 1.932248
vt 0.715789 1.519762
vt 0.931402 1.519762
vt 0.715789 1.932248
vt 0.351402 1.635534
vt 0.584296 1.959440
vt 0.351402 1.959440
vt 0.584296 1.635534
vt 0.351402 1.635534
vt 0.584296 1.959440
vt 0.351402 1.959440
vt 0.584296 1.635534
vt 0.715789 1.932248
vt 0.715789 1.519762
vt 0.931402 1.519762
vt 0.931402 1.932248
vt 0.584296 1.959440
vt 0.351402 1.635534
vt 0.584296 1.635534
vt 0.351402 1.959440
vt 0.351402 1.959440
vt 0.584296 1.635534
vt 0.584296 1.959440
vt 0.351402 1.635534
vt 0.351402 1.959440
vt 0.584296 1.635534
vt 0.584296 1.959440
vt 0.351402 1.635534
vt 0.715789 1.932248
vt 0.931402 1.519762
vt 0.931402 1.932248
vt 0.715789 1.519762
vt 0.584296 1.959440
vt 0.351402 1.635534
vt 0.584296 1.635534
vt 0.351402 1.959440
vt 0.715789 1.932248
vt 0.931402 1.519762
vt 0.931402 1.932248
vt 0.715789 1.519762
vt 0.584296 1.959440
vt 0.351402 1.635534
vt 0.584296 1.635534
vt 0.351402 1.959440
vt 0.931402 1.932248
vt 0.715789 1.519762
vt 0.931402 1.519762
vt 0.715789 1.932248
vt 0.931402 1.932248
vt 0.715789 1.932248
vt 0.931402 1.519762
vt 0.715789 1.519762
vt 0.715789 1.932248
vt 0.931402 1.519762
vt 0.931402 1.932248
vt 0.715789 1.519762
vt 0.584296 1.959440
vt 0.351402 1.635534
vt 0.584296 1.635534
vt 0.351402 1.959440
vt 0.715789 1.932248
vt 0.931402 1.519762
vt 0.931402 1.932248
vt 0.715789 1.519762
vt 0.584296 1.959440
vt 0.351402 1.635534
vt 0.584296 1.635534
vt 0.351402 1.959440
vn -0.2798 -0.6422 0.7136
vn -0.0472 -0.7528 0.6566
vn 0.9044 -0.4048 -0.1352
vn 0.9610 -0.2433 0.1317
vn 0.9210 -0.0573 0.3853
vn 0.7142 -0.6951 0.0819
vn 0.6560 -0.7370 0.1627
vn 0.7641 -0.6451 0.0001
vn 0.7143 -0.6951 0.0819
vn 0.8990 -0.4363 0.0378
vn 0.8750 -0.4635 0.1396
vn 0.9125 -0.4040 -0.0644
vn 0.9381 -0.1919 -0.2882
vn 0.9939 0.0541 -0.0962
vn 0.9497 0.2948 0.1055
vn 0.7641 -0.6450 0.0001
vn 0.5302 -0.7895 0.3090
vn 0.3574 -0.7398 0.5701
vn 0.6498 -0.7600 0.0168
vn 0.1510 -0.8628 0.4824
vn 0.0829 -0.8632 0.4980
vn 0.0144 -0.8594 0.5112
vn -0.0850 -0.8676 0.4899
vn 0.0796 -0.8740 0.4793
vn 0.1170 -0.8533 0.5082
vn 0.0420 -0.8925 0.4492
vn -0.0431 -0.8564 0.5145
vn 0.7899 0.4531 0.4132
vn 0.7542 0.4631 0.4656
vn 0.8224 0.4412 0.3590
vn 0.6617 0.5868 0.4667
vn 0.4835 0.6823 0.5484
vn 0.4345 0.6806 0.5900
vn 0.5305 0.6811 0.5046
vn 0.3113 0.7686 0.5589
vn 0.9744 -0.1088 0.1969
vn 0.9743 -0.1088 0.1970
vn 0.9868 -0.0948 0.1309
vn 0.9573 -0.1222 0.2621
vn 0.9398 0.0152 0.3413
vn -0.2758 -0.6594 0.6993
vn -0.2758 -0.6595 0.6993
vn -0.4782 -0.4725 0.7403
vn -0.0520 -0.7952 0.6041
vn -0.1138 -0.9545 -0.2756
vn 0.0880 -0.9461 -0.3118
vn 0.1426 -0.9542 -0.2632
vn 0.0330 -0.9329 -0.3587
vn -0.1123 -0.9805 -0.1614
vn 0.0809 -0.9822 -0.1697
vn 0.0357 -0.9747 -0.2208
vn 0.1257 -0.9850 -0.1178
vn 0.4461 -0.8847 0.1350
vn 0.2034 -0.9561 0.2109
vn 0.2035 -0.9561 0.2109
vn -0.0534 -0.9608 0.2720
vn 0.4663 -0.7288 0.5015
vn 0.4479 -0.7718 0.4513
vn 0.4825 -0.6823 0.5493
vn -0.1681 -0.9409 0.2941
vn 0.0246 -0.9565 0.2908
vn 0.0696 -0.9381 0.3392
vn -0.0206 -0.9703 0.2410
vn 0.6987 -0.6771 0.2312
vn 0.7247 -0.6156 0.3096
vn 0.7431 -0.5476 0.3846
vn 0.1491 -0.8380 0.5250
vn 0.7256 -0.6270 0.2834
vn 0.5314 -0.7824 0.3247
vn 0.9872 0.1454 0.0650
vn 0.7995 -0.2091 0.5630
vn 0.6271 0.1289 0.7682
vn 0.6271 0.1290 0.7682
vn 0.5636 0.0947 0.8206
vn 0.6856 0.1622 0.7097
vn 0.9754 -0.1166 0.1872
vn 0.2149 -0.8754 0.4330
vn 0.5474 -0.7282 0.4125
vn 0.1167 0.3490 0.9298
vn 0.0570 0.3811 0.9228
vn 0.1166 0.3490 0.9298
vn 0.1757 0.3153 0.9326
vn 0.0782 0.2970 0.9517
vn 0.8972 0.2994 0.3247
vn 0.6022 0.7286 0.3262
vn -0.9997 -0.0235 0.0111
vn -0.9998 -0.0169 0.0111
vn 0.8896 -0.4120 -0.1971
vn 0.9998 -0.0130 0.0155
vn 0.5364 -0.8393 -0.0889
vn 0.5363 -0.8393 -0.0889
vn 0.4267 -0.9038 0.0328
vn 0.6294 -0.7488 -0.2079
vn -0.4447 -0.8944 0.0483
vn -0.4336 -0.8999 0.0472
vn -0.4224 -0.9053 0.0460
vn -0.7018 -0.6594 -0.2696
vn -0.7017 -0.6595 -0.2696
vn -0.7545 -0.5341 -0.3814
vn -0.6273 -0.7643 -0.1494
vn 0.7945 -0.6071 -0.0138
vn 0.7110 -0.6938 0.1147
vn 0.8534 -0.5016 -0.1419
vn 0.3194 -0.9240 -0.2104
vn 0.3312 -0.9199 -0.2100
vn 0.3075 -0.9279 -0.2107
vn 0.0061 -0.8275 0.5615
vn -0.1605 -0.8712 0.4639
vn -0.2791 -0.5440 0.7913
vn 0.2259 -0.9085 0.3515
vn 0.0079 0.9306 0.3659
vn 0.5422 0.8077 0.2318
vn 0.5594 0.7594 0.3321
vn 0.5595 0.7594 0.3321
vn 0.8906 -0.2165 0.3998
vn 0.7208 -0.6926 0.0260
vn 0.6541 -0.7537 0.0643
vn 0.7806 -0.6249 -0.0126
vn 0.8879 -0.4600 0.0019
vn 0.9762 -0.2144 0.0342
vn 0.2268 -0.3544 0.9072
vn 0.9426 -0.1648 -0.2904
vn 0.9861 -0.1664 0.0002
vn 0.9287 -0.3677 -0.0484
vn 0.6462 -0.5802 0.4958
vn 0.7826 -0.4293 0.4507
vn 0.7912 -0.3281 0.5162
vn 0.8560 -0.2808 0.4340
vn 0.9998 -0.0131 0.0155
vn 0.8184 -0.5704 0.0690
vn 0.7459 -0.6658 -0.0209
vn 0.8727 -0.4623 0.1573
vn 0.8592 -0.5106 0.0335
vn 0.9418 -0.0211 0.3355
vn 0.7897 0.6048 0.1028
vn 0.7625 0.6419 0.0808
vn 0.8148 0.5662 0.1245
vn 0.8168 -0.5693 0.0936
vn 0.9428 -0.3297 0.0497
vn 0.9429 -0.3295 0.0496
vn 0.9435 -0.3277 0.0483
vn 0.9422 -0.3311 0.0508
vn 0.8665 -0.4807 0.1346
vn 0.8791 -0.4634 0.1112
vn 0.8530 -0.4975 0.1579
vn 0.9153 -0.3267 0.2354
vn 0.9186 -0.3757 0.1225
vn 0.8782 -0.4758 0.0491
vn 0.9519 -0.0422 0.3034
vn 0.9519 -0.0421 0.3034
vn 0.9200 -0.1774 0.3495
vn 0.9635 0.0939 0.2508
vn 0.9736 -0.1754 0.1460
vn 0.8315 -0.5322 0.1592
vn 0.9130 -0.3654 0.1816
vn 0.8707 0.0187 0.4915
vn 0.8039 -0.3425 0.4862
vn 0.8524 -0.4094 0.3253
vn 0.7820 0.5611 0.2714
vn 0.7638 0.6145 0.1975
vn 0.7934 0.5029 0.3430
vn 0.9204 0.0961 0.3789
vn 0.8890 -0.0081 0.4578
vn 0.9450 0.0268 0.3260
vn 0.9289 -0.1560 0.3358
vn 0.9291 0.2086 0.3052
vn 0.2563 0.9380 0.2332
vn 0.3570 0.9213 0.1542
vn 0.6096 0.5926 0.5264
vn 0.4460 0.8016 0.3982
vn 0.9696 -0.0086 0.2445
vn 0.9590 0.0153 0.2829
vn 0.9463 0.0392 0.3208
vn 0.9469 -0.2324 0.2221
vn 0.9478 -0.2538 0.1931
vn 0.9448 -0.2107 0.2508
vn -0.0116 0.8189 0.5739
vn -0.3076 0.5835 0.7516
vn 0.8763 0.1460 0.4591
vn 0.8275 0.3297 0.4544
vn 0.7910 0.5879 0.1696
vn 0.8949 0.2299 0.3826
vn 0.6533 0.7533 0.0754
vn 0.3081 0.7787 0.5466
vn -0.0885 0.8444 0.5284
vn -0.1554 0.8988 0.4100
vn 0.1864 0.7606 0.6219
vn 0.3177 0.8284 0.4613
vn 0.5987 0.7478 0.2869
vn 0.5300 0.7494 0.3968
vn 0.6807 0.1072 0.7246
vn 0.8910 -0.3962 0.2216
vn 0.9406 -0.3337 0.0632
vn 0.8937 -0.1450 0.4245
vn 0.9584 -0.1395 0.2491
vn 0.7779 0.0305 0.6277
vn 0.7504 -0.0809 0.6560
vn 0.6736 0.6195 0.4031
vn 0.6736 0.6196 0.4031
vn 0.9083 0.3957 0.1357
vn 0.9244 -0.0714 0.3747
vn 0.6519 0.6923 0.3096
vn 0.3296 0.5817 0.7436
vn 0.8092 0.4879 0.3273
vn -0.0682 0.7485 0.6596
vn 0.1767 0.7622 0.6228
vn 0.4899 0.5333 0.6896
vn -0.0061 -0.8275 0.5615
vn 0.1605 -0.8712 0.4639
vn 0.2791 -0.5440 0.7913
vn -0.2259 -0.9085 0.3515
vn -0.0079 0.9306 0.3659
vn -0.5422 0.8077 0.2318
vn -0.5595 0.7594 0.3321
vn -0.8906 -0.2165 0.3998
vn -0.7208 -0.6926 0.0260
vn -0.7806 -0.6249 -0.0126
vn -0.6541 -0.7537 0.0643
vn -0.8879 -0.4600 0.0019
vn -0.9762 -0.2144 0.0342
vn -0.2268 -0.3544 0.9072
vn -0.9426 -0.1648 -0.2904
vn -0.9861 -0.1664 0.0002
vn -0.9287 -0.3677 -0.0484
vn -0.6462 -0.5802 0.4958
vn -0.7826 -0.4293 0.4507
vn -0.7912 -0.3281 0.5162
vn -0.8560 -0.2808 0.4340
vn -0.9575 -0.2882 0.0144
vn -0.7459 -0.6658 -0.0209
vn -0.8184 -0.5704 0.0690
vn -0.8727 -0.4623 0.1573
vn -0.8592 -0.5106 0.0335
vn -0.9418 -0.0211 0.3355
vn -0.7897 0.6048 0.1028
vn -0.8148 0.5662 0.1245
vn -0.7625 0.6419 0.0808
vn -0.8168 -0.5693 0.0936
vn -0.9424 -0.3310 0.0481
vn -0.8665 -0.4807 0.1346
vn -0.8530 -0.4975 0.1579
vn -0.8791 -0.4634 0.1112
vn -0.9153 -0.3267 0.2354
vn -0.9186 -0.3757 0.1225
vn -0.8782 -0.4758 0.0491
vn -0.9519 -0.0422 0.3034
vn -0.9519 -0.0421 0.3034
vn -0.9635 0.0939 0.2508
vn -0.9200 -0.1774 0.3495
vn -0.9736 -0.1753 0.1460
vn -0.9736 -0.1754 0.1460
vn -0.9736 -0.1753 0.1459
vn -0.8315 -0.5322 0.1592
vn -0.9130 -0.3654 0.1816
vn -0.8707 0.0187 0.4915
vn -0.8039 -0.3425 0.4862
vn -0.8524 -0.4094 0.3253
vn -0.8256 0.5018 0.2581
vn -0.7910 0.5968 0.1351
vn -0.8392 0.3942 0.3746
vn -0.9209 0.0946 0.3783
vn -0.9208 0.0949 0.3784
vn -0.9204 0.0961 0.3789
vn -0.9212 0.0935 0.3778
vn -0.8890 -0.0081 0.4578
vn -0.9398 0.0222 0.3410
vn -0.9235 0.2131 0.3190
vn -0.9211 -0.1697 0.3503
vn -0.2563 0.9380 0.2332
vn -0.3570 0.9213 0.1542
vn -0.6096 0.5926 0.5264
vn -0.4460 0.8016 0.3982
vn -0.9696 -0.0086 0.2445
vn -0.9590 0.0153 0.2829
vn -0.9463 0.0392 0.3208
vn -0.9263 -0.2290 0.2992
vn -0.9214 -0.2066 0.3292
vn -0.9152 -0.1839 0.3587
vn 0.0116 0.8189 0.5739
vn 0.3076 0.5835 0.7516
vn -0.8763 0.1460 0.4591
vn -0.8275 0.3297 0.4544
vn -0.7910 0.5879 0.1696
vn -0.8949 0.2299 0.3826
vn -0.6533 0.7533 0.0754
vn -0.3081 0.7787 0.5466
vn 0.0885 0.8444 0.5284
vn 0.1554 0.8988 0.4100
vn -0.1864 0.7606 0.6219
vn -0.3177 0.8284 0.4613
vn -0.5987 0.7478 0.2869
vn -0.5300 0.7494 0.3968
vn -0.6807 0.1072 0.7246
vn -0.6022 0.7286 0.3263
vn -0.6022 0.7286 0.3262
vn -0.8972 0.2994 0.3247
vn -0.0782 0.2970 0.9517
vn -0.1166 0.3490 0.9298
vn -0.0570 0.3811 0.9228
vn -0.1757 0.3153 0.9326
vn -0.8910 -0.3962 0.2216
vn -0.5474 -0.7282 0.4125
vn -0.2149 -0.8754 0.4330
vn -0.9754 -0.1166 0.1872
vn -0.5714 0.1625 0.8044
vn -0.6128 0.1853 0.7682
vn -0.6100 0.1515 0.7778
vn -0.5743 0.1962 0.7948
vn -0.7995 -0.2091 0.5630
vn -0.9406 -0.3337 0.0632
vn -0.9872 0.1454 0.0650
vn -0.8937 -0.1450 0.4245
vn -0.9584 -0.1395 0.2491
vn -0.7779 0.0305 0.6277
vn -0.7504 -0.0809 0.6560
vn -0.6736 0.6195 0.4031
vn -0.6736 0.6196 0.4031
vn -0.9083 0.3957 0.1357
vn -0.9244 -0.0714 0.3747
vn -0.6519 0.6923 0.3096
vn -0.3296 0.5817 0.7436
vn -0.8092 0.4879 0.3273
vn 0.0682 0.7485 0.6596
vn -0.1767 0.7622 0.6228
vn -0.4899 0.5333 0.6896
vn 0.3915 0.7242 0.5677
vn 0.3139 0.7802 0.5411
vn -0.1370 0.9763 0.1678
vn 0.0950 0.9940 0.0534
vn 0.6902 0.4685 0.5515
vn -0.3611 0.9321 -0.0263
vn -0.5405 0.6053 0.5844
vn 0.4172 0.9030 0.1030
vn 0.5356 0.7972 0.2786
vn 0.4924 0.5393 0.6832
vn 0.8021 -0.5260 0.2827
vn 0.3004 0.5572 0.7742
vn 0.0941 -0.7476 0.6575
vn 0.0941 -0.7476 0.6574
vn 0.0788 -0.7601 0.6450
vn 0.1094 -0.7346 0.6696
vn -0.0586 -0.8816 0.4683
vn -0.0590 -0.8818 0.4680
vn -0.0415 -0.8752 0.4819
vn -0.0762 -0.8877 0.4540
vn -0.2528 -0.7399 0.6234
vn -0.2641 -0.7461 0.6113
vn -0.2414 -0.7335 0.6353
vn -0.2770 -0.8620 0.4246
vn -0.2769 -0.8620 0.4246
vn -0.2976 -0.8708 0.3913
vn -0.2559 -0.8518 0.4571
vn 0.0229 -0.6512 0.7586
vn -0.0537 -0.6475 0.7602
vn 0.0602 -0.6491 0.7583
vn 0.0566 -0.8207 0.5686
vn 0.0624 -0.8217 0.5665
vn -0.0351 -0.8637 0.5027
vn -0.0313 -0.8665 0.4982
vn -0.0351 -0.8638 0.5027
vn -0.0390 -0.8610 0.5071
vn -0.1735 -0.8527 0.4928
vn -0.4319 -0.7766 0.4585
vn -0.4320 -0.7766 0.4585
vn -0.0298 -0.9213 0.3876
vn 0.2807 -0.8925 0.3530
vn 0.2251 -0.7303 0.6449
vn 0.0612 -0.5889 0.8059
vn 0.5490 -0.6642 0.5075
vn 0.4798 -0.7738 0.4137
vn 0.5117 -0.7044 0.4919
vn -0.5976 -0.5816 0.5520
vn -0.0629 -0.9307 0.3603
vn 0.4508 -0.4996 0.7397
vn -0.1779 -0.9306 0.3200
vn -0.1075 -0.8496 0.5163
vn -0.1076 -0.8497 0.5161
vn -0.1675 -0.8677 0.4680
vn -0.0468 -0.8263 0.5613
vn -0.0320 -0.7096 0.7039
vn -0.0479 -0.8343 0.5492
vn -0.0238 -0.6393 0.7686
vn 0.5695 -0.4861 0.6629
vn -0.2934 -0.8196 0.4920
vn -0.3111 -0.7546 0.5778
vn -0.4988 -0.6899 0.5246
vn -0.4988 -0.6899 0.5245
vn -0.1705 -0.8163 0.5519
vn 0.0602 -0.8918 0.4485
vn -0.1348 -0.5549 0.8209
vn 0.1004 -0.6520 0.7515
vn -0.7022 -0.3874 0.5973
vn -0.5193 -0.5741 0.6331
vn -0.6258 -0.4393 0.6445
vn -0.4277 -0.6123 0.6649
vn -0.2653 -0.9376 0.2248
vn -0.2653 -0.9376 0.2247
vn -0.3391 -0.9293 0.1462
vn -0.1885 -0.9349 0.3007
vn -0.3115 -0.6756 0.6682
vn -0.3115 -0.6756 0.6683
vn -0.5360 -0.4557 0.7107
vn -0.0557 -0.8275 0.5586
vn 0.1496 -0.7888 0.5961
vn 0.3801 -0.7978 0.4681
vn -0.3576 -0.7505 0.5557
vn -0.1268 -0.8538 0.5049
vn -0.2686 -0.7941 0.5452
vn 0.0049 -0.8388 0.5443
vn -0.0893 -0.8245 0.5588
vn 0.6576 -0.6982 0.2830
vn 0.8700 -0.4859 0.0840
vn 0.8219 -0.5503 0.1472
vn -0.2457 -0.6004 0.7611
vn 0.5346 -0.6157 0.5789
vn -0.0001 -0.8220 0.5695
vn -0.0462 -0.8213 0.5686
vn -0.0462 -0.8213 0.5687
vn 0.4441 -0.8006 0.4023
vn -0.0533 -0.8716 0.4873
vn -0.2056 -0.7927 0.5740
vn -0.0687 -0.9607 0.2690
vn -0.2150 -0.9053 0.3664
vn 0.3875 -0.9008 0.1959
vn -0.0629 -0.9309 0.3599
vn 0.0206 -0.9322 0.3614
vn -0.0708 -0.9699 0.2332
vn -0.0653 -0.9623 0.2639
vn -0.0633 -0.9331 0.3540
vn 0.2485 -0.9686 -0.0054
vn -0.0652 -0.9434 0.3252
vn 0.0238 -0.9448 0.3268
vn -0.1543 -0.9876 -0.0295
vn 0.1586 -0.9312 0.3281
vn 0.6551 -0.7295 0.1969
vn 0.0045 -0.9195 0.3931
vn 0.0879 -0.9376 0.3365
vn -0.0075 -0.9785 0.2061
vn 0.0749 -0.9864 0.1460
vn -0.0711 -0.8423 0.5342
vn 0.0131 -0.8742 0.4854
vn 0.0275 -0.9904 0.1355
vn 0.0704 -0.9937 0.0870
vn 0.0175 -0.9794 0.2012
vn 0.0752 -0.9858 0.1502
vn 0.5760 -0.7645 0.2895
vn 0.5148 -0.7965 0.3171
vn 0.4725 -0.8009 0.3679
vn 0.5549 -0.7886 0.2650
vn 0.6919 -0.7155 0.0965
vn 0.4420 -0.8961 0.0406
vn 0.3909 -0.9073 0.1548
vn 0.4861 -0.8708 -0.0742
vn -0.0110 -0.9874 0.1581
vn 0.0712 -0.9927 0.0974
vn 0.6170 -0.7752 0.1355
vn 0.0142 -0.9876 0.1563
vn 0.0091 -0.9960 0.0894
vn 0.0658 -0.9974 0.0301
vn 0.6070 -0.7944 -0.0248
vn -0.1726 -0.9313 0.3207
vn -0.5757 -0.8170 0.0330
vn -0.5655 -0.8247 0.0088
vn -0.5757 -0.8170 0.0329
vn -0.5854 -0.8087 0.0571
vn -0.0013 -0.9994 -0.0356
vn 0.1605 -0.9829 -0.0907
vn 0.1548 -0.9843 -0.0851
vn 0.1606 -0.9828 -0.0908
vn 0.1665 -0.9813 -0.0965
vn -0.0934 -0.9948 0.0397
vn -0.1938 -0.9809 -0.0182
vn 0.0082 -0.9952 0.0972
vn 0.1902 -0.9805 0.0494
vn 0.0740 -0.9968 -0.0318
vn 0.3025 -0.9443 0.1296
vn 0.4734 -0.8736 -0.1126
vn 0.4673 -0.8778 -0.1052
vn 0.4734 -0.8736 -0.1125
vn 0.4793 -0.8695 -0.1197
vn -0.0047 -0.9467 0.3220
vn -0.6331 -0.7383 0.2327
vn -0.6266 -0.7495 0.2136
vn -0.7828 -0.6223 0.0009
vn -0.8956 -0.4403 -0.0637
vn 0.1018 -0.9756 0.1943
vn 0.1592 -0.9769 0.1426
vn -0.0405 -0.9793 0.1982
vn -0.1009 -0.9946 -0.0250
vn 0.1117 -0.7106 0.6947
vn 0.1118 -0.7105 0.6947
vn 0.0996 -0.7203 0.6865
vn 0.1240 -0.7005 0.7028
vn 0.0673 -0.8546 0.5150
vn 0.0415 -0.8712 0.4892
vn 0.0930 -0.8365 0.5399
vn 0.0607 -0.8302 0.5541
vn 0.1459 -0.8701 0.4707
vn -0.0255 -0.7772 0.6287
vn -0.1690 -0.6982 0.6957
vn -0.0734 -0.7367 0.6723
vn -0.2627 -0.6519 0.7113
vn -0.2605 -0.9638 -0.0575
vn -0.3347 -0.9352 -0.1158
vn -0.1838 -0.9830 0.0014
vn -0.0776 -0.9811 0.1770
vn -0.2718 -0.9262 0.2612
vn -0.2718 -0.9262 0.2613
vn -0.4531 -0.8269 0.3330
vn -0.2481 -0.9215 0.2987
vn -0.3194 -0.9214 0.2213
vn -0.1741 -0.9115 0.3728
vn 0.0449 -0.7987 0.6001
vn 0.0450 -0.7987 0.6001
vn 0.0296 -0.9141 0.4044
vn 0.1946 -0.8608 0.4702
vn -0.2023 -0.8563 0.4753
vn 0.0237 -0.9318 0.3622
vn 0.0939 -0.9523 0.2904
vn -0.0034 -0.9691 0.2465
vn 0.1901 -0.9243 0.3310
vn 0.1423 -0.6753 0.7237
vn 0.4330 -0.4918 0.7554
vn -0.1654 -0.7783 0.6057
vn 0.1311 -0.9428 0.3065
vn 0.2627 -0.8954 0.3596
vn -0.0549 -0.9969 -0.0562
vn -0.1552 -0.9834 -0.0942
vn 0.0460 -0.9988 -0.0174
vn 0.0632 -0.8971 0.4374
vn 0.2632 -0.9446 0.1960
vn -0.1432 -0.7593 0.6348
vn 0.3154 -0.9390 -0.1371
vn 0.2112 -0.9669 -0.1432
vn 0.4160 -0.9001 -0.1294
vn -0.1797 -0.8572 0.4825
vn 0.0502 -0.9264 0.3732
vn -0.2352 -0.8301 0.5056
vn -0.8657 -0.3052 0.3968
vn -0.6095 -0.4948 0.6194
vn 0.4219 -0.4503 0.7869
vn 0.5603 -0.6649 0.4939
vn 0.1257 -0.5858 0.8006
vn 0.2483 -0.8201 0.5156
vn -0.0405 -0.7940 0.6066
vn 0.2183 -0.8843 0.4127
vn -0.1835 -0.6845 0.7056
vn 0.1266 -0.7774 0.6161
vn -0.3985 -0.6420 0.6550
vn -0.1582 -0.8367 0.5243
vn -0.0659 -0.9471 0.3142
vn 0.3987 -0.9156 -0.0520
vn 0.4241 -0.8933 -0.1486
vn 0.5691 -0.7956 0.2076
vn 0.6050 -0.7883 0.1120
vn 0.6907 -0.6575 0.3012
vn 0.7072 -0.6774 0.2022
vn 0.8256 -0.2876 0.4855
vn 0.8621 -0.3178 0.3947
vn 0.2366 -0.9448 -0.2268
vn 0.1330 -0.9456 -0.2969
vn 0.3364 -0.9292 -0.1531
vn 0.4536 -0.8108 -0.3700
vn 0.4536 -0.8108 -0.3699
vn 0.4463 -0.8113 -0.3776
vn 0.4607 -0.8102 -0.3624
vn 0.7942 -0.6069 0.0296
vn -0.0082 -0.9935 -0.1135
vn 0.0483 -0.9846 -0.1678
vn -0.0162 -0.9802 -0.1975
vn 0.1453 -0.9570 -0.2511
vn 0.1396 -0.9592 -0.2458
vn 0.1456 -0.9569 -0.2513
vn 0.1513 -0.9546 -0.2566
vn -0.1171 -0.9683 -0.2207
vn -0.2178 -0.9376 -0.2710
vn -0.0147 -0.9858 -0.1674
vn 0.1353 -0.9275 -0.3484
vn 0.1296 -0.9302 -0.3433
vn 0.1354 -0.9275 -0.3485
vn 0.1412 -0.9246 -0.3537
vn 0.2624 -0.9131 -0.3121
vn 0.1175 -0.9063 -0.4060
vn 0.3994 -0.8927 -0.2087
vn 0.5371 -0.6808 -0.4981
vn 0.5369 -0.6808 -0.4982
vn 0.5268 -0.6808 -0.5089
vn 0.5472 -0.6806 -0.4872
vn -0.0209 -0.9690 -0.2461
vn 0.0345 -0.9512 -0.3066
vn 0.0257 -0.9057 -0.4232
vn 0.1841 -0.8566 -0.4821
vn 0.1786 -0.8612 -0.4759
vn 0.1896 -0.8518 -0.4884
vn -0.1273 -0.9383 -0.3215
vn -0.2305 -0.8924 -0.3881
vn -0.0220 -0.9681 -0.2495
vn 0.1206 -0.8690 -0.4799
vn 0.1150 -0.8733 -0.4734
vn 0.1204 -0.8691 -0.4797
vn 0.1262 -0.8647 -0.4862
vn -0.0393 -0.9080 -0.4171
vn 0.1206 -0.8690 -0.4798
vn -0.0152 -0.9916 -0.1286
vn -0.1557 -0.9619 -0.2248
vn 0.1257 -0.9917 -0.0286
vn 0.3071 -0.8858 -0.3480
vn 0.3003 -0.8916 -0.3388
vn 0.3068 -0.8861 -0.3475
vn 0.3138 -0.8798 -0.3571
vn -0.1899 -0.9399 -0.2837
vn -0.2754 -0.8869 -0.3708
vn -0.1010 -0.9763 -0.1916
vn 0.0027 -0.8808 -0.4734
vn -0.0016 -0.8851 -0.4653
vn 0.0070 -0.8765 -0.4814
vn -0.1231 -0.9096 -0.3969
vn 0.0027 -0.8809 -0.4733
vn 0.2141 -0.9386 -0.2706
vn 0.0884 -0.9165 -0.3901
vn 0.3333 -0.9320 -0.1428
vn 0.4311 -0.7486 -0.5038
vn 0.4311 -0.7485 -0.5039
vn 0.4213 -0.7455 -0.5165
vn 0.4407 -0.7514 -0.4910
vn -0.5210 -0.8454 -0.1176
vn -0.6042 -0.7733 -0.1923
vn -0.4285 -0.9026 -0.0408
vn -0.3678 -0.8626 -0.3474
vn -0.3712 -0.8648 -0.3381
vn -0.3678 -0.8626 -0.3473
vn -0.3643 -0.8603 -0.3566
vn -0.5403 -0.8027 -0.2525
vn -0.5403 -0.8027 -0.2526
vn -0.5685 -0.8167 -0.0992
vn -0.4988 -0.7691 -0.3997
vn -0.3854 -0.7771 -0.4977
vn -0.3896 -0.7804 -0.4891
vn -0.3854 -0.7771 -0.4976
vn -0.3812 -0.7736 -0.5062
vn -0.6861 -0.7062 -0.1745
vn -0.7087 -0.6395 -0.2980
vn -0.6497 -0.7587 -0.0475
vn -0.4429 -0.8560 -0.2666
vn -0.4344 -0.8584 -0.2727
vn -0.4260 -0.8607 -0.2787
vn -0.3181 -0.9480 -0.0076
vn -0.4432 -0.8879 0.1236
vn -0.1814 -0.9736 -0.1385
vn 0.1156 -0.9674 -0.2255
vn 0.1049 -0.9703 -0.2178
vn 0.1156 -0.9673 -0.2256
vn 0.1263 -0.9642 -0.2333
vn -0.4104 -0.9108 0.0444
vn -0.4105 -0.9108 0.0444
vn -0.5246 -0.8329 0.1762
vn -0.2813 -0.9555 -0.0890
vn 0.0118 -0.9827 -0.1846
vn 0.0011 -0.9843 -0.1764
vn 0.0119 -0.9827 -0.1847
vn 0.0225 -0.9810 -0.1928
vn -0.7971 -0.4054 0.4476
vn -0.7216 -0.5714 0.3909
vn -0.7217 -0.5713 0.3909
vn -0.6198 -0.7165 0.3200
vn -0.3596 -0.8831 0.3014
vn -0.3594 -0.8831 0.3015
vn -0.3709 -0.8816 0.2919
vn -0.3479 -0.8844 0.3110
vn -0.3794 -0.9016 0.2076
vn -0.5258 -0.8386 0.1423
vn -0.2217 -0.9379 0.2667
vn -0.0894 -0.9930 -0.0766
vn -0.0895 -0.9931 -0.0764
vn -0.0957 -0.9933 -0.0654
vn -0.0833 -0.9927 -0.0873
vn -0.8581 -0.4519 -0.2438
vn -0.8944 -0.3106 -0.3218
vn -0.7983 -0.5809 -0.1590
vn -0.5748 -0.7603 -0.3026
vn -0.5652 -0.7661 -0.3061
vn -0.5653 -0.7661 -0.3060
vn -0.5555 -0.7718 -0.3095
vn 0.8581 -0.4519 -0.2438
vn 0.8944 -0.3106 -0.3218
vn 0.7983 -0.5809 -0.1590
vn 0.5653 -0.7661 -0.3060
vn 0.5652 -0.7661 -0.3060
vn 0.5748 -0.7603 -0.3026
vn 0.5555 -0.7718 -0.3095
vn 0.4336 -0.8999 0.0472
vn 0.4336 -0.8999 0.0471
vn 0.4447 -0.8944 0.0483
vn 0.4224 -0.9053 0.0460
vn 0.7018 -0.6594 -0.2696
vn 0.7017 -0.6595 -0.2696
vn 0.6273 -0.7643 -0.1494
vn 0.7545 -0.5341 -0.3814
vn 0.8160 -0.5688 -0.1026
vn 0.7689 -0.6359 0.0674
vn 0.8342 -0.4815 -0.2689
vn 0.4684 -0.8817 0.0573
vn 0.4643 -0.8828 0.0717
vn 0.4724 -0.8803 0.0429
vn 0.5644 -0.8255 0.0029
vn 0.4960 -0.8525 -0.1650
vn 0.6138 -0.7707 0.1708
vn 0.2931 -0.9076 -0.3006
vn 0.2934 -0.9076 -0.3003
vn 0.2863 -0.9065 -0.3104
vn 0.3006 -0.9087 -0.2898
vn 0.6155 -0.7251 -0.3088
vn 0.5740 -0.8015 -0.1679
vn 0.6401 -0.6290 -0.4412
vn 0.2765 -0.9484 -0.1550
vn 0.2875 -0.9448 -0.1572
vn 0.2766 -0.9484 -0.1551
vn 0.2656 -0.9519 -0.1529
vn 0.5165 -0.7997 -0.3060
vn 0.5070 -0.8491 -0.1483
vn 0.5119 -0.7285 -0.4553
vn 0.2076 -0.9774 -0.0393
vn 0.2179 -0.9750 -0.0443
vn 0.2282 -0.9724 -0.0494
vn 0.4936 -0.8083 -0.3210
vn 0.4320 -0.7651 -0.4774
vn 0.5402 -0.8271 -0.1549
vn 0.2583 -0.9659 0.0191
vn 0.2486 -0.9683 0.0264
vn 0.2583 -0.9659 0.0190
vn 0.2680 -0.9633 0.0117
vn 0.4643 -0.8828 0.0716
vn 0.8076 -0.5728 -0.1403
vn 0.8076 -0.5728 -0.1402
vn 0.7781 -0.6270 0.0381
vn 0.8084 -0.4981 -0.3136
vn 0.4806 -0.8736 0.0761
vn 0.4779 -0.8737 0.0908
vn 0.4831 -0.8734 0.0613
vn 0.8478 -0.5015 -0.1723
vn 0.7308 -0.6819 -0.0307
vn 0.9086 -0.2879 -0.3025
vn 0.5978 -0.7741 -0.2085
vn 0.5978 -0.7740 -0.2085
vn 0.4727 -0.8786 -0.0672
vn 0.6950 -0.6334 -0.3401
vn 0.5541 -0.8058 -0.2090
vn 0.4872 -0.8703 -0.0721
vn 0.6058 -0.7192 -0.3402
vn 0.1746 -0.9804 -0.0914
vn 0.1861 -0.9782 -0.0923
vn 0.1631 -0.9824 -0.0906
vn 0.5651 -0.7661 -0.3061
vn 0.8704 -0.4325 -0.2353
vn 0.8704 -0.4324 -0.2353
vn 0.9077 -0.2690 -0.3222
vn 0.8021 -0.5805 -0.1400
vn 0.8652 -0.4467 -0.2278
vn 0.8652 -0.4466 -0.2278
vn 0.6395 -0.7673 0.0481
vn 0.8920 -0.0233 -0.4514
vn 0.8967 -0.4298 -0.1056
vn 0.8207 -0.5713 -0.0046
vn 0.9404 -0.2729 -0.2027
vn 0.6981 -0.7033 -0.1341
vn 0.7872 -0.6108 -0.0846
vn 0.5959 -0.7824 -0.1810
vn 0.0036 -0.9998 0.0218
vn 0.1655 -0.9856 -0.0336
vn 0.1597 -0.9868 -0.0280
vn 0.1656 -0.9856 -0.0337
vn 0.1715 -0.9844 -0.0395
vn 0.0233 -0.9576 0.2872
vn 0.1860 -0.9547 0.2323
vn 0.1801 -0.9544 0.2379
vn 0.1861 -0.9547 0.2321
vn 0.1921 -0.9549 0.2264
vn 0.4202 -0.8723 0.2501
vn 0.5415 -0.8166 0.1997
vn 0.5570 -0.8118 0.1750
vn 0.5255 -0.8207 0.2242
vn 0.4387 -0.8709 -0.2215
vn 0.4387 -0.8709 -0.2214
vn 0.3746 -0.8581 -0.3513
vn 0.4936 -0.8653 -0.0869
vn 0.2228 -0.8700 -0.4399
vn 0.2229 -0.8700 -0.4398
vn 0.2283 -0.8723 -0.4324
vn 0.2173 -0.8676 -0.4473
vn 0.2871 -0.9501 -0.1222
vn 0.4787 -0.8682 -0.1309
vn 0.5069 -0.8471 -0.1594
vn 0.4786 -0.8683 -0.1308
vn 0.4493 -0.8876 -0.1019
vn -0.8130 -0.5745 0.0942
vn -0.8131 -0.5745 0.0942
vn -0.7688 -0.5761 0.2776
vn -0.8283 -0.5525 -0.0926
vn -0.4566 -0.8110 0.3658
vn -0.4686 -0.8057 0.3623
vn -0.4805 -0.8003 0.3587
vn -0.9380 -0.3323 0.0987
vn -0.9877 -0.1250 0.0936
vn -0.9926 0.0879 0.0842
vn -0.7438 -0.6277 0.2297
vn -0.7355 -0.6321 0.2440
vn -0.7518 -0.6232 0.2154
vn 0.9877 -0.1250 0.0936
vn 0.9926 0.0879 0.0842
vn 0.9380 -0.3323 0.0987
vn 0.7438 -0.6277 0.2297
vn 0.7437 -0.6277 0.2298
vn 0.7355 -0.6321 0.2440
vn 0.7518 -0.6232 0.2154
vn 0.9831 -0.1794 0.0372
vn 0.9487 -0.2314 0.2154
vn 0.9824 -0.1210 -0.1422
vn 0.7781 -0.5791 0.2433
vn 0.7781 -0.5791 0.2434
vn 0.7732 -0.5794 0.2576
vn 0.7828 -0.5785 0.2292
vn 0.5389 -0.8402 0.0607
vn 0.6170 -0.7364 0.2774
vn 0.5564 -0.8148 0.1631
vn 0.5492 -0.8177 0.1725
vn 0.5562 -0.8148 0.1633
vn 0.5631 -0.8119 0.1542
vn 0.7220 -0.6880 0.0730
vn 0.7220 -0.6881 0.0730
vn 0.7166 -0.6928 0.0810
vn 0.7271 -0.6834 0.0652
vn 0.6288 -0.7753 -0.0598
vn 0.6641 -0.7474 -0.0178
vn 0.5911 -0.8002 -0.1016
vn -0.0118 -0.9827 -0.1846
vn -0.0011 -0.9843 -0.1764
vn -0.0225 -0.9810 -0.1928
vn 0.8549 -0.5163 0.0499
vn 0.8819 -0.4277 0.1983
vn 0.8018 -0.5891 -0.1000
vn 0.5310 -0.8321 0.1599
vn 0.5789 -0.7742 0.2559
vn 0.5311 -0.8321 0.1599
vn 0.4753 -0.8777 0.0615
vn 0.2471 -0.9673 -0.0564
vn 0.1620 -0.9804 -0.1117
vn -0.7437 -0.6277 0.2298
vn -0.9831 -0.1794 0.0372
vn -0.9487 -0.2314 0.2154
vn -0.9824 -0.1210 -0.1422
vn -0.7781 -0.5791 0.2434
vn -0.7781 -0.5791 0.2433
vn -0.7732 -0.5794 0.2576
vn -0.7828 -0.5785 0.2292
vn -0.5389 -0.8402 0.0607
vn -0.6170 -0.7364 0.2774
vn -0.5563 -0.8148 0.1632
vn -0.5562 -0.8148 0.1633
vn -0.5492 -0.8177 0.1725
vn -0.5631 -0.8119 0.1542
vn -0.7219 -0.6881 0.0731
vn -0.7220 -0.6881 0.0730
vn -0.7271 -0.6834 0.0652
vn -0.7166 -0.6928 0.0810
vn 0.3766 -0.9120 0.1623
vn 0.4610 -0.8021 0.3796
vn 0.5152 -0.7986 0.3112
vn 0.4610 -0.8021 0.3797
vn 0.4032 -0.7995 0.4452
vn 0.5899 -0.7581 0.2779
vn 0.5844 -0.7603 0.2836
vn 0.5900 -0.7581 0.2779
vn 0.5955 -0.7559 0.2720
vn -0.5652 -0.7661 -0.3060
vn -0.7945 -0.6071 -0.0138
vn -0.8534 -0.5016 -0.1419
vn -0.7110 -0.6938 0.1147
vn -0.4336 -0.8999 0.0471
vn -0.3075 -0.9279 -0.2107
vn -0.3194 -0.9240 -0.2104
vn -0.3193 -0.9240 -0.2104
vn -0.3312 -0.9199 -0.2100
vn -0.8160 -0.5688 -0.1026
vn -0.8342 -0.4815 -0.2689
vn -0.7689 -0.6359 0.0674
vn -0.4684 -0.8817 0.0573
vn -0.4684 -0.8817 0.0572
vn -0.4643 -0.8828 0.0717
vn -0.4724 -0.8803 0.0429
vn -0.5644 -0.8255 0.0029
vn -0.5644 -0.8255 0.0030
vn -0.6138 -0.7707 0.1708
vn -0.4960 -0.8525 -0.1650
vn -0.2931 -0.9076 -0.3006
vn -0.2933 -0.9076 -0.3005
vn -0.3006 -0.9087 -0.2898
vn -0.2863 -0.9065 -0.3104
vn -0.6155 -0.7252 -0.3088
vn -0.6155 -0.7251 -0.3088
vn -0.5740 -0.8015 -0.1679
vn -0.6401 -0.6290 -0.4412
vn -0.2656 -0.9519 -0.1529
vn -0.2766 -0.9484 -0.1551
vn -0.2875 -0.9448 -0.1572
vn -0.5165 -0.7997 -0.3060
vn -0.5070 -0.8491 -0.1483
vn -0.5119 -0.7285 -0.4553
vn -0.2076 -0.9774 -0.0393
vn -0.2179 -0.9750 -0.0443
vn -0.2282 -0.9724 -0.0494
vn -0.4936 -0.8083 -0.3210
vn -0.5402 -0.8271 -0.1549
vn -0.4320 -0.7651 -0.4774
vn -0.2583 -0.9659 0.0190
vn -0.2583 -0.9659 0.0191
vn -0.2486 -0.9683 0.0264
vn -0.2680 -0.9633 0.0117
vn -0.4643 -0.8828 0.0716
vn -0.8076 -0.5728 -0.1402
vn -0.8076 -0.5728 -0.1403
vn -0.7781 -0.6270 0.0381
vn -0.8084 -0.4982 -0.3136
vn -0.4806 -0.8736 0.0761
vn -0.4779 -0.8737 0.0908
vn -0.4831 -0.8734 0.0613
vn -0.8478 -0.5015 -0.1723
vn -0.9086 -0.2879 -0.3025
vn -0.7308 -0.6819 -0.0307
vn -0.5978 -0.7741 -0.2085
vn -0.5978 -0.7740 -0.2085
vn -0.6950 -0.6334 -0.3401
vn -0.4727 -0.8786 -0.0672
vn -0.5541 -0.8058 -0.2090
vn -0.4872 -0.8703 -0.0721
vn -0.6058 -0.7192 -0.3402
vn -0.1631 -0.9824 -0.0906
vn -0.1746 -0.9804 -0.0914
vn -0.1861 -0.9782 -0.0923
vn -0.5653 -0.7660 -0.3060
vn -0.8704 -0.4324 -0.2353
vn -0.8704 -0.4325 -0.2353
vn -0.9077 -0.2690 -0.3222
vn -0.8021 -0.5805 -0.1400
vn -0.8652 -0.4467 -0.2278
vn -0.8652 -0.4466 -0.2278
vn -0.8920 -0.0233 -0.4514
vn -0.6395 -0.7673 0.0481
vn -0.8967 -0.4298 -0.1056
vn -0.9404 -0.2729 -0.2027
vn -0.8207 -0.5713 -0.0046
vn -0.7872 -0.6108 -0.0846
vn -0.6981 -0.7033 -0.1341
vn -0.5959 -0.7824 -0.1810
vn -0.8549 -0.5163 0.0499
vn -0.8819 -0.4277 0.1983
vn -0.8018 -0.5891 -0.0999
vn -0.5310 -0.8321 0.1599
vn -0.5311 -0.8321 0.1599
vn -0.5789 -0.7742 0.2559
vn -0.4753 -0.8777 0.0615
vn -0.6288 -0.7753 -0.0598
vn -0.5911 -0.8002 -0.1016
vn -0.6641 -0.7474 -0.0178
vn -0.4608 -0.8819 -0.0995
vn -0.4609 -0.8819 -0.0995
vn -0.5203 -0.8510 0.0712
vn -0.3859 -0.8831 -0.2668
vn -0.1751 -0.8997 -0.3999
vn -0.1752 -0.8997 -0.3998
vn -0.1824 -0.9026 -0.3898
vn -0.1681 -0.8966 -0.4097
vn -0.4387 -0.8709 -0.2215
vn -0.4387 -0.8709 -0.2214
vn -0.4936 -0.8653 -0.0869
vn -0.3746 -0.8581 -0.3513
vn -0.2228 -0.8700 -0.4399
vn -0.2283 -0.8723 -0.4324
vn -0.2232 -0.8701 -0.4394
vn -0.2173 -0.8676 -0.4473
vn -0.2471 -0.9673 -0.0564
vn -0.1620 -0.9804 -0.1117
vn -0.7142 -0.6951 0.0819
vn -0.7641 -0.6450 0.0001
vn -0.6560 -0.7370 0.1627
vn -0.8990 -0.4363 0.0378
vn -0.9125 -0.4040 -0.0644
vn -0.8750 -0.4635 0.1396
vn -0.9939 0.0541 -0.0962
vn -0.9381 -0.1919 -0.2882
vn -0.9497 0.2948 0.1055
vn -0.5302 -0.7895 0.3090
vn -0.3574 -0.7398 0.5701
vn -0.6498 -0.7600 0.0169
vn -0.7256 -0.6270 0.2834
vn -0.5314 -0.7824 0.3247
vn -0.7143 -0.6951 0.0819
vn -0.7641 -0.6451 0.0001
vn -0.9044 -0.4048 -0.1352
vn -0.9610 -0.2433 0.1317
vn -0.9210 -0.0573 0.3854
vn -0.9210 -0.0573 0.3853
vn -0.6100 0.1516 0.7778
vn -0.6271 0.1289 0.7682
vn 0.2798 -0.6422 0.7136
vn 0.0472 -0.7528 0.6566
vn -0.9398 0.0152 0.3413
vn -0.3113 0.7686 0.5589
vn -0.9744 -0.1088 0.1969
vn -0.9743 -0.1088 0.1970
vn -0.9573 -0.1222 0.2621
vn -0.9868 -0.0948 0.1309
vn -0.1491 -0.8380 0.5250
vn -0.0880 -0.9461 -0.3118
vn -0.0330 -0.9329 -0.3587
vn -0.1426 -0.9542 -0.2632
vn -0.7247 -0.6156 0.3096
vn -0.6987 -0.6771 0.2312
vn -0.7431 -0.5476 0.3846
vn 0.0431 -0.8564 0.5145
vn -0.4835 0.6823 0.5484
vn -0.5305 0.6811 0.5047
vn -0.4345 0.6806 0.5900
vn -0.7899 0.4531 0.4132
vn -0.8224 0.4412 0.3590
vn -0.7542 0.4631 0.4656
vn -0.6617 0.5868 0.4667
vn -0.0796 -0.8740 0.4793
vn -0.0797 -0.8740 0.4793
vn -0.0420 -0.8925 0.4492
vn -0.1170 -0.8533 0.5082
vn 0.2758 -0.6594 0.6993
vn 0.2758 -0.6595 0.6993
vn 0.0520 -0.7952 0.6041
vn 0.4782 -0.4725 0.7403
vn -0.0829 -0.8632 0.4980
vn -0.1510 -0.8628 0.4824
vn -0.0144 -0.8594 0.5112
vn 0.0850 -0.8676 0.4899
vn -0.0246 -0.9565 0.2908
vn 0.0206 -0.9703 0.2410
vn -0.0696 -0.9381 0.3392
vn 0.1138 -0.9545 -0.2756
vn -0.4663 -0.7288 0.5015
vn -0.4479 -0.7718 0.4513
vn -0.4825 -0.6823 0.5493
vn 0.1681 -0.9409 0.2941
vn -0.4461 -0.8847 0.1350
vn -0.2035 -0.9561 0.2109
vn -0.2034 -0.9561 0.2109
vn 0.0534 -0.9608 0.2720
vn -0.0809 -0.9822 -0.1697
vn -0.0357 -0.9747 -0.2208
vn -0.1257 -0.9850 -0.1178
vn 0.1123 -0.9805 -0.1614
usemtl Skin3_Mat_whool
s 1
f 3575/3575/3321 3576/3576/3321 3577/3577/3321
f 3575/3575/3321 3577/3577/3321 3578/3578/3321
f 3579/3579/3322 3580/3580/3322 3581/3581/3322
f 3580/3580/3322 3579/3579/3322 3582/3582/3322
f 3583/3583/3323 3584/3584/3324 3585/3585/3324
f 3584/3584/3324 3586/3586/3325 3585/3585/3324
f 3587/3587/3326 3588/3588/3326 3589/3589/3327
f 3588/3588/3326 3587/3587/3326 3590/3590/3328
f 3591/3591/3323 3592/3592/3324 3593/3593/3324
f 3592/3592/3324 3594/3594/3325 3593/3593/3324
f 3595/3595/3329 3596/3596/3326 3597/3597/3327
f 3596/3596/3326 3595/3595/3329 3598/3598/3328
f 3599/3599/3330 3600/3600/3330 3601/3601/3331
f 3600/3600/3330 3599/3599/3330 3602/3602/3332
f 3603/3603/3333 3604/3604/3334 3605/3605/3334
f 3604/3604/3334 3606/3606/3335 3605/3605/3334
f 3607/3607/3329 3608/3608/3326 3609/3609/3327
f 3608/3608/3326 3607/3607/3329 3610/3610/3336
f 3611/3611/3337 3612/3612/3337 3613/3613/3338
f 3612/3612/3337 3611/3611/3337 3614/3614/3339
f 3615/3615/3340 3616/3616/3341 3617/3617/3341
f 3616/3616/3341 3618/3618/3342 3617/3617/3341
f 3619/3619/3343 3620/3620/3343 3621/3621/3343
f 3621/3621/3343 3622/3622/3343 3619/3619/3343
f 3623/3623/3344 3624/3624/3344 3625/3625/3345
f 3624/3624/3344 3623/3623/3344 3626/3626/3346
f 3627/3627/3347 3628/3628/3347 3629/3629/3347
f 3628/3628/3347 3627/3627/3347 3630/3630/3347
f 3631/3631/3348 3632/3632/3348 3633/3633/3349
f 3632/3632/3348 3631/3631/3348 3634/3634/3350
f 3635/3635/3351 3636/3636/3351 3637/3637/3351
f 3636/3636/3351 3635/3635/3351 3638/3638/3351
f 3639/3639/3352 3640/3640/3352 3641/3641/3353
f 3640/3640/3352 3639/3639/3352 3642/3642/3354
f 3643/3643/3355 3644/3644/3355 3645/3645/3355
f 3644/3644/3355 3643/3643/3355 3646/3646/3355
f 3647/3647/3356 3648/3648/3357 3649/3649/3358
f 3648/3648/3357 3647/3647/3356 3650/3650/3359
f 3651/3651/3360 3652/3652/3360 3653/3653/3360
f 3651/3651/3360 3653/3653/3360 3654/3654/3360
f 3655/3655/3361 3656/3656/3362 3657/3657/3363
f 3655/3655/3361 3658/3658/3364 3656/3656/3362
f 3659/3659/3365 3660/3660/3365 3661/3661/3365
f 3659/3659/3365 3661/3661/3365 3662/3662/3365
f 3663/3663/3366 3664/3664/3366 3665/3665/3367
f 3664/3664/3366 3663/3663/3366 3666/3666/3368
f 3667/3667/3369 3668/3668/3369 3669/3669/3369
f 3667/3667/3369 3669/3669/3369 3670/3670/3369
f 3671/3671/3370 3672/3672/3370 3673/3673/3371
f 3672/3672/3370 3671/3671/3370 3674/3674/3372
f 3675/3675/3373 3676/3676/3374 3677/3677/3375
f 3676/3676/3374 3678/3678/3376 3677/3677/3375
f 3679/3679/3377 3680/3680/3377 3681/3681/3378
f 3680/3680/3377 3679/3679/3377 3682/3682/3379
f 3683/3683/3380 3684/3684/3380 3685/3685/3380
f 3684/3684/3380 3683/3683/3380 3686/3686/3380
f 3687/3687/3381 3688/3688/3381 3689/3689/3382
f 3688/3688/3381 3687/3687/3381 3690/3690/3383
f 3691/3691/3365 3692/3692/3365 3693/3693/3365
f 3691/3691/3365 3693/3693/3365 3694/3694/3365
f 3695/3695/3366 3696/3696/3366 3697/3697/3367
f 3696/3696/3366 3695/3695/3366 3698/3698/3368
f 3699/3699/3384 3700/3700/3385 3701/3701/3385
f 3700/3700/3385 3702/3702/3386 3701/3701/3385
f 3703/3703/3387 3704/3704/3387 3705/3705/3387
f 3704/3704/3387 3703/3703/3387 3706/3706/3387
f 3707/3707/3388 3708/3708/3388 3709/3709/3388
f 3708/3708/3388 3710/3710/3388 3709/3709/3388
f 3711/3711/3389 3712/3712/3389 3713/3713/3389
f 3712/3712/3389 3711/3711/3389 3714/3714/3389
f 3715/3715/3390 3716/3716/3390 3717/3717/3390
f 3716/3716/3390 3715/3715/3390 3718/3718/3390
f 3719/3719/3391 3720/3720/3391 3721/3721/3391
f 3720/3720/3391 3722/3722/3391 3721/3721/3391
f 3723/3723/3392 3724/3724/3393 3725/3725/3394
f 3724/3724/3393 3723/3723/3392 3726/3726/3395
f 3727/3727/3396 3728/3728/3396 3729/3729/3396
f 3730/3730/3396 3729/3729/3396 3728/3728/3396
f 3731/3731/3397 3732/3732/3397 3733/3733/3397
f 3732/3732/3397 3731/3731/3397 3734/3734/3397
f 3735/3735/3398 3736/3736/3398 3737/3737/3398
f 3736/3736/3398 3735/3735/3398 3738/3738/3398
f 3739/3739/3399 3740/3740/3400 3741/3741/3401
f 3741/3741/3401 3742/3742/3402 3739/3739/3399
f 3743/3743/3403 3744/3744/3403 3745/3745/3403
f 3744/3744/3403 3746/3746/3403 3745/3745/3403
f 3747/3747/3404 3748/3748/3404 3749/3749/3404
f 3748/3748/3404 3747/3747/3404 3750/3750/3404
f 3751/3751/3405 3752/3752/3405 3753/3753/3405
f 3752/3752/3405 3754/3754/3405 3753/3753/3405
f 3755/3755/3406 3756/3756/3406 3757/3757/3406
f 3756/3756/3406 3755/3755/3406 3758/3758/3406
f 3759/3759/3407 3760/3760/3407 3761/3761/3407
f 3761/3761/3407 3760/3760/3407 3762/3762/3407
f 3763/3763/3408 3764/3764/3408 3765/3765/3408
f 3763/3763/3408 3765/3765/3408 3766/3766/3408
f 3767/3767/3409 3768/3768/3409 3769/3769/3409
f 3768/3768/3409 3770/3770/3409 3769/3769/3409
f 3771/3771/3409 3772/3772/3409 3773/3773/3409
f 3772/3772/3409 3774/3774/3409 3773/3773/3409
f 3775/3775/3410 3776/3776/3411 3777/3777/3412
f 3776/3776/3411 3775/3775/3410 3778/3778/3413
f 3779/3779/3410 3780/3780/3411 3781/3781/3412
f 3780/3780/3411 3779/3779/3410 3782/3782/3413
f 3783/3783/3414 3784/3784/3415 3785/3785/3415
f 3784/3784/3415 3786/3786/3416 3785/3785/3415
f 3787/3787/3417 3788/3788/3418 3789/3789/3419
f 3788/3788/3418 3787/3787/3417 3790/3790/3420
f 3791/3791/3414 3792/3792/3415 3793/3793/3415
f 3792/3792/3415 3794/3794/3416 3793/3793/3415
f 3795/3795/3421 3796/3796/3421 3797/3797/3422
f 3796/3796/3421 3795/3795/3421 3798/3798/3423
f 3799/3799/3424 3800/3800/3424 3801/3801/3425
f 3800/3800/3424 3799/3799/3424 3802/3802/3426
f 3803/3803/3421 3804/3804/3421 3805/3805/3422
f 3804/3804/3421 3803/3803/3421 3806/3806/3423
f 3807/3807/3427 3808/3808/3427 3809/3809/3427
f 3808/3808/3427 3807/3807/3427 3810/3810/3427
f 3811/3811/3428 3812/3812/3428 3813/3813/3428
f 3812/3812/3428 3811/3811/3428 3814/3814/3428
f 3815/3815/3429 3816/3816/3429 3817/3817/3429
f 3815/3815/3429 3817/3817/3429 3818/3818/3429
f 3819/3819/3430 3820/3820/3430 3821/3821/3430
f 3819/3819/3430 3821/3821/3430 3822/3822/3430
f 3823/3823/3431 3824/3824/3431 3825/3825/3431
f 3824/3824/3431 3823/3823/3431 3826/3826/3431
f 3827/3827/3432 3828/3828/3432 3829/3829/3432
f 3828/3828/3432 3827/3827/3432 3830/3830/3432
f 3831/3831/3433 3832/3832/3434 3833/3833/3434
f 3832/3832/3434 3831/3831/3433 3834/3834/3433
f 3835/3835/3435 3836/3836/3435 3837/3837/3435
f 3836/3836/3435 3838/3838/3435 3837/3837/3435
f 3839/3839/3436 3840/3840/3436 3841/3841/3437
f 3840/3840/3436 3839/3839/3436 3842/3842/3438
f 3843/3843/3439 3844/3844/3439 3845/3845/3439
f 3843/3843/3439 3845/3845/3439 3846/3846/3439
f 3847/3847/3439 3848/3848/3439 3849/3849/3439
f 3847/3847/3439 3849/3849/3439 3850/3850/3439
f 3851/3851/3440 3852/3852/3440 3853/3853/3440
f 3853/3853/3440 3852/3852/3440 3854/3854/3440
f 3855/3855/3441 3856/3856/3441 3857/3857/3441
f 3856/3856/3441 3855/3855/3441 3858/3858/3441
f 3859/3859/3441 3860/3860/3441 3861/3861/3441
f 3860/3860/3441 3859/3859/3441 3862/3862/3441
f 3863/3863/3442 3864/3864/3442 3865/3865/3442
f 3864/3864/3442 3863/3863/3442 3866/3866/3442
f 3867/3867/3443 3868/3868/3443 3869/3869/3443
f 3868/3868/3443 3870/3870/3443 3869/3869/3443
f 3871/3871/3444 3872/3872/3444 3873/3873/3444
f 3872/3872/3444 3871/3871/3444 3874/3874/3444
f 3875/3875/3445 3876/3876/3445 3877/3877/3445
f 3877/3877/3445 3876/3876/3445 3878/3878/3445
f 3879/3879/3446 3880/3880/3446 3881/3881/3446
f 3881/3881/3446 3880/3880/3446 3882/3882/3446
f 3883/3883/3447 3884/3884/3447 3885/3885/3447
f 3885/3885/3447 3884/3884/3447 3886/3886/3447
f 3887/3887/3448 3888/3888/3448 3889/3889/3448
f 3888/3888/3448 3887/3887/3448 3890/3890/3448
f 3891/3891/3409 3892/3892/3409 3893/3893/3409
f 3892/3892/3409 3894/3894/3449 3893/3893/3409
f 3895/3895/3450 3896/3896/3451 3897/3897/3450
f 3897/3897/3450 3898/3898/3452 3895/3895/3450
f 3899/3899/3453 3900/3900/3453 3901/3901/3453
f 3900/3900/3453 3902/3902/3453 3901/3901/3453
f 3903/3903/3454 3904/3904/3454 3905/3905/3454
f 3904/3904/3454 3903/3903/3454 3906/3906/3454
f 3907/3907/3455 3908/3908/3455 3909/3909/3456
f 3908/3908/3455 3907/3907/3455 3910/3910/3457
f 3911/3911/3458 3912/3912/3458 3913/3913/3458
f 3912/3912/3458 3914/3914/3458 3913/3913/3458
f 3915/3915/3459 3916/3916/3460 3917/3917/3461
f 3916/3916/3460 3915/3915/3459 3918/3918/3462
f 3919/3919/3463 3920/3920/3463 3921/3921/3464
f 3920/3920/3463 3919/3919/3463 3922/3922/3465
f 3923/3923/3466 3924/3924/3466 3925/3925/3466
f 3923/3923/3466 3925/3925/3466 3926/3926/3466
f 3927/3927/3467 3928/3928/3467 3929/3929/3467
f 3928/3928/3467 3930/3930/3467 3929/3929/3467
f 3931/3931/3468 3932/3932/3468 3933/3933/3468
f 3932/3932/3468 3934/3934/3468 3933/3933/3468
f 3935/3935/3469 3936/3936/3470 3937/3937/3471
f 3936/3936/3470 3935/3935/3469 3938/3938/3472
f 3939/3939/3473 3940/3940/3473 3941/3941/3473
f 3940/3940/3473 3939/3939/3473 3942/3942/3473
f 3943/3943/3474 3944/3944/3474 3945/3945/3474
f 3945/3945/3474 3944/3944/3474 3946/3946/3474
f 3947/3947/3475 3948/3948/3475 3949/3949/3475
f 3947/3947/3475 3949/3949/3475 3950/3950/3475
f 3951/3951/3476 3952/3952/3476 3953/3953/3476
f 3952/3952/3476 3951/3951/3476 3954/3954/3476
f 3955/3955/3477 3956/3956/3477 3957/3957/3477
f 3957/3957/3477 3956/3956/3477 3958/3958/3477
f 3959/3959/3478 3960/3960/3478 3961/3961/3478
f 3961/3961/3478 3960/3960/3478 3962/3962/3478
f 3963/3963/3479 3964/3964/3480 3965/3965/3479
f 3963/3963/3479 3965/3965/3479 3966/3966/3481
f 3967/3967/3482 3968/3968/3482 3969/3969/3482
f 3968/3968/3482 3967/3967/3482 3970/3970/3482
f 3971/3971/3483 3972/3972/3483 3973/3973/3483
f 3972/3972/3483 3971/3971/3483 3974/3974/3483
f 3975/3975/3484 3976/3976/3484 3977/3977/3485
f 3976/3976/3484 3975/3975/3484 3978/3978/3486
f 3979/3979/3487 3980/3980/3487 3981/3981/3487
f 3980/3980/3487 3979/3979/3487 3982/3982/3487
f 3983/3983/3488 3984/3984/3488 3985/3985/3488
f 3984/3984/3488 3983/3983/3488 3986/3986/3488
f 3987/3987/3489 3988/3988/3489 3989/3989/3489
f 3989/3989/3489 3990/3990/3489 3987/3987/3489
f 3991/3991/3490 3992/3992/3490 3993/3993/3490
f 3992/3992/3490 3991/3991/3490 3994/3994/3490
f 3995/3995/3491 3996/3996/3492 3997/3997/3492
f 3997/3997/3492 3996/3996/3492 3998/3998/3493
f 3999/3999/3494 4000/4000/3495 4001/4001/3494
f 3999/3999/3494 4001/4001/3494 4002/4002/3496
f 4003/4003/3497 4004/4004/3497 4005/4005/3497
f 4004/4004/3497 4003/4003/3497 4006/4006/3497
f 4007/4007/3498 4008/4008/3498 4009/4009/3498
f 4008/4008/3498 4007/4007/3498 4010/4010/3498
f 4011/4011/3499 4012/4012/3499 4013/4013/3499
f 4012/4012/3499 4011/4011/3499 4014/4014/3499
f 4015/4015/3500 4016/4016/3500 4017/4017/3500
f 4016/4016/3500 4015/4015/3500 4018/4018/3500
f 4019/4019/3501 4020/4020/3501 4021/4021/3501
f 4019/4019/3501 4021/4021/3501 4022/4022/3501
f 4023/4023/3502 4024/4024/3502 4025/4025/3502
f 4024/4024/3502 4023/4023/3502 4026/4026/3502
f 4027/4027/3503 4028/4028/3503 4029/4029/3503
f 4028/4028/3503 4027/4027/3503 4030/4030/3503
f 4031/4031/3504 4032/4032/3504 4033/4033/3504
f 4032/4032/3504 4031/4031/3504 4034/4034/3504
f 4035/4035/3505 4036/4036/3505 4037/4037/3505
f 4036/4036/3505 4035/4035/3505 4038/4038/3505
f 4039/4039/3506 4040/4040/3506 4041/4041/3506
f 4040/4040/3506 4039/4039/3506 4042/4042/3506
f 4043/4043/3507 4044/4044/3507 4045/4045/3507
f 4044/4044/3507 4043/4043/3507 4046/4046/3507
f 4047/4047/3508 4048/4048/3508 4049/4049/3508
f 4048/4048/3508 4047/4047/3508 4050/4050/3508
f 4051/4051/3509 4052/4052/3509 4053/4053/3509
f 4052/4052/3509 4051/4051/3509 4054/4054/3509
f 4055/4055/3510 4056/4056/3510 4057/4057/3510
f 4056/4056/3510 4055/4055/3510 4058/4058/3510
f 4059/4059/3511 4060/4060/3511 4061/4061/3511
f 4061/4061/3511 4062/4062/3511 4059/4059/3511
f 4063/4063/3403 4064/4064/3403 4065/4065/3403
f 4065/4065/3403 4066/4066/3403 4063/4063/3403
f 4067/4067/3512 4068/4068/3512 4069/4069/3512
f 4069/4069/3512 4070/4070/3512 4067/4067/3512
f 4071/4071/3513 4072/4072/3513 4073/4073/3513
f 4073/4073/3513 4074/4074/3513 4071/4071/3513
f 4075/4075/3514 4076/4076/3514 4077/4077/3514
f 4076/4076/3514 4075/4075/3514 4078/4078/3514
f 4079/4079/3515 4080/4080/3515 4081/4081/3515
f 4081/4081/3515 4080/4080/3515 4082/4082/3515
f 4083/4083/3516 4084/4084/3516 4085/4085/3516
f 4084/4084/3516 4083/4083/3516 4086/4086/3516
f 4087/4087/3517 4088/4088/3517 4089/4089/3517
f 4088/4088/3517 4087/4087/3517 4090/4090/3517
f 4091/4091/3518 4092/4092/3518 4093/4093/3518
f 4091/4091/3518 4093/4093/3518 4094/4094/3519
f 4095/4095/3520 4096/4096/3520 4097/4097/3520
f 4097/4097/3520 4096/4096/3520 4098/4098/3520
f 4099/4099/3521 4100/4100/3521 4101/4101/3521
f 4100/4100/3521 4102/4102/3521 4101/4101/3521
f 4103/4103/3522 4104/4104/3522 4105/4105/3522
f 4104/4104/3522 4103/4103/3522 4106/4106/3522
f 4107/4107/3523 4108/4108/3523 4109/4109/3523
f 4108/4108/3523 4107/4107/3523 4110/4110/3523
f 4111/4111/3524 4112/4112/3524 4113/4113/3524
f 4111/4111/3524 4113/4113/3524 4114/4114/3524
f 4115/4115/3525 4116/4116/3525 4117/4117/3525
f 4116/4116/3525 4115/4115/3525 4118/4118/3525
f 4119/4119/3526 4120/4120/3526 4121/4121/3526
f 4120/4120/3526 4119/4119/3526 4122/4122/3526
f 4123/4123/3527 4124/4124/3527 4125/4125/3527
f 4124/4124/3527 4123/4123/3527 4126/4126/3527
f 4127/4127/3528 4128/4128/3528 4129/4129/3528
f 4128/4128/3528 4127/4127/3528 4130/4130/3528
f 4131/4131/3529 4132/4132/3529 4133/4133/3529
f 4132/4132/3529 4131/4131/3529 4134/4134/3529
f 4135/4135/3530 4136/4136/3530 4137/4137/3530
f 4136/4136/3530 4135/4135/3530 4138/4138/3530
f 4139/4139/3531 4140/4140/3531 4141/4141/3531
f 4140/4140/3531 4139/4139/3531 4142/4142/3531
f 4143/4143/3532 4144/4144/3532 4145/4145/3532
f 4144/4144/3532 4143/4143/3532 4146/4146/3532
f 4147/4147/3533 4148/4148/3533 4149/4149/3533
f 4149/4149/3533 4150/4150/3533 4147/4147/3533
f 4151/4151/3534 4152/4152/3534 4153/4153/3534
f 4152/4152/3534 4151/4151/3534 4154/4154/3534
f 4155/4155/3535 4156/4156/3535 4157/4157/3535
f 4156/4156/3535 4155/4155/3535 4158/4158/3535
f 4159/4159/3536 4160/4160/3536 4161/4161/3537
f 4160/4160/3536 4159/4159/3536 4162/4162/3538
f 4163/4163/3539 4164/4164/3539 4165/4165/3539
f 4165/4165/3539 4164/4164/3539 4166/4166/3539
f 4167/4167/3539 4168/4168/3539 4169/4169/3539
f 4170/4170/3539 4169/4169/3539 4168/4168/3539
f 4171/4171/3540 4172/4172/3540 4173/4173/3540
f 4171/4171/3540 4173/4173/3540 4174/4174/3540
f 4175/4175/3541 4176/4176/3541 4177/4177/3541
f 4176/4176/3541 4175/4175/3541 4178/4178/3541
f 4179/4179/3541 4180/4180/3541 4181/4181/3541
f 4180/4180/3541 4179/4179/3541 4182/4182/3541
f 4183/4183/3542 4184/4184/3542 4185/4185/3542
f 4184/4184/3542 4183/4183/3542 4186/4186/3542
f 4187/4187/3543 4188/4188/3543 4189/4189/3543
f 4189/4189/3543 4188/4188/3543 4190/4190/3543
f 4191/4191/3544 4192/4192/3544 4193/4193/3544
f 4191/4191/3544 4193/4193/3544 4194/4194/3544
f 4195/4195/3545 4196/4196/3545 4197/4197/3545
f 4196/4196/3545 4198/4198/3545 4197/4197/3545
f 4199/4199/3546 4200/4200/3546 4201/4201/3546
f 4200/4200/3546 4202/4202/3546 4201/4201/3546
f 4203/4203/3547 4204/4204/3547 4205/4205/3547
f 4204/4204/3547 4206/4206/3547 4205/4205/3547
f 4207/4207/3548 4208/4208/3548 4209/4209/3548
f 4208/4208/3548 4207/4207/3548 4210/4210/3548
f 4211/4211/3549 4212/4212/3549 4213/4213/3549
f 4213/4213/3549 4212/4212/3549 4214/4214/3549
f 4215/4215/3550 4216/4216/3551 4217/4217/3551
f 4217/4217/3551 4216/4216/3551 4218/4218/3552
f 4219/4219/3553 4220/4220/3553 4221/4221/3553
f 4221/4221/3553 4220/4220/3553 4222/4222/3553
f 4223/4223/3554 4224/4224/3554 4225/4225/3554
f 4224/4224/3554 4223/4223/3554 4226/4226/3554
f 4227/4227/3555 4228/4228/3555 4229/4229/3556
f 4228/4228/3555 4227/4227/3555 4230/4230/3557
f 4231/4231/3558 4232/4232/3558 4233/4233/3558
f 4233/4233/3558 4232/4232/3558 4234/4234/3558
f 4235/4235/3559 4236/4236/3559 4237/4237/3559
f 4237/4237/3559 4236/4236/3559 4238/4238/3559
f 4239/4239/3560 4240/4240/3560 4241/4241/3561
f 4240/4240/3560 4239/4239/3560 4242/4242/3562
f 4243/4243/3563 4244/4244/3563 4245/4245/3563
f 4245/4245/3563 4244/4244/3563 4246/4246/3563
f 4247/4247/3564 4248/4248/3564 4249/4249/3564
f 4249/4249/3564 4248/4248/3564 4250/4250/3564
f 4251/4251/3565 4252/4252/3565 4253/4253/3565
f 4253/4253/3565 4252/4252/3565 4254/4254/3565
f 4255/4255/3566 4256/4256/3567 4257/4257/3568
f 4256/4256/3567 4255/4255/3566 4258/4258/3569
f 4259/4259/3570 4260/4260/3570 4261/4261/3571
f 4260/4260/3570 4259/4259/3570 4262/4262/3572
f 4263/4263/3573 4264/4264/3573 4265/4265/3573
f 4264/4264/3573 4266/4266/3573 4265/4265/3573
f 4267/4267/3574 4268/4268/3574 4269/4269/3574
f 4269/4269/3574 4268/4268/3574 4270/4270/3574
f 4271/4271/3575 4272/4272/3575 4273/4273/3575
f 4272/4272/3575 4271/4271/3575 4274/4274/3575
f 4275/4275/3576 4276/4276/3576 4277/4277/3576
f 4276/4276/3576 4278/4278/3576 4277/4277/3576
f 4279/4279/3577 4280/4280/3577 4281/4281/3577
f 4280/4280/3577 4282/4282/3577 4281/4281/3577
f 4283/4283/3578 4284/4284/3578 4285/4285/3579
f 4284/4284/3578 4283/4283/3578 4286/4286/3580
f 4287/4287/3581 4288/4288/3582 4289/4289/3583
f 4288/4288/3582 4287/4287/3581 4290/4290/3584
f 4291/4291/3585 4292/4292/3585 4293/4293/3585
f 4292/4292/3585 4291/4291/3585 4294/4294/3585
f 4295/4295/3586 4296/4296/3586 4297/4297/3587
f 4296/4296/3586 4295/4295/3586 4298/4298/3588
f 4299/4299/3589 4300/4300/3589 4301/4301/3589
f 4300/4300/3589 4299/4299/3589 4302/4302/3589
f 4303/4303/3590 4304/4304/3590 4305/4305/3590
f 4304/4304/3590 4303/4303/3590 4306/4306/3590
f 4307/4307/3591 4308/4308/3591 4309/4309/3591
f 4308/4308/3591 4307/4307/3591 4310/4310/3591
f 4311/4311/3592 4312/4312/3592 4313/4313/3592
f 4312/4312/3592 4311/4311/3592 4314/4314/3592
f 4315/4315/3593 4316/4316/3594 4317/4317/3594
f 4316/4316/3594 4318/4318/3595 4317/4317/3594
f 4319/4319/3596 4320/4320/3597 4321/4321/3597
f 4322/4322/3598 4321/4321/3597 4320/4320/3597
f 4323/4323/3599 4324/4324/3599 4325/4325/3599
f 4324/4324/3599 4323/4323/3599 4326/4326/3599
f 4327/4327/3600 4328/4328/3600 4329/4329/3600
f 4328/4328/3600 4327/4327/3600 4330/4330/3600
f 4331/4331/3601 4332/4332/3601 4333/4333/3601
f 4332/4332/3601 4331/4331/3601 4334/4334/3601
f 4335/4335/3602 4336/4336/3602 4337/4337/3602
f 4336/4336/3602 4335/4335/3602 4338/4338/3602
f 4339/4339/3603 4340/4340/3603 4341/4341/3603
f 4340/4340/3603 4339/4339/3603 4342/4342/3603
f 4343/4343/3604 4344/4344/3604 4345/4345/3604
f 4344/4344/3604 4343/4343/3604 4346/4346/3604
f 4347/4347/3605 4348/4348/3605 4349/4349/3605
f 4349/4349/3605 4350/4350/3605 4347/4347/3605
f 4351/4351/3606 4352/4352/3606 4353/4353/3606
f 4352/4352/3606 4351/4351/3606 4354/4354/3606
f 4355/4355/3607 4356/4356/3607 4357/4357/3607
f 4356/4356/3607 4355/4355/3607 4358/4358/3607
f 4359/4359/3608 4360/4360/3608 4361/4361/3608
f 4360/4360/3608 4359/4359/3608 4362/4362/3608
f 4363/4363/3609 4364/4364/3609 4365/4365/3609
f 4364/4364/3609 4363/4363/3609 4366/4366/3609
f 4367/4367/3610 4368/4368/3610 4369/4369/3610
f 4368/4368/3610 4367/4367/3610 4370/4370/3610
f 4371/4371/3611 4372/4372/3611 4373/4373/3611
f 4371/4371/3611 4373/4373/3611 4374/4374/3611
f 4375/4375/3612 4376/4376/3612 4377/4377/3612
f 4376/4376/3612 4375/4375/3612 4378/4378/3612
f 4379/4379/3613 4380/4380/3613 4381/4381/3613
f 4380/4380/3613 4379/4379/3613 4382/4382/3613
f 4383/4383/3614 4384/4384/3615 4385/4385/3615
f 4385/4385/3615 4384/4384/3615 4386/4386/3615
f 4387/4387/3616 4388/4388/3616 4389/4389/3616
f 4388/4388/3616 4387/4387/3616 4390/4390/3616
f 4391/4391/3617 4392/4392/3617 4393/4393/3617
f 4392/4392/3617 4391/4391/3617 4394/4394/3617
f 4395/4395/3618 4396/4396/3618 4397/4397/3619
f 4396/4396/3618 4395/4395/3618 4398/4398/3620
f 4399/4399/3617 4400/4400/3617 4401/4401/3617
f 4400/4400/3617 4399/4399/3617 4402/4402/3617
f 4403/4403/3621 4404/4404/3621 4405/4405/3621
f 4404/4404/3621 4403/4403/3621 4406/4406/3621
f 4407/4407/3622 4408/4408/3622 4409/4409/3622
f 4409/4409/3622 4410/4410/3622 4407/4407/3622
f 4411/4411/3623 4412/4412/3623 4413/4413/3623
f 4411/4411/3623 4413/4413/3623 4414/4414/3623
f 4415/4415/3624 4416/4416/3624 4417/4417/3624
f 4415/4415/3624 4417/4417/3624 4418/4418/3624
f 4419/4419/3625 4420/4420/3626 4421/4421/3627
f 4420/4420/3626 4419/4419/3625 4422/4422/3628
f 4423/4423/3629 4424/4424/3629 4425/4425/3629
f 4425/4425/3629 4424/4424/3629 4426/4426/3629
f 4427/4427/3630 4428/4428/3630 4429/4429/3630
f 4428/4428/3630 4427/4427/3630 4430/4430/3630
f 4431/4431/3631 4432/4432/3631 4433/4433/3631
f 4432/4432/3631 4431/4431/3631 4434/4434/3631
f 4435/4435/3632 4436/4436/3632 4437/4437/3632
f 4436/4436/3632 4435/4435/3632 4438/4438/3632
f 4439/4439/3633 4440/4440/3633 4441/4441/3633
f 4440/4440/3633 4442/4442/3633 4441/4441/3633
f 4443/4443/3634 4444/4444/3634 4445/4445/3634
f 4444/4444/3634 4443/4443/3634 4446/4446/3634
f 4447/4447/3635 4448/4448/3635 4449/4449/3635
f 4448/4448/3635 4447/4447/3635 4450/4450/3635
f 4451/4451/3636 4452/4452/3637 4453/4453/3636
f 4452/4452/3637 4451/4451/3636 4454/4454/3637
f 4455/4455/3638 4456/4456/3638 4457/4457/3638
f 4456/4456/3638 4455/4455/3638 4458/4458/3638
f 4459/4459/3639 4460/4460/3639 4461/4461/3639
f 4460/4460/3639 4459/4459/3639 4462/4462/3639
f 4463/4463/3640 4464/4464/3640 4465/4465/3640
f 4464/4464/3640 4463/4463/3640 4466/4466/3640
f 4467/4467/3641 4468/4468/3641 4469/4469/3641
f 4468/4468/3641 4467/4467/3641 4470/4470/3641
f 4471/4471/3642 4472/4472/3642 4473/4473/3642
f 4472/4472/3642 4471/4471/3642 4474/4474/3642
f 4475/4475/3643 4476/4476/3643 4477/4477/3643
f 4476/4476/3643 4475/4475/3643 4478/4478/3643
f 4479/4479/3644 4480/4480/3644 4481/4481/3644
f 4480/4480/3644 4479/4479/3644 4482/4482/3644
f 4483/4483/3645 4484/4484/3645 4485/4485/3645
f 4484/4484/3645 4483/4483/3645 4486/4486/3645
f 4487/4487/3646 4488/4488/3646 4489/4489/3646
f 4488/4488/3646 4487/4487/3646 4490/4490/3646
f 4491/4491/3647 4492/4492/3647 4493/4493/3647
f 4492/4492/3647 4491/4491/3647 4494/4494/3647
f 4495/4495/3648 4496/4496/3648 4497/4497/3648
f 4496/4496/3648 4495/4495/3648 4498/4498/3648
f 4499/4499/3649 4500/4500/3649 4501/4501/3649
f 4500/4500/3649 4499/4499/3649 4502/4502/3649
f 4503/4503/3650 4504/4504/3650 4505/4505/3650
f 4505/4505/3650 4506/4506/3650 4503/4503/3650
f 4507/4507/3651 4508/4508/3651 4509/4509/3651
f 4508/4508/3651 4507/4507/3651 4510/4510/3651
f 4511/4511/3652 4512/4512/3652 4513/4513/3652
f 4512/4512/3652 4514/4514/3652 4513/4513/3652
f 4515/4515/3653 4516/4516/3653 4517/4517/3653
f 4516/4516/3653 4515/4515/3653 4518/4518/3653
f 4519/4519/3654 4520/4520/3654 4521/4521/3654
f 4520/4520/3654 4519/4519/3654 4522/4522/3654
f 4523/4523/3655 4524/4524/3655 4525/4525/3655
f 4524/4524/3655 4523/4523/3655 4526/4526/3655
f 4527/4527/3656 4528/4528/3656 4529/4529/3656
f 4528/4528/3656 4527/4527/3656 4530/4530/3656
f 4531/4531/3657 4532/4532/3657 4533/4533/3657
f 4532/4532/3657 4531/4531/3657 4534/4534/3657
f 4535/4535/3658 4536/4536/3659 4537/4537/3660
f 4536/4536/3659 4535/4535/3658 4538/4538/3661
f 4539/4539/3662 4540/4540/3663 4541/4541/3664
f 4540/4540/3663 4539/4539/3662 4542/4542/3665
f 4543/4543/3666 4544/4544/3666 4545/4545/3667
f 4544/4544/3666 4543/4543/3666 4546/4546/3668
f 4547/4547/3669 4548/4548/3670 4549/4549/3671
f 4548/4548/3670 4547/4547/3669 4550/4550/3672
f 4551/4551/3673 4552/4552/3673 4553/4553/3673
f 4552/4552/3673 4551/4551/3673 4554/4554/3673
f 4555/4555/3674 4556/4556/3674 4557/4557/3674
f 4557/4557/3674 4558/4558/3674 4555/4555/3674
f 4559/4559/3675 4560/4560/3675 4561/4561/3675
f 4560/4560/3675 4559/4559/3675 4562/4562/3675
f 4563/4563/3676 4564/4564/3676 4565/4565/3676
f 4563/4563/3676 4565/4565/3676 4566/4566/3676
f 4567/4567/3676 4568/4568/3676 4569/4569/3676
f 4567/4567/3676 4569/4569/3676 4570/4570/3676
f 4571/4571/3677 4572/4572/3677 4573/4573/3677
f 4571/4571/3677 4573/4573/3677 4574/4574/3677
f 4575/4575/3678 4576/4576/3679 4577/4577/3680
f 4575/4575/3678 4577/4577/3680 4578/4578/3681
f 4579/4579/3682 4580/4580/3682 4581/4581/3682
f 4580/4580/3682 4579/4579/3682 4582/4582/3682
f 4583/4583/3683 4584/4584/3684 4585/4585/3684
f 4583/4583/3683 4585/4585/3684 4586/4586/3683
f 4587/4587/3427 4588/4588/3427 4589/4589/3427
f 4588/4588/3427 4587/4587/3427 4590/4590/3427
f 4591/4591/3685 4592/4592/3685 4593/4593/3685
f 4592/4592/3685 4591/4591/3685 4594/4594/3685
f 4595/4595/3685 4596/4596/3685 4597/4597/3685
f 4596/4596/3685 4595/4595/3685 4598/4598/3685
f 4599/4599/3686 4600/4600/3686 4601/4601/3686
f 4600/4600/3686 4602/4602/3686 4601/4601/3686
f 4603/4603/3687 4604/4604/3687 4605/4605/3687
f 4603/4603/3687 4605/4605/3687 4606/4606/3687
f 4607/4607/3688 4608/4608/3688 4609/4609/3688
f 4608/4608/3688 4607/4607/3688 4610/4610/3688
f 4611/4611/3689 4612/4612/3689 4613/4613/3689
f 4611/4611/3689 4614/4614/3689 4612/4612/3689
f 4615/4615/3690 4616/4616/3690 4617/4617/3690
f 4615/4615/3690 4617/4617/3690 4618/4618/3690
f 4619/4619/3691 4620/4620/3691 4621/4621/3691
f 4619/4619/3691 4622/4622/3691 4620/4620/3691
f 4623/4623/3692 4624/4624/3692 4625/4625/3692
f 4624/4624/3692 4623/4623/3692 4626/4626/3692
f 4627/4627/3693 4628/4628/3693 4629/4629/3693
f 4628/4628/3693 4627/4627/3693 4630/4630/3693
f 4631/4631/3693 4632/4632/3693 4633/4633/3693
f 4632/4632/3693 4631/4631/3693 4634/4634/3693
f 4635/4635/3694 4636/4636/3694 4637/4637/3694
f 4636/4636/3694 4635/4635/3694 4638/4638/3694
f 4639/4639/3695 4640/4640/3695 4641/4641/3695
f 4641/4641/3695 4642/4642/3695 4639/4639/3695
f 4643/4643/3696 4644/4644/3697 4645/4645/3698
f 4644/4644/3697 4643/4643/3696 4646/4646/3699
f 4647/4647/3700 4648/4648/3700 4649/4649/3700
f 4648/4648/3700 4647/4647/3700 4650/4650/3700
f 4651/4651/3701 4652/4652/3701 4653/4653/3701
f 4652/4652/3701 4651/4651/3701 4654/4654/3701
f 4655/4655/3702 4656/4656/3702 4657/4657/3702
f 4655/4655/3702 4657/4657/3702 4658/4658/3702
f 4659/4659/3703 4660/4660/3703 4661/4661/3703
f 4660/4660/3703 4659/4659/3703 4662/4662/3703
f 4663/4663/3704 4664/4664/3704 4665/4665/3704
f 4664/4664/3704 4663/4663/3704 4666/4666/3704
f 4667/4667/3705 4668/4668/3705 4669/4669/3705
f 4668/4668/3705 4667/4667/3705 4670/4670/3705
f 4671/4671/3706 4672/4672/3706 4673/4673/3707
f 4672/4672/3706 4671/4671/3706 4674/4674/3706
f 4675/4675/3708 4676/4676/3708 4677/4677/3708
f 4676/4676/3708 4675/4675/3708 4678/4678/3708
f 4679/4679/3709 4680/4680/3709 4681/4681/3709
f 4679/4679/3709 4681/4681/3709 4682/4682/3709
f 4683/4683/3710 4684/4684/3710 4685/4685/3710
f 4683/4683/3710 4685/4685/3710 4686/4686/3710
f 4687/4687/3711 4688/4688/3711 4689/4689/3711
f 4688/4688/3711 4687/4687/3711 4690/4690/3711
f 4691/4691/3710 4692/4692/3710 4693/4693/3710
f 4691/4691/3710 4693/4693/3710 4694/4694/3710
f 4695/4695/3711 4696/4696/3711 4697/4697/3711
f 4696/4696/3711 4695/4695/3711 4698/4698/3711
f 4699/4699/3712 4700/4700/3712 4701/4701/3712
f 4701/4701/3712 4700/4700/3712 4702/4702/3712
f 4703/4703/3713 4704/4704/3713 4705/4705/3713
f 4703/4703/3713 4706/4706/3713 4704/4704/3713
f 4707/4707/3714 4708/4708/3714 4709/4709/3714
f 4708/4708/3714 4707/4707/3714 4710/4710/3714
f 4711/4711/3715 4712/4712/3715 4713/4713/3715
f 4711/4711/3715 4713/4713/3715 4714/4714/3715
f 4715/4715/3716 4716/4716/3717 4717/4717/3718
f 4716/4716/3717 4715/4715/3716 4718/4718/3719
f 4719/4719/3720 4720/4720/3721 4721/4721/3722
f 4719/4719/3720 4722/4722/3723 4720/4720/3721
f 4723/4723/3724 4724/4724/3724 4725/4725/3724
f 4723/4723/3724 4725/4725/3724 4726/4726/3724
f 4727/4727/3725 4728/4728/3725 4729/4729/3725
f 4727/4727/3725 4729/4729/3725 4730/4730/3725
f 4731/4731/3724 4732/4732/3724 4733/4733/3724
f 4731/4731/3724 4733/4733/3724 4734/4734/3724
f 4735/4735/3725 4736/4736/3725 4737/4737/3725
f 4735/4735/3725 4737/4737/3725 4738/4738/3725
f 4739/4739/3726 4740/4740/3726 4741/4741/3726
f 4740/4740/3726 4739/4739/3726 4742/4742/3726
f 4743/4743/3727 4744/4744/3727 4745/4745/3727
f 4744/4744/3727 4743/4743/3727 4746/4746/3727
f 4747/4747/3728 4748/4748/3728 4749/4749/3728
f 4748/4748/3728 4747/4747/3728 4750/4750/3728
f 4751/4751/3727 4752/4752/3727 4753/4753/3727
f 4752/4752/3727 4751/4751/3727 4754/4754/3727
f 4755/4755/3729 4756/4756/3729 4757/4757/3729
f 4756/4756/3729 4755/4755/3729 4758/4758/3729
f 4759/4759/3730 4760/4760/3730 4761/4761/3730
f 4760/4760/3730 4759/4759/3730 4762/4762/3730
f 4763/4763/3731 4764/4764/3731 4765/4765/3731
f 4763/4763/3731 4766/4766/3731 4764/4764/3731
f 4767/4767/3732 4768/4768/3732 4769/4769/3732
f 4769/4769/3732 4768/4768/3732 4770/4770/3732
f 4771/4771/3733 4772/4772/3733 4773/4773/3733
f 4771/4771/3733 4773/4773/3733 4774/4774/3733
f 4775/4775/3693 4776/4776/3693 4777/4777/3693
f 4776/4776/3693 4775/4775/3693 4778/4778/3693
f 4779/4779/3734 4780/4780/3734 4781/4781/3734
f 4779/4779/3734 4781/4781/3734 4782/4782/3734
f 4783/4783/3700 4784/4784/3700 4785/4785/3700
f 4784/4784/3700 4783/4783/3700 4786/4786/3700
f 4787/4787/3700 4788/4788/3700 4789/4789/3700
f 4788/4788/3700 4787/4787/3700 4790/4790/3700
f 4791/4791/3735 4792/4792/3735 4793/4793/3735
f 4792/4792/3735 4791/4791/3735 4794/4794/3735
f 4795/4795/3702 4796/4796/3702 4797/4797/3702
f 4795/4795/3702 4797/4797/3702 4798/4798/3702
f 4799/4799/3702 4800/4800/3702 4801/4801/3702
f 4800/4800/3702 4799/4799/3702 4802/4802/3702
f 4803/4803/3735 4804/4804/3735 4805/4805/3735
f 4804/4804/3735 4803/4803/3735 4806/4806/3735
f 4807/4807/3736 4808/4808/3736 4809/4809/3736
f 4807/4807/3736 4809/4809/3736 4810/4810/3736
f 4811/4811/3737 4812/4812/3737 4813/4813/3737
f 4812/4812/3737 4811/4811/3737 4814/4814/3738
f 4815/4815/3739 4816/4816/3739 4817/4817/3739
f 4816/4816/3739 4815/4815/3739 4818/4818/3739
f 4819/4819/3740 4820/4820/3740 4821/4821/3740
f 4820/4820/3740 4819/4819/3740 4822/4822/3740
f 4823/4823/3740 4824/4824/3740 4825/4825/3740
f 4824/4824/3740 4823/4823/3740 4826/4826/3740
f 4827/4827/3741 4828/4828/3741 4829/4829/3741
f 4828/4828/3741 4827/4827/3741 4830/4830/3741
f 4831/4831/3742 4832/4832/3742 4833/4833/3742
f 4832/4832/3742 4831/4831/3742 4834/4834/3742
f 4835/4835/3743 4836/4836/3743 4837/4837/3743
f 4836/4836/3743 4835/4835/3743 4838/4838/3743
f 4839/4839/3742 4840/4840/3742 4841/4841/3742
f 4840/4840/3742 4839/4839/3742 4842/4842/3742
f 4843/4843/3744 4844/4844/3744 4845/4845/3744
f 4844/4844/3744 4843/4843/3744 4846/4846/3744
f 4847/4847/3745 4848/4848/3745 4849/4849/3745
f 4848/4848/3745 4847/4847/3745 4850/4850/3745
f 4851/4851/3746 4852/4852/3746 4853/4853/3746
f 4851/4851/3746 4853/4853/3746 4854/4854/3746
f 4855/4855/3747 4856/4856/3747 4857/4857/3747
f 4856/4856/3747 4855/4855/3747 4858/4858/3747
f 4859/4859/3748 4860/4860/3748 4861/4861/3748
f 4860/4860/3748 4859/4859/3748 4862/4862/3748
f 4863/4863/3749 4864/4864/3749 4865/4865/3749
f 4864/4864/3749 4863/4863/3749 4866/4866/3749
f 4867/4867/3750 4868/4868/3750 4869/4869/3750
f 4868/4868/3750 4867/4867/3750 4870/4870/3750
f 4871/4871/3751 4872/4872/3751 4873/4873/3751
f 4872/4872/3751 4871/4871/3751 4874/4874/3751
f 4875/4875/3752 4876/4876/3752 4877/4877/3752
f 4875/4875/3752 4877/4877/3752 4878/4878/3752
f 4879/4879/3753 4880/4880/3753 4881/4881/3753
f 4879/4879/3753 4881/4881/3753 4882/4882/3753
f 4883/4883/3754 4884/4884/3754 4885/4885/3754
f 4883/4883/3754 4885/4885/3754 4886/4886/3754
f 4887/4887/3755 4888/4888/3755 4889/4889/3755
f 4887/4887/3755 4890/4890/3755 4888/4888/3755
f 4891/4891/3756 4892/4892/3756 4893/4893/3756
f 4892/4892/3756 4891/4891/3756 4894/4894/3756
f 4895/4895/3757 4896/4896/3757 4897/4897/3757
f 4895/4895/3757 4897/4897/3757 4898/4898/3757
f 4899/4899/3758 4900/4900/3758 4901/4901/3758
f 4900/4900/3758 4899/4899/3758 4902/4902/3758
f 4903/4903/3759 4904/4904/3759 4905/4905/3759
f 4903/4903/3759 4905/4905/3759 4906/4906/3759
f 4907/4907/3760 4908/4908/3760 4909/4909/3760
f 4908/4908/3760 4907/4907/3760 4910/4910/3760
f 4911/4911/3761 4912/4912/3761 4913/4913/3761
f 4912/4912/3761 4911/4911/3761 4914/4914/3761
f 4915/4915/3762 4916/4916/3762 4917/4917/3762
f 4916/4916/3762 4915/4915/3762 4918/4918/3762
f 4919/4919/3763 4920/4920/3763 4921/4921/3763
f 4919/4919/3763 4921/4921/3763 4922/4922/3763
f 4923/4923/3764 4924/4924/3764 4925/4925/3764
f 4924/4924/3764 4923/4923/3764 4926/4926/3764
f 4927/4927/3765 4928/4928/3765 4929/4929/3765
f 4927/4927/3765 4929/4929/3765 4930/4930/3765
f 4931/4931/3766 4932/4932/3766 4933/4933/3766
f 4932/4932/3766 4931/4931/3766 4934/4934/3766
f 4935/4935/3767 4936/4936/3768 4937/4937/3767
f 4937/4937/3767 4938/4938/3769 4935/4935/3767
f 4939/4939/3770 4940/4940/3770 4941/4941/3770
f 4941/4941/3770 4940/4940/3770 4942/4942/3770
f 4943/4943/3770 4944/4944/3770 4945/4945/3770
f 4945/4945/3770 4944/4944/3770 4946/4946/3770
f 4947/4947/3771 4948/4948/3772 4949/4949/3771
f 4947/4947/3771 4949/4949/3771 4950/4950/3773
f 4951/4951/3774 4952/4952/3774 4953/4953/3774
f 4952/4952/3774 4951/4951/3774 4954/4954/3774
f 4955/4955/3775 4956/4956/3775 4957/4957/3775
f 4955/4955/3775 4957/4957/3775 4958/4958/3775
f 4959/4959/3776 4960/4960/3776 4961/4961/3776
f 4960/4960/3776 4959/4959/3776 4962/4962/3776
f 4963/4963/3777 4964/4964/3777 4965/4965/3777
f 4964/4964/3777 4963/4963/3777 4966/4966/3777
f 4967/4967/3775 4968/4968/3775 4969/4969/3775
f 4967/4967/3775 4969/4969/3775 4970/4970/3775
f 4971/4971/3778 4972/4972/3778 4973/4973/3778
f 4972/4972/3778 4971/4971/3778 4974/4974/3778
f 4975/4975/3779 4976/4976/3779 4977/4977/3779
f 4975/4975/3779 4977/4977/3779 4978/4978/3779
f 4979/4979/3780 4980/4980/3780 4981/4981/3780
f 4980/4980/3780 4979/4979/3780 4982/4982/3780
f 4983/4983/3781 4984/4984/3781 4985/4985/3781
f 4984/4984/3781 4983/4983/3781 4986/4986/3781
f 4987/4987/3782 4988/4988/3783 4989/4989/3784
f 4987/4987/3782 4989/4989/3784 4990/4990/3785
f 4991/4991/3786 4992/4992/3786 4993/4993/3786
f 4992/4992/3786 4991/4991/3786 4994/4994/3786
f 4995/4995/3787 4996/4996/3788 4997/4997/3789
f 4995/4995/3787 4997/4997/3789 4998/4998/3790
f 4999/4999/3791 5000/5000/3791 5001/5001/3792
f 5000/5000/3791 4999/4999/3791 5002/5002/3793
f 5003/5003/3787 5004/5004/3788 5005/5005/3789
f 5003/5003/3787 5005/5005/3789 5006/5006/3790
f 5007/5007/3794 5008/5008/3794 5009/5009/3795
f 5008/5008/3794 5007/5007/3794 5010/5010/3796
f 5011/5011/3797 5012/5012/3798 5013/5013/3799
f 5011/5011/3797 5013/5013/3799 5014/5014/3800
f 5015/5015/3776 5016/5016/3776 5017/5017/3776
f 5016/5016/3776 5015/5015/3776 5018/5018/3776
f 5019/5019/3801 5020/5020/3801 5021/5021/3801
f 5020/5020/3801 5019/5019/3801 5022/5022/3801
f 5023/5023/3802 5024/5024/3802 5025/5025/3802
f 5024/5024/3802 5023/5023/3802 5026/5026/3802
f 5027/5027/3802 5028/5028/3802 5029/5029/3802
f 5028/5028/3802 5027/5027/3802 5030/5030/3802
f 5031/5031/3802 5032/5032/3802 5033/5033/3802
f 5032/5032/3802 5031/5031/3802 5034/5034/3802
f 5035/5035/3803 5036/5036/3803 5037/5037/3803
f 5036/5036/3803 5035/5035/3803 5038/5038/3803
f 5039/5039/3804 5040/5040/3804 5041/5041/3804
f 5040/5040/3804 5039/5039/3804 5042/5042/3804
f 5043/5043/3805 5044/5044/3805 5045/5045/3805
f 5044/5044/3805 5043/5043/3805 5046/5046/3805
f 5047/5047/3806 5048/5048/3806 5049/5049/3806
f 5047/5047/3806 5049/5049/3806 5050/5050/3806
f 5051/5051/3807 5052/5052/3807 5053/5053/3807
f 5051/5051/3807 5053/5053/3807 5054/5054/3807
f 5055/5055/3801 5056/5056/3801 5057/5057/3801
f 5056/5056/3801 5055/5055/3801 5058/5058/3801
f 5059/5059/3808 5060/5060/3808 5061/5061/3808
f 5060/5060/3808 5059/5059/3808 5062/5062/3808
f 5063/5063/3809 5064/5064/3809 5065/5065/3809
f 5064/5064/3809 5063/5063/3809 5066/5066/3809
f 5067/5067/3810 5068/5068/3811 5069/5069/3812
f 5068/5068/3811 5067/5067/3810 5070/5070/3813
f 5071/5071/3814 5072/5072/3814 5073/5073/3815
f 5072/5072/3814 5071/5071/3814 5074/5074/3816
f 5075/5075/3817 5076/5076/3818 5077/5077/3817
f 5075/5075/3817 5077/5077/3817 5078/5078/3819
f 5079/5079/3820 5080/5080/3821 5081/5081/3820
f 5081/5081/3820 5082/5082/3822 5079/5079/3820
f 5083/5083/3823 5084/5084/3823 5085/5085/3824
f 5084/5084/3823 5083/5083/3823 5086/5086/3825
f 5087/5087/3826 5088/5088/3827 5089/5089/3828
f 5089/5089/3828 5088/5088/3827 5090/5090/3829
f 5091/5091/3691 5092/5092/3691 5093/5093/3691
f 5091/5091/3691 5094/5094/3691 5092/5092/3691
f 5095/5095/3830 5096/5096/3830 5097/5097/3831
f 5096/5096/3830 5095/5095/3830 5098/5098/3832
f 5099/5099/3833 5100/5100/3833 5101/5101/3833
f 5100/5100/3833 5099/5099/3833 5102/5102/3834
f 5103/5103/3835 5104/5104/3835 5105/5105/3835
f 5104/5104/3835 5103/5103/3835 5106/5106/3835
f 5107/5107/3835 5108/5108/3835 5109/5109/3835
f 5108/5108/3835 5107/5107/3835 5110/5110/3835
f 5111/5111/3836 5112/5112/3836 5113/5113/3836
f 5111/5111/3836 5113/5113/3836 5114/5114/3836
f 5115/5115/3837 5116/5116/3837 5117/5117/3837
f 5116/5116/3837 5115/5115/3837 5118/5118/3837
f 5119/5119/3838 5120/5120/3838 5121/5121/3838
f 5120/5120/3838 5119/5119/3838 5122/5122/3838
f 5123/5123/3839 5124/5124/3839 5125/5125/3840
f 5124/5124/3839 5123/5123/3839 5126/5126/3841
f 5127/5127/3842 5128/5128/3842 5129/5129/3843
f 5128/5128/3842 5127/5127/3842 5130/5130/3844
f 5131/5131/3845 5132/5132/3845 5133/5133/3840
f 5132/5132/3845 5131/5131/3845 5134/5134/3846
f 5135/5135/3842 5136/5136/3842 5137/5137/3843
f 5136/5136/3842 5135/5135/3842 5138/5138/3844
f 5139/5139/3847 5140/5140/3847 5141/5141/3848
f 5140/5140/3847 5139/5139/3847 5142/5142/3849
f 5143/5143/3850 5144/5144/3850 5145/5145/3851
f 5144/5144/3850 5143/5143/3850 5146/5146/3852
f 5147/5147/3853 5148/5148/3853 5149/5149/3854
f 5148/5148/3853 5147/5147/3853 5150/5150/3855
f 5151/5151/3323 5152/5152/3324 5153/5153/3324
f 5152/5152/3324 5154/5154/3325 5153/5153/3324
f 5155/5155/3856 5156/5156/3856 5157/5157/3856
f 5156/5156/3856 5155/5155/3856 5158/5158/3856
f 5159/5159/3857 5160/5160/3857 5161/5161/3857
f 5160/5160/3857 5159/5159/3857 5162/5162/3857
f 5163/5163/3856 5164/5164/3856 5165/5165/3856
f 5164/5164/3856 5163/5163/3856 5166/5166/3856
f 5167/5167/3857 5168/5168/3857 5169/5169/3857
f 5168/5168/3857 5167/5167/3857 5170/5170/3857
f 5171/5171/3856 5172/5172/3856 5173/5173/3856
f 5172/5172/3856 5171/5171/3856 5174/5174/3856
f 5175/5175/3857 5176/5176/3857 5177/5177/3857
f 5176/5176/3857 5175/5175/3857 5178/5178/3857
f 5179/5179/3858 5180/5180/3858 5181/5181/3858
f 5180/5180/3858 5179/5179/3858 5182/5182/3858
f 5183/5183/3857 5184/5184/3857 5185/5185/3857
f 5184/5184/3857 5183/5183/3857 5186/5186/3857
f 5187/5187/3859 5188/5188/3859 5189/5189/3859
f 5188/5188/3859 5187/5187/3859 5190/5190/3859
f 5191/5191/3860 5192/5192/3860 5193/5193/3860
f 5192/5192/3860 5194/5194/3860 5193/5193/3860
f 5195/5195/3861 5196/5196/3861 5197/5197/3861
f 5196/5196/3861 5195/5195/3861 5198/5198/3861
f 5199/5199/3862 5200/5200/3862 5201/5201/3862
f 5200/5200/3862 5199/5199/3862 5202/5202/3862
f 5203/5203/3863 5204/5204/3863 5205/5205/3863
f 5204/5204/3863 5203/5203/3863 5206/5206/3863
f 5207/5207/3864 5208/5208/3864 5209/5209/3864
f 5208/5208/3864 5207/5207/3864 5210/5210/3864
f 5211/5211/3865 5212/5212/3865 5213/5213/3865
f 5212/5212/3865 5211/5211/3865 5214/5214/3865
f 5215/5215/3866 5216/5216/3866 5217/5217/3866
f 5216/5216/3866 5215/5215/3866 5218/5218/3866
f 5219/5219/3867 5220/5220/3867 5221/5221/3867
f 5219/5219/3867 5221/5221/3867 5222/5222/3867
f 5223/5223/3868 5224/5224/3868 5225/5225/3868
f 5223/5223/3868 5225/5225/3868 5226/5226/3868
f 5227/5227/3869 5228/5228/3869 5229/5229/3869
f 5228/5228/3869 5227/5227/3869 5230/5230/3869
f 5231/5231/3870 5232/5232/3870 5233/5233/3870
f 5232/5232/3870 5231/5231/3870 5234/5234/3870
f 5235/5235/3871 5236/5236/3871 5237/5237/3871
f 5236/5236/3871 5235/5235/3871 5238/5238/3871
f 5239/5239/3872 5240/5240/3872 5241/5241/3872
f 5240/5240/3872 5239/5239/3872 5242/5242/3872
f 5243/5243/3873 5244/5244/3873 5245/5245/3873
f 5244/5244/3873 5243/5243/3873 5246/5246/3873
f 5247/5247/3874 5248/5248/3874 5249/5249/3874
f 5248/5248/3874 5247/5247/3874 5250/5250/3874
f 5251/5251/3875 5252/5252/3875 5253/5253/3875
f 5252/5252/3875 5251/5251/3875 5254/5254/3875
f 5255/5255/3876 5256/5256/3876 5257/5257/3876
f 5257/5257/3876 5256/5256/3876 5258/5258/3876
f 5259/5259/3877 5260/5260/3877 5261/5261/3877
f 5261/5261/3877 5260/5260/3877 5262/5262/3877
f 5263/5263/3878 5264/5264/3878 5265/5265/3878
f 5265/5265/3878 5264/5264/3878 5266/5266/3878
f 5267/5267/3879 5268/5268/3879 5269/5269/3879
f 5269/5269/3879 5268/5268/3879 5270/5270/3879
f 5271/5271/3880 5272/5272/3880 5273/5273/3881
f 5272/5272/3880 5271/5271/3880 5274/5274/3882
f 5275/5275/3883 5276/5276/3884 5277/5277/3885
f 5276/5276/3884 5275/5275/3883 5278/5278/3886
f 5279/5279/3887 5280/5280/3887 5281/5281/3887
f 5280/5280/3887 5279/5279/3887 5282/5282/3887
f 5283/5283/3888 5284/5284/3888 5285/5285/3888
f 5284/5284/3888 5283/5283/3888 5286/5286/3888
f 5287/5287/3889 5288/5288/3889 5289/5289/3889
f 5288/5288/3889 5287/5287/3889 5290/5290/3889
f 5291/5291/3890 5292/5292/3890 5293/5293/3890
f 5292/5292/3890 5291/5291/3890 5294/5294/3890
f 5295/5295/3891 5296/5296/3892 5297/5297/3893
f 5295/5295/3891 5297/5297/3893 5298/5298/3894
f 5299/5299/3895 5300/5300/3895 5301/5301/3896
f 5300/5300/3895 5299/5299/3895 5302/5302/3897
f 5303/5303/3898 5304/5304/3899 5305/5305/3900
f 5303/5303/3898 5305/5305/3900 5306/5306/3901
f 5307/5307/3902 5308/5308/3902 5309/5309/3903
f 5308/5308/3902 5307/5307/3902 5310/5310/3904
f 5311/5311/3905 5312/5312/3906 5313/5313/3907
f 5312/5312/3906 5311/5311/3905 5314/5314/3908
f 5315/5315/3887 5316/5316/3887 5317/5317/3887
f 5316/5316/3887 5315/5315/3887 5318/5318/3887
f 5319/5319/3909 5320/5320/3909 5321/5321/3909
f 5320/5320/3909 5319/5319/3909 5322/5322/3909
f 5323/5323/3910 5324/5324/3910 5325/5325/3910
f 5324/5324/3910 5323/5323/3910 5326/5326/3910
f 5327/5327/3911 5328/5328/3911 5329/5329/3911
f 5328/5328/3911 5327/5327/3911 5330/5330/3911
f 5331/5331/3912 5332/5332/3913 5333/5333/3912
f 5331/5331/3912 5333/5333/3912 5334/5334/3914
f 5335/5335/3915 5336/5336/3915 5337/5337/3916
f 5336/5336/3915 5335/5335/3915 5338/5338/3917
f 5339/5339/3918 5340/5340/3919 5341/5341/3920
f 5341/5341/3920 5342/5342/3921 5339/5339/3918
f 5343/5343/3922 5344/5344/3922 5345/5345/3922
f 5344/5344/3922 5343/5343/3922 5346/5346/3922
f 5347/5347/3923 5348/5348/3919 5349/5349/3920
f 5349/5349/3920 5350/5350/3921 5347/5347/3923
f 5351/5351/3924 5352/5352/3924 5353/5353/3925
f 5352/5352/3924 5351/5351/3924 5354/5354/3926
f 5355/5355/3927 5356/5356/3928 5357/5357/3929
f 5355/5355/3927 5357/5357/3929 5358/5358/3930
f 5359/5359/3931 5360/5360/3931 5361/5361/3932
f 5360/5360/3931 5359/5359/3931 5362/5362/3933
f 5363/5363/3934 5364/5364/3935 5365/5365/3934
f 5365/5365/3934 5366/5366/3936 5363/5363/3934
f 5367/5367/3937 5368/5368/3937 5369/5369/3937
f 5367/5367/3937 5369/5369/3937 5370/5370/3937
f 5371/5371/3934 5372/5372/3935 5373/5373/3938
f 5373/5373/3938 5374/5374/3936 5371/5371/3934
f 5375/5375/3939 5376/5376/3939 5377/5377/3940
f 5376/5376/3939 5375/5375/3939 5378/5378/3941
f 5379/5379/3942 5380/5380/3943 5381/5381/3944
f 5380/5380/3943 5379/5379/3942 5382/5382/3945
f 5383/5383/3946 5384/5384/3946 5385/5385/3947
f 5384/5384/3946 5383/5383/3946 5386/5386/3948
f 5387/5387/3949 5388/5388/3950 5389/5389/3951
f 5389/5389/3951 5390/5390/3952 5387/5387/3949
f 5391/5391/3953 5392/5392/3954 5393/5393/3955
f 5392/5392/3954 5391/5391/3953 5394/5394/3956
f 5395/5395/3957 5396/5396/3958 5397/5397/3959
f 5397/5397/3959 5398/5398/3960 5395/5395/3957
f 5399/5399/3961 5400/5400/3961 5401/5401/3962
f 5400/5400/3961 5399/5399/3961 5402/5402/3963
f 5403/5403/3964 5404/5404/3965 5405/5405/3965
f 5404/5404/3965 5406/5406/3966 5405/5405/3965
f 5407/5407/3967 5408/5408/3967 5409/5409/3968
f 5408/5408/3967 5407/5407/3967 5410/5410/3969
f 5411/5411/3970 5412/5412/3971 5413/5413/3972
f 5411/5411/3970 5413/5413/3972 5414/5414/3973
f 5415/5415/3967 5416/5416/3967 5417/5417/3968
f 5416/5416/3967 5415/5415/3967 5418/5418/3969
f 5419/5419/3972 5420/5420/3971 5421/5421/3972
f 5419/5419/3972 5421/5421/3972 5422/5422/3973
f 5423/5423/3974 5424/5424/3975 5425/5425/3976
f 5424/5424/3975 5423/5423/3974 5426/5426/3977
f 5427/5427/3978 5428/5428/3979 5429/5429/3980
f 5427/5427/3978 5429/5429/3980 5430/5430/3981
f 5431/5431/3982 5432/5432/3983 5433/5433/3984
f 5432/5432/3983 5434/5434/3985 5433/5433/3984
f 5435/5435/3986 5436/5436/3987 5437/5437/3988
f 5436/5436/3987 5435/5435/3986 5438/5438/3989
f 5439/5439/3990 5440/5440/3990 5441/5441/3991
f 5440/5440/3990 5439/5439/3990 5442/5442/3992
f 5443/5443/3993 5444/5444/3994 5445/5445/3995
f 5444/5444/3994 5443/5443/3993 5446/5446/3996
f 5447/5447/3997 5448/5448/3997 5449/5449/3998
f 5448/5448/3997 5447/5447/3997 5450/5450/3999
f 5451/5451/4000 5452/5452/4001 5453/5453/4002
f 5452/5452/4001 5454/5454/4003 5453/5453/4002
f 5455/5455/4004 5456/5456/4004 5457/5457/4005
f 5456/5456/4004 5455/5455/4004 5458/5458/4006
f 5459/5459/4007 5460/5460/4008 5461/5461/4009
f 5460/5460/4008 5459/5459/4007 5462/5462/4010
f 5463/5463/3421 5464/5464/3421 5465/5465/3422
f 5464/5464/3421 5463/5463/3421 5466/5466/3423
f 5467/5467/4011 5468/5468/4012 5469/5469/4013
f 5468/5468/4012 5467/5467/4011 5470/5470/4014
f 5471/5471/3421 5472/5472/3421 5473/5473/3422
f 5472/5472/3421 5471/5471/3421 5474/5474/3423
f 5475/5475/4011 5476/5476/4011 5477/5477/4013
f 5476/5476/4011 5475/5475/4011 5478/5478/4014
f 5479/5479/4015 5480/5480/4016 5481/5481/4017
f 5480/5480/4016 5479/5479/4015 5482/5482/4018
f 5483/5483/3424 5484/5484/3424 5485/5485/3425
f 5484/5484/3424 5483/5483/3424 5486/5486/3426
f 5487/5487/4019 5488/5488/4019 5489/5489/4020
f 5488/5488/4019 5487/5487/4019 5490/5490/4021
f 5491/5491/4022 5492/5492/4022 5493/5493/4023
f 5492/5492/4022 5491/5491/4022 5494/5494/4024
f 5495/5495/4025 5496/5496/4025 5497/5497/4026
f 5496/5496/4025 5495/5495/4025 5498/5498/4027
f 5499/5499/4028 5500/5500/4029 5501/5501/4030
f 5500/5500/4029 5499/5499/4028 5502/5502/4031
f 5503/5503/4032 5504/5504/4032 5505/5505/4033
f 5504/5504/4032 5503/5503/4032 5506/5506/4034
f 5507/5507/4035 5508/5508/4036 5509/5509/4037
f 5507/5507/4035 5509/5509/4037 5510/5510/4038
f 5511/5511/4039 5512/5512/4039 5513/5513/4040
f 5512/5512/4039 5511/5511/4039 5514/5514/4041
f 5515/5515/4042 5516/5516/4043 5517/5517/4043
f 5516/5516/4043 5518/5518/4044 5517/5517/4043
f 5519/5519/4045 5520/5520/4045 5521/5521/4046
f 5520/5520/4045 5519/5519/4045 5522/5522/4047
f 5523/5523/4048 5524/5524/4049 5525/5525/4050
f 5525/5525/4050 5526/5526/4051 5523/5523/4048
f 5527/5527/4019 5528/5528/4019 5529/5529/4020
f 5528/5528/4019 5527/5527/4019 5530/5530/4021
f 5531/5531/4022 5532/5532/4022 5533/5533/4052
f 5532/5532/4022 5531/5531/4022 5534/5534/4024
f 5535/5535/4053 5536/5536/4054 5537/5537/4055
f 5536/5536/4054 5535/5535/4053 5538/5538/4056
f 5539/5539/4057 5540/5540/4057 5541/5541/4058
f 5540/5540/4057 5539/5539/4057 5542/5542/4059
f 5543/5543/4060 5544/5544/4060 5545/5545/4061
f 5544/5544/4060 5543/5543/4060 5546/5546/4062
f 5547/5547/4063 5548/5548/4064 5549/5549/4065
f 5548/5548/4064 5547/5547/4063 5550/5550/4066
f 5551/5551/4067 5552/5552/4067 5553/5553/4068
f 5552/5552/4067 5551/5551/4067 5554/5554/4069
f 5555/5555/4070 5556/5556/4071 5557/5557/4070
f 5555/5555/4070 5557/5557/4070 5558/5558/4072
f 5559/5559/4004 5560/5560/4004 5561/5561/4005
f 5560/5560/4004 5559/5559/4004 5562/5562/4006
f 5563/5563/4007 5564/5564/4073 5565/5565/4009
f 5564/5564/4073 5563/5563/4007 5566/5566/4010
f 5567/5567/4074 5568/5568/4075 5569/5569/4076
f 5568/5568/4075 5567/5567/4074 5570/5570/4077
f 5571/5571/4078 5572/5572/4079 5573/5573/4080
f 5572/5572/4079 5571/5571/4078 5574/5574/4081
f 5575/5575/4082 5576/5576/4082 5577/5577/4083
f 5576/5576/4082 5575/5575/4082 5578/5578/4084
f 5579/5579/4085 5580/5580/4085 5581/5581/4086
f 5580/5580/4085 5579/5579/4085 5582/5582/4087
f 5583/5583/4088 5584/5584/4088 5585/5585/4088
f 5584/5584/4088 5583/5583/4088 5586/5586/4088
f 5587/5587/4089 5588/5588/4090 5589/5589/4091
f 5587/5587/4089 5589/5589/4091 5590/5590/4092
f 5591/5591/4093 5592/5592/4093 5593/5593/4093
f 5592/5592/4093 5591/5591/4093 5594/5594/4093
f 5595/5595/4094 5596/5596/4095 5597/5597/4096
f 5595/5595/4094 5597/5597/4096 5598/5598/4097
f 5599/5599/4098 5600/5600/4098 5601/5601/4098
f 5599/5599/4098 5601/5601/4098 5602/5602/4098
f 5603/5603/4099 5604/5604/4100 5605/5605/4099
f 5605/5605/4099 5606/5606/4101 5603/5603/4099
f 5607/5607/4102 5608/5608/4103 5609/5609/4104
f 5608/5608/4103 5607/5607/4102 5610/5610/4105
f 5611/5611/4106 5612/5612/4107 5613/5613/4108
f 5612/5612/4107 5611/5611/4106 5614/5614/4109
f 5615/5615/4110 5616/5616/4110 5617/5617/4110
f 5616/5616/4110 5615/5615/4110 5618/5618/4110
f 5619/5619/4111 5620/5620/4112 5621/5621/4113
f 5619/5619/4111 5621/5621/4113 5622/5622/4114
f 5623/5623/4115 5624/5624/4116 5625/5625/4117
f 5624/5624/4116 5623/5623/4115 5626/5626/4118
f 5627/5627/4119 5628/5628/4120 5629/5629/4120
f 5629/5629/4120 5628/5628/4120 5630/5630/4121
f 5631/5631/4122 5632/5632/4123 5633/5633/4123
f 5634/5634/4124 5633/5633/4123 5632/5632/4123
f 5635/5635/4125 5636/5636/4125 5637/5637/4126
f 5636/5636/4125 5635/5635/4125 5638/5638/4127
f 5639/5639/4128 5640/5640/4128 5641/5641/4129
f 5640/5640/4128 5639/5639/4128 5642/5642/4130
f 5643/5643/4131 5644/5644/4132 5645/5645/4133
f 5644/5644/4132 5643/5643/4131 5646/5646/4134
f 5647/5647/4135 5648/5648/4135 5649/5649/4136
f 5648/5648/4135 5647/5647/4135 5650/5650/4137
f 5651/5651/4138 5652/5652/4139 5653/5653/4140
f 5652/5652/4139 5651/5651/4138 5654/5654/4141
f 5655/5655/4142 5656/5656/4142 5657/5657/4142
f 5656/5656/4142 5655/5655/4142 5658/5658/4142
f 5659/5659/4143 5660/5660/4143 5661/5661/4143
f 5659/5659/4143 5661/5661/4143 5662/5662/4143
f 5663/5663/4144 5664/5664/4145 5665/5665/4146
f 5663/5663/4144 5665/5665/4146 5666/5666/4147
f 5667/5667/4148 5668/5668/4149 5669/5669/4150
f 5668/5668/4149 5667/5667/4148 5670/5670/4151
f 5671/5671/4152 5672/5672/4152 5673/5673/4153
f 5672/5672/4152 5671/5671/4152 5674/5674/4154
f 5675/5675/4155 5676/5676/4155 5677/5677/4156
f 5676/5676/4155 5675/5675/4155 5678/5678/4157
f 5679/5679/4158 5680/5680/4158 5681/5681/4159
f 5680/5680/4158 5679/5679/4158 5682/5682/4160
f 5683/5683/4161 5684/5684/4162 5685/5685/4163
f 5683/5683/4161 5685/5685/4163 5686/5686/4164
f 5687/5687/4165 5688/5688/4165 5689/5689/4165
f 5688/5688/4165 5687/5687/4165 5690/5690/4165
f 5691/5691/4166 5692/5692/4166 5693/5693/4166
f 5692/5692/4166 5691/5691/4166 5694/5694/4166
f 5695/5695/4122 5696/5696/4123 5697/5697/4123
f 5698/5698/4124 5697/5697/4123 5696/5696/4123
f 5699/5699/4167 5700/5700/4125 5701/5701/4126
f 5700/5700/4125 5699/5699/4167 5702/5702/4127
f 5703/5703/4168 5704/5704/4168 5705/5705/4169
f 5704/5704/4168 5703/5703/4168 5706/5706/4170
f 5707/5707/4171 5708/5708/4172 5709/5709/4173
f 5708/5708/4172 5707/5707/4171 5710/5710/4174
f 5711/5711/4175 5712/5712/4175 5713/5713/4175
f 5711/5711/4175 5713/5713/4175 5714/5714/4175
f 5715/5715/4176 5716/5716/4176 5717/5717/4176
f 5716/5716/4176 5715/5715/4176 5718/5718/4176
f 5719/5719/4177 5720/5720/4178 5721/5721/4179
f 5720/5720/4178 5719/5719/4177 5722/5722/4180
f 5723/5723/4181 5724/5724/4182 5725/5725/4183
f 5724/5724/4182 5723/5723/4181 5726/5726/4184
f 5727/5727/4185 5728/5728/4185 5729/5729/4185
f 5728/5728/4185 5727/5727/4185 5730/5730/4185
f 5731/5731/3768 5732/5732/3768 5733/5733/3768
f 5731/5731/3768 5733/5733/3768 5734/5734/3768
f 5735/5735/4186 5736/5736/4187 5737/5737/4188
f 5735/5735/4186 5737/5737/4188 5738/5738/4189
f 5739/5739/4190 5740/5740/4191 5741/5741/4192
f 5741/5741/4192 5742/5742/4193 5739/5739/4190
f 5743/5743/3997 5744/5744/3997 5745/5745/3998
f 5744/5744/3997 5743/5743/3997 5746/5746/3999
f 5747/5747/4000 5748/5748/4194 5749/5749/4194
f 5748/5748/4194 5750/5750/4003 5749/5749/4194
f 5751/5751/4195 5752/5752/4195 5753/5753/4196
f 5752/5752/4195 5751/5751/4195 5754/5754/4197
f 5755/5755/3414 5756/5756/4198 5757/5757/3415
f 5756/5756/4198 5758/5758/3416 5757/5757/3415
f 5759/5759/4195 5760/5760/4195 5761/5761/4196
f 5760/5760/4195 5759/5759/4195 5762/5762/4197
f 5763/5763/3414 5764/5764/3415 5765/5765/3415
f 5764/5764/3415 5766/5766/3416 5765/5765/3415
f 5767/5767/3417 5768/5768/3418 5769/5769/3419
f 5768/5768/3418 5767/5767/3417 5770/5770/3420
f 5771/5771/4199 5772/5772/4200 5773/5773/4201
f 5774/5774/4202 5773/5773/4201 5772/5772/4200
f 5775/5775/4203 5776/5776/4203 5777/5777/4204
f 5776/5776/4203 5775/5775/4203 5778/5778/4205
f 5779/5779/4206 5780/5780/4207 5781/5781/4208
f 5780/5780/4207 5779/5779/4206 5782/5782/4209
f 5783/5783/4210 5784/5784/4211 5785/5785/4212
f 5784/5784/4211 5783/5783/4210 5786/5786/4213
f 5787/5787/4214 5788/5788/4215 5789/5789/4216
f 5788/5788/4215 5787/5787/4214 5790/5790/4217
f 5791/5791/4218 5792/5792/4219 5793/5793/4220
f 5792/5792/4219 5791/5791/4218 5794/5794/4221
f 5795/5795/4222 5796/5796/4223 5797/5797/4223
f 5797/5797/4223 5796/5796/4223 5798/5798/4224
f 5799/5799/4225 5800/5800/4225 5801/5801/4226
f 5800/5800/4225 5799/5799/4225 5802/5802/4227
f 5803/5803/4228 5804/5804/4229 5805/5805/4229
f 5805/5805/4229 5804/5804/4229 5806/5806/4230
f 5807/5807/4231 5808/5808/4231 5809/5809/4232
f 5808/5808/4231 5807/5807/4231 5810/5810/4233
f 5811/5811/4234 5812/5812/4235 5813/5813/4236
f 5812/5812/4235 5811/5811/4234 5814/5814/4237
f 5815/5815/4203 5816/5816/4203 5817/5817/4204
f 5816/5816/4203 5815/5815/4203 5818/5818/4205
f 5819/5819/4206 5820/5820/4206 5821/5821/4238
f 5820/5820/4206 5819/5819/4206 5822/5822/4209
f 5823/5823/4239 5824/5824/4240 5825/5825/4241
f 5824/5824/4240 5823/5823/4239 5826/5826/4242
f 5827/5827/4243 5828/5828/4243 5829/5829/4244
f 5828/5828/4243 5827/5827/4243 5830/5830/4245
f 5831/5831/4246 5832/5832/4246 5833/5833/4247
f 5832/5832/4246 5831/5831/4246 5834/5834/4248
f 5835/5835/4249 5836/5836/4250 5837/5837/4251
f 5836/5836/4250 5835/5835/4249 5838/5838/4252
f 5839/5839/4253 5840/5840/4253 5841/5841/4254
f 5840/5840/4253 5839/5839/4253 5842/5842/4255
f 5843/5843/4256 5844/5844/4257 5845/5845/4257
f 5846/5846/4258 5845/5845/4257 5844/5844/4257
f 5847/5847/3997 5848/5848/3997 5849/5849/3998
f 5848/5848/3997 5847/5847/3997 5850/5850/3999
f 5851/5851/4000 5852/5852/4001 5853/5853/4259
f 5852/5852/4001 5854/5854/4003 5853/5853/4259
f 5855/5855/4260 5856/5856/4261 5857/5857/4262
f 5856/5856/4261 5855/5855/4260 5858/5858/4263
f 5859/5859/4264 5860/5860/4265 5861/5861/4266
f 5860/5860/4265 5859/5859/4264 5862/5862/4267
f 5863/5863/4268 5864/5864/4268 5865/5865/4269
f 5864/5864/4268 5863/5863/4268 5866/5866/4270
f 5867/5867/4271 5868/5868/4272 5869/5869/4272
f 5868/5868/4272 5870/5870/4273 5869/5869/4272
f 5871/5871/4274 5872/5872/4275 5873/5873/4274
f 5871/5871/4274 5873/5873/4274 5874/5874/4276
f 5875/5875/4277 5876/5876/4278 5877/5877/4279
f 5876/5876/4278 5875/5875/4277 5878/5878/4280
f 5879/5879/4281 5880/5880/4281 5881/5881/4282
f 5880/5880/4281 5879/5879/4281 5882/5882/4283
f 5883/5883/3978 5884/5884/3979 5885/5885/3978
f 5883/5883/3978 5885/5885/3978 5886/5886/3981
f 5887/5887/4284 5888/5888/4285 5889/5889/4286
f 5888/5888/4285 5887/5887/4284 5890/5890/4287
f 5891/5891/4288 5892/5892/4289 5893/5893/4290
f 5892/5892/4289 5891/5891/4288 5894/5894/4291
f 5895/5895/4292 5896/5896/4293 5897/5897/4294
f 5896/5896/4293 5895/5895/4292 5898/5898/4295
f 5899/5899/4296 5900/5900/4297 5901/5901/4298
f 5901/5901/4298 5902/5902/4299 5899/5899/4296
f 5903/5903/4300 5904/5904/4300 5905/5905/4300
f 5903/5903/4300 5905/5905/4300 5906/5906/4300
f 5907/5907/4301 5908/5908/4301 5909/5909/4301
f 5907/5907/4301 5909/5909/4301 5910/5910/4301
f 5911/5911/3614 5912/5912/3615 5913/5913/3615
f 5913/5913/3615 5912/5912/3615 5914/5914/3615
f 5915/5915/3618 5916/5916/3618 5917/5917/3619
f 5916/5916/3618 5915/5915/3618 5918/5918/3620
f 5919/5919/3617 5920/5920/3617 5921/5921/3617
f 5920/5920/3617 5919/5919/3617 5922/5922/3617
f 5923/5923/3616 5924/5924/3616 5925/5925/3616
f 5924/5924/3616 5923/5923/3616 5926/5926/3616
f 5927/5927/3631 5928/5928/3631 5929/5929/3631
f 5928/5928/3631 5927/5927/3631 5930/5930/3631
f 5931/5931/4302 5932/5932/4302 5933/5933/4303
f 5932/5932/4302 5931/5931/4302 5934/5934/4304
f 5935/5935/4305 5936/5936/4305 5937/5937/4306
f 5936/5936/4305 5935/5935/4305 5938/5938/4307
f 5939/5939/4308 5940/5940/4308 5941/5941/4309
f 5940/5940/4308 5939/5939/4308 5942/5942/4310
f 5943/5943/4311 5944/5944/4312 5945/5945/4311
f 5945/5945/4311 5946/5946/4313 5943/5943/4311
f 5947/5947/4314 5948/5948/4314 5949/5949/4314
f 5949/5949/4314 5948/5948/4314 5950/5950/4314
f 5951/5951/4315 5952/5952/4315 5953/5953/4315
f 5952/5952/4315 5954/5954/4315 5953/5953/4315
f 5955/5955/4316 5956/5956/4302 5957/5957/4317
f 5956/5956/4302 5955/5955/4316 5958/5958/4304
f 5959/5959/4316 5960/5960/4302 5961/5961/4303
f 5960/5960/4302 5959/5959/4316 5962/5962/4304
f 5963/5963/4318 5964/5964/4319 5965/5965/4319
f 5965/5965/4319 5964/5964/4319 5966/5966/4320
f 5967/5967/4318 5968/5968/4319 5969/5969/4319
f 5969/5969/4319 5968/5968/4319 5970/5970/4321
f 5971/5971/3623 5972/5972/3623 5973/5973/3623
f 5971/5971/3623 5973/5973/3623 5974/5974/3623
f 5975/5975/3622 5976/5976/3622 5977/5977/3622
f 5977/5977/3622 5978/5978/3622 5975/5975/3622
f 5979/5979/3624 5980/5980/3624 5981/5981/3624
f 5979/5979/3624 5981/5981/3624 5982/5982/3624
f 5983/5983/3629 5984/5984/3629 5985/5985/3629
f 5985/5985/3629 5984/5984/3629 5986/5986/3629
f 5987/5987/4322 5988/5988/4323 5989/5989/3626
f 5988/5988/4323 5987/5987/4322 5990/5990/3625
f 5991/5991/4324 5992/5992/4324 5993/5993/4324
f 5992/5992/4324 5991/5991/4324 5994/5994/4324
f 5995/5995/4325 5996/5996/4325 5997/5997/4325
f 5996/5996/4325 5995/5995/4325 5998/5998/4325
f 5999/5999/4326 6000/6000/4326 6001/6001/4326
f 6000/6000/4326 5999/5999/4326 6002/6002/4326
f 6003/6003/4327 6004/6004/4327 6005/6005/4327
f 6004/6004/4327 6003/6003/4327 6006/6006/4327
f 6007/6007/4328 6008/6008/4329 6009/6009/4330
f 6008/6008/4329 6007/6007/4328 6010/6010/4331
f 6011/6011/4332 6012/6012/4332 6013/6013/4332
f 6012/6012/4332 6011/6011/4332 6014/6014/4332
f 6015/6015/4333 6016/6016/4333 6017/6017/4334
f 6016/6016/4333 6015/6015/4333 6018/6018/4335
f 6019/6019/4336 6020/6020/4336 6021/6021/4337
f 6020/6020/4336 6019/6019/4336 6022/6022/4338
f 6023/6023/4339 6024/6024/4339 6025/6025/4339
f 6024/6024/4339 6023/6023/4339 6026/6026/4339
f 6027/6027/4340 6028/6028/4340 6029/6029/4341
f 6028/6028/4340 6027/6027/4340 6030/6030/4342
f 6031/6031/4343 6032/6032/4343 6033/6033/4344
f 6032/6032/4343 6031/6031/4343 6034/6034/4345
f 6035/6035/4346 6036/6036/4346 6037/6037/4346
f 6035/6035/4346 6037/6037/4346 6038/6038/4346
f 6039/6039/4347 6040/6040/4348 6041/6041/4349
f 6040/6040/4348 6039/6039/4347 6042/6042/4350
f 6043/6043/4351 6044/6044/4352 6045/6045/4353
f 6043/6043/4351 6046/6046/4354 6044/6044/4352
f 6047/6047/4355 6048/6048/4355 6049/6049/4356
f 6048/6048/4355 6047/6047/4355 6050/6050/4357
f 6051/6051/4358 6052/6052/4358 6053/6053/4358
f 6052/6052/4358 6051/6051/4358 6054/6054/4358
f 6055/6055/4359 6056/6056/4359 6057/6057/4360
f 6056/6056/4359 6055/6055/4359 6058/6058/4361
f 6059/6059/4362 6060/6060/4362 6061/6061/4362
f 6060/6060/4362 6059/6059/4362 6062/6062/4362
f 6063/6063/4363 6064/6064/4363 6065/6065/4364
f 6064/6064/4363 6063/6063/4363 6066/6066/4365
f 6067/6067/4366 6068/6068/4366 6069/6069/4366
f 6068/6068/4366 6067/6067/4366 6070/6070/4366
f 6071/6071/4367 6072/6072/4368 6073/6073/4369
f 6073/6073/4369 6072/6072/4368 6074/6074/4370
f 6075/6075/4362 6076/6076/4362 6077/6077/4362
f 6076/6076/4362 6075/6075/4362 6078/6078/4362
f 6079/6079/4371 6080/6080/4371 6081/6081/4372
f 6080/6080/4371 6079/6079/4371 6082/6082/4373
f 6083/6083/4374 6084/6084/4374 6085/6085/4374
f 6084/6084/4374 6083/6083/4374 6086/6086/4374
f 6087/6087/4333 6088/6088/4333 6089/6089/4334
f 6088/6088/4333 6087/6087/4333 6090/6090/4335
